{
    "city": 3,
    "initialStart": [
        12.97852,
        55.60241
    ],
    "trips": [
        {
            "summary": {
                "distance": 466.8,
                "duration": 92.3
            },
            "user": {
                "id": 1000,
                "token": "eyJhbGciOiJIUzI1NiIsInR5cCI6IkpXVCJ9.eyJpZCI6MTAwMCwicm9sZSI6InVzZXIiLCJpYXQiOjE3MDQyMDkyMDgsImV4cCI6MTczNTc0NTIwOH0.6FW8Tlpiq24IbFIY1ZzQ4p0CsEPO-IG-t1tYFeChDS0"
            },
            "coords": [
                [
                    12.97852,
                    55.60241
                ],
                [
                    12.9785,
                    55.60242
                ],
                [
                    12.97844,
                    55.60241
                ],
                [
                    12.9784,
                    55.60239
                ],
                [
                    12.97841,
                    55.60236
                ],
                [
                    12.97838,
                    55.6023
                ],
                [
                    12.97839,
                    55.60213
                ],
                [
                    12.97832,
                    55.6021
                ],
                [
                    12.9784,
                    55.60206
                ],
                [
                    12.97843,
                    55.60201
                ],
                [
                    12.97827,
                    55.60193
                ],
                [
                    12.97829,
                    55.60189
                ],
                [
                    12.97835,
                    55.60175
                ],
                [
                    12.97882,
                    55.60074
                ],
                [
                    12.97885,
                    55.60066
                ],
                [
                    12.98067,
                    55.6016
                ],
                [
                    12.98136,
                    55.6012
                ],
                [
                    12.98136,
                    55.60114
                ],
                [
                    12.98147,
                    55.60089
                ]
            ]
        }
    ]
}