{
    "city": 3,
    "initialStart": [
        13.01629,
        55.59644
    ],
    "trips": [
        {
            "summary": {
                "distance": 372.1,
                "duration": 83.9
            },
            "user": {
                "id": 1002,
                "token": "eyJhbGciOiJIUzI1NiIsInR5cCI6IkpXVCJ9.eyJpZCI6MTAwMiwicm9sZSI6InVzZXIiLCJpYXQiOjE3MDQyMDkyMDgsImV4cCI6MTczNTc0NTIwOH0.BSSih0Qo5LjMOKX0q9gaTXcyfLUS2BqDDIBxHEKCLbw"
            },
            "coords": [
                [
                    13.01629,
                    55.59644
                ],
                [
                    13.01619,
                    55.59629
                ],
                [
                    13.01475,
                    55.59658
                ],
                [
                    13.01451,
                    55.59644
                ],
                [
                    13.01419,
                    55.59627
                ],
                [
                    13.01359,
                    55.59593
                ],
                [
                    13.01357,
                    55.59592
                ],
                [
                    13.0135,
                    55.59575
                ],
                [
                    13.01345,
                    55.59572
                ],
                [
                    13.01331,
                    55.59562
                ],
                [
                    13.01327,
                    55.5956
                ],
                [
                    13.01316,
                    55.59552
                ],
                [
                    13.0133,
                    55.59546
                ],
                [
                    13.01343,
                    55.59542
                ],
                [
                    13.01347,
                    55.59527
                ],
                [
                    13.01364,
                    55.59511
                ],
                [
                    13.0137,
                    55.595
                ],
                [
                    13.01334,
                    55.59495
                ],
                [
                    13.01327,
                    55.59491
                ]
            ]
        }
    ]
}