{
    "city": 2,
    "initialStart": [
        11.89851,
        57.65491
    ],
    "trips": [
        {
            "summary": {
                "distance": 294.9,
                "duration": 54.4
            },
            "user": {
                "id": 1014,
                "token": "eyJhbGciOiJIUzI1NiIsInR5cCI6IkpXVCJ9.eyJpZCI6MTAxNCwicm9sZSI6InVzZXIiLCJpYXQiOjE3MDQzNTk0ODEsImV4cCI6MTczNTg5NTQ4MX0.Ia-_pm6dp3oHUYmtrigoy2YmUGzy7gSGpOutDCRcTzk"
            },
            "coords": [
                [
                    11.89851,
                    57.65491
                ],
                [
                    11.89832,
                    57.6551
                ],
                [
                    11.89868,
                    57.6552
                ],
                [
                    11.89853,
                    57.65528
                ],
                [
                    11.89766,
                    57.65577
                ],
                [
                    11.89776,
                    57.65585
                ],
                [
                    11.89775,
                    57.6559
                ],
                [
                    11.8974,
                    57.6561
                ],
                [
                    11.89721,
                    57.65618
                ],
                [
                    11.89711,
                    57.65619
                ],
                [
                    11.89635,
                    57.6562
                ],
                [
                    11.8963,
                    57.65621
                ],
                [
                    11.89611,
                    57.65627
                ],
                [
                    11.89583,
                    57.6565
                ]
            ]
        }
    ]
}