{
    "city": 2,
    "initialStart": [
        11.9158,
        57.64921
    ],
    "trips": [
        {
            "summary": {
                "distance": 514.1,
                "duration": 94.4
            },
            "user": {
                "id": 1015,
                "token": "eyJhbGciOiJIUzI1NiIsInR5cCI6IkpXVCJ9.eyJpZCI6MTAxNSwicm9sZSI6InVzZXIiLCJpYXQiOjE3MDQzNTk0ODIsImV4cCI6MTczNTg5NTQ4Mn0.8ioRgRKCRyPZfVrCY6vr_0GcAd-6Rn6x1O8uWGo3rXQ"
            },
            "coords": [
                [
                    11.9158,
                    57.64921
                ],
                [
                    11.91648,
                    57.64922
                ],
                [
                    11.91656,
                    57.64922
                ],
                [
                    11.91673,
                    57.6492
                ],
                [
                    11.91703,
                    57.64914
                ],
                [
                    11.91711,
                    57.64911
                ],
                [
                    11.91717,
                    57.6491
                ],
                [
                    11.91732,
                    57.64911
                ],
                [
                    11.91743,
                    57.64915
                ],
                [
                    11.91748,
                    57.64919
                ],
                [
                    11.91766,
                    57.64925
                ],
                [
                    11.91759,
                    57.64937
                ],
                [
                    11.91755,
                    57.64946
                ],
                [
                    11.91675,
                    57.64945
                ],
                [
                    11.91598,
                    57.64947
                ],
                [
                    11.91561,
                    57.64952
                ],
                [
                    11.91547,
                    57.64957
                ],
                [
                    11.91536,
                    57.64964
                ],
                [
                    11.91532,
                    57.64969
                ],
                [
                    11.91529,
                    57.64979
                ],
                [
                    11.91529,
                    57.65026
                ],
                [
                    11.91535,
                    57.65037
                ],
                [
                    11.91548,
                    57.6505
                ],
                [
                    11.9155,
                    57.65057
                ],
                [
                    11.91546,
                    57.65066
                ],
                [
                    11.91533,
                    57.65078
                ],
                [
                    11.91547,
                    57.65077
                ],
                [
                    11.91562,
                    57.65064
                ],
                [
                    11.91567,
                    57.65061
                ],
                [
                    11.91577,
                    57.65059
                ],
                [
                    11.91581,
                    57.65102
                ],
                [
                    11.91582,
                    57.65119
                ]
            ]
        }
    ]
}