{
    "city": 2,
    "initialStart": [
        11.91917,
        57.73444
    ],
    "trips": [
        {
            "summary": {
                "distance": 1083.9,
                "duration": 230.6
            },
            "user": {
                "id": 1020,
                "token": "eyJhbGciOiJIUzI1NiIsInR5cCI6IkpXVCJ9.eyJpZCI6MTAyMCwicm9sZSI6InVzZXIiLCJpYXQiOjE3MDQzNTk0ODMsImV4cCI6MTczNTg5NTQ4M30.imwdeOphZ-ibBKi4T96r5Ha274FtafMkMSI9m0JZ5oA"
            },
            "coords": [
                [
                    11.91917,
                    57.73444
                ],
                [
                    11.91948,
                    57.73438
                ],
                [
                    11.91964,
                    57.73437
                ],
                [
                    11.91981,
                    57.7344
                ],
                [
                    11.91993,
                    57.73435
                ],
                [
                    11.92014,
                    57.73431
                ],
                [
                    11.92052,
                    57.73433
                ],
                [
                    11.9208,
                    57.73427
                ],
                [
                    11.92107,
                    57.73423
                ],
                [
                    11.92124,
                    57.73418
                ],
                [
                    11.92151,
                    57.73415
                ],
                [
                    11.92174,
                    57.73409
                ],
                [
                    11.92191,
                    57.73397
                ],
                [
                    11.92199,
                    57.7337
                ],
                [
                    11.92195,
                    57.73359
                ],
                [
                    11.92198,
                    57.73353
                ],
                [
                    11.92206,
                    57.73348
                ],
                [
                    11.92209,
                    57.73339
                ],
                [
                    11.92241,
                    57.73322
                ],
                [
                    11.92236,
                    57.73314
                ],
                [
                    11.92235,
                    57.73306
                ],
                [
                    11.92239,
                    57.733
                ],
                [
                    11.92258,
                    57.73298
                ],
                [
                    11.92281,
                    57.73289
                ],
                [
                    11.92303,
                    57.73289
                ],
                [
                    11.92334,
                    57.73293
                ],
                [
                    11.92336,
                    57.73269
                ],
                [
                    11.92343,
                    57.73256
                ],
                [
                    11.92348,
                    57.73238
                ],
                [
                    11.9235,
                    57.7323
                ],
                [
                    11.92338,
                    57.73203
                ],
                [
                    11.9241,
                    57.73194
                ],
                [
                    11.9241,
                    57.73191
                ],
                [
                    11.92266,
                    57.73209
                ],
                [
                    11.92238,
                    57.73209
                ],
                [
                    11.92208,
                    57.73205
                ],
                [
                    11.92191,
                    57.732
                ],
                [
                    11.92136,
                    57.7318
                ],
                [
                    11.92027,
                    57.73124
                ],
                [
                    11.92011,
                    57.73115
                ],
                [
                    11.9198,
                    57.73133
                ],
                [
                    11.91913,
                    57.73172
                ],
                [
                    11.91885,
                    57.73188
                ],
                [
                    11.91788,
                    57.73241
                ],
                [
                    11.91734,
                    57.73273
                ],
                [
                    11.91692,
                    57.73297
                ],
                [
                    11.91714,
                    57.73307
                ]
            ]
        }
    ]
}