{
    "city": 2,
    "initialStart": [
        11.92086,
        57.66738
    ],
    "trips": [
        {
            "summary": {
                "distance": 676.8,
                "duration": 155.1
            },
            "user": {
                "id": 1024,
                "token": "eyJhbGciOiJIUzI1NiIsInR5cCI6IkpXVCJ9.eyJpZCI6MTAyNCwicm9sZSI6InVzZXIiLCJpYXQiOjE3MDQzNTk0ODQsImV4cCI6MTczNTg5NTQ4NH0.u3JG5ZyekwaRRq1C2xkOUPJagoVfC8OIvpK4WJnEPPQ"
            },
            "coords": [
                [
                    11.92086,
                    57.66738
                ],
                [
                    11.92086,
                    57.66731
                ],
                [
                    11.92117,
                    57.66731
                ],
                [
                    11.92117,
                    57.66776
                ],
                [
                    11.92122,
                    57.6678
                ],
                [
                    11.92121,
                    57.66786
                ],
                [
                    11.92121,
                    57.66802
                ],
                [
                    11.9212,
                    57.66818
                ],
                [
                    11.92174,
                    57.66817
                ],
                [
                    11.92208,
                    57.6681
                ],
                [
                    11.92229,
                    57.668
                ],
                [
                    11.92236,
                    57.66796
                ],
                [
                    11.92256,
                    57.66772
                ],
                [
                    11.92267,
                    57.6676
                ],
                [
                    11.92279,
                    57.66745
                ],
                [
                    11.92289,
                    57.66732
                ],
                [
                    11.92301,
                    57.66718
                ],
                [
                    11.9231,
                    57.66714
                ],
                [
                    11.92319,
                    57.66712
                ],
                [
                    11.92335,
                    57.66713
                ],
                [
                    11.92353,
                    57.66714
                ],
                [
                    11.92341,
                    57.66746
                ],
                [
                    11.92347,
                    57.66767
                ],
                [
                    11.92364,
                    57.66789
                ],
                [
                    11.92373,
                    57.66795
                ],
                [
                    11.92396,
                    57.66806
                ],
                [
                    11.92415,
                    57.66813
                ],
                [
                    11.92436,
                    57.66816
                ],
                [
                    11.92461,
                    57.66817
                ],
                [
                    11.92488,
                    57.66813
                ],
                [
                    11.92512,
                    57.66806
                ],
                [
                    11.92525,
                    57.66799
                ],
                [
                    11.92561,
                    57.66765
                ],
                [
                    11.92532,
                    57.66754
                ],
                [
                    11.92523,
                    57.66744
                ],
                [
                    11.92483,
                    57.66722
                ],
                [
                    11.92482,
                    57.66757
                ]
            ]
        }
    ]
}