{
    "city": 2,
    "initialStart": [
        11.97921,
        57.68953
    ],
    "trips": [
        {
            "summary": {
                "distance": 732.6,
                "duration": 135.2
            },
            "user": {
                "id": 1026,
                "token": "eyJhbGciOiJIUzI1NiIsInR5cCI6IkpXVCJ9.eyJpZCI6MTAyNiwicm9sZSI6InVzZXIiLCJpYXQiOjE3MDQzNTk0ODQsImV4cCI6MTczNTg5NTQ4NH0.6rbLmIyOc4ksuRYSuedoVs0NTGaAISlFuyhmIcvuErI"
            },
            "coords": [
                [
                    11.97921,
                    57.68953
                ],
                [
                    11.97933,
                    57.68941
                ],
                [
                    11.9794,
                    57.68932
                ],
                [
                    11.97948,
                    57.68924
                ],
                [
                    11.97959,
                    57.68912
                ],
                [
                    11.9797,
                    57.68898
                ],
                [
                    11.97981,
                    57.68885
                ],
                [
                    11.97993,
                    57.68873
                ],
                [
                    11.98005,
                    57.6886
                ],
                [
                    11.98012,
                    57.68852
                ],
                [
                    11.9802,
                    57.68843
                ],
                [
                    11.98031,
                    57.68829
                ],
                [
                    11.98037,
                    57.68822
                ],
                [
                    11.98042,
                    57.68817
                ],
                [
                    11.98054,
                    57.68804
                ],
                [
                    11.98064,
                    57.68791
                ],
                [
                    11.98067,
                    57.68789
                ],
                [
                    11.98073,
                    57.68783
                ],
                [
                    11.9808,
                    57.68775
                ],
                [
                    11.98091,
                    57.68763
                ],
                [
                    11.98104,
                    57.68747
                ],
                [
                    11.98099,
                    57.68734
                ],
                [
                    11.98113,
                    57.68713
                ],
                [
                    11.98099,
                    57.68709
                ],
                [
                    11.98004,
                    57.68684
                ],
                [
                    11.97958,
                    57.68671
                ],
                [
                    11.97943,
                    57.68665
                ],
                [
                    11.97935,
                    57.68658
                ],
                [
                    11.97934,
                    57.68645
                ],
                [
                    11.9794,
                    57.68598
                ],
                [
                    11.97937,
                    57.68587
                ],
                [
                    11.97933,
                    57.68583
                ],
                [
                    11.97922,
                    57.68575
                ],
                [
                    11.97915,
                    57.68572
                ],
                [
                    11.97899,
                    57.68568
                ],
                [
                    11.97893,
                    57.68574
                ],
                [
                    11.97882,
                    57.68587
                ],
                [
                    11.97833,
                    57.68648
                ],
                [
                    11.97776,
                    57.68721
                ],
                [
                    11.97759,
                    57.68717
                ],
                [
                    11.97745,
                    57.68713
                ]
            ]
        }
    ]
}