{
    "city": 2,
    "initialStart": [
        11.99439,
        57.73443
    ],
    "trips": [
        {
            "summary": {
                "distance": 2553.5,
                "duration": 436.8
            },
            "user": {
                "id": 1028,
                "token": "eyJhbGciOiJIUzI1NiIsInR5cCI6IkpXVCJ9.eyJpZCI6MTAyOCwicm9sZSI6InVzZXIiLCJpYXQiOjE3MDQzNTk0ODUsImV4cCI6MTczNTg5NTQ4NX0.sg57lNPR3AKpnfCJNpykXaDhD0FVIAo89ax0oevfvtY"
            },
            "coords": [
                [
                    11.99439,
                    57.73443
                ],
                [
                    11.99187,
                    57.7348
                ],
                [
                    11.99158,
                    57.73426
                ],
                [
                    11.9914,
                    57.73409
                ],
                [
                    11.99128,
                    57.73403
                ],
                [
                    11.99119,
                    57.73401
                ],
                [
                    11.99096,
                    57.73402
                ],
                [
                    11.98771,
                    57.7345
                ],
                [
                    11.98711,
                    57.73459
                ],
                [
                    11.98702,
                    57.73436
                ],
                [
                    11.98678,
                    57.7336
                ],
                [
                    11.98676,
                    57.73334
                ],
                [
                    11.98679,
                    57.73272
                ],
                [
                    11.98699,
                    57.73271
                ],
                [
                    11.98697,
                    57.73262
                ],
                [
                    11.98691,
                    57.73256
                ],
                [
                    11.98691,
                    57.73217
                ],
                [
                    11.98688,
                    57.73199
                ],
                [
                    11.98677,
                    57.73171
                ],
                [
                    11.98665,
                    57.73145
                ],
                [
                    11.98666,
                    57.7314
                ],
                [
                    11.98681,
                    57.73122
                ],
                [
                    11.9868,
                    57.73115
                ],
                [
                    11.98676,
                    57.73107
                ],
                [
                    11.98672,
                    57.73101
                ],
                [
                    11.98696,
                    57.73101
                ],
                [
                    11.98891,
                    57.7307
                ],
                [
                    11.98899,
                    57.73068
                ],
                [
                    11.98911,
                    57.73062
                ],
                [
                    11.9894,
                    57.73046
                ],
                [
                    11.98953,
                    57.73039
                ],
                [
                    11.98967,
                    57.7304
                ],
                [
                    11.98979,
                    57.73041
                ],
                [
                    11.98994,
                    57.73042
                ],
                [
                    11.9902,
                    57.72957
                ],
                [
                    11.99036,
                    57.72948
                ],
                [
                    11.9908,
                    57.72944
                ],
                [
                    11.99152,
                    57.72937
                ],
                [
                    11.99221,
                    57.72932
                ],
                [
                    11.99312,
                    57.72916
                ],
                [
                    11.99427,
                    57.72894
                ],
                [
                    11.99482,
                    57.72884
                ],
                [
                    11.99608,
                    57.72857
                ],
                [
                    11.99718,
                    57.72832
                ],
                [
                    11.99763,
                    57.729
                ],
                [
                    11.99782,
                    57.7292
                ],
                [
                    11.99826,
                    57.72983
                ],
                [
                    11.99866,
                    57.73043
                ],
                [
                    11.99912,
                    57.73106
                ],
                [
                    11.99924,
                    57.73103
                ],
                [
                    11.99982,
                    57.73185
                ],
                [
                    12.00041,
                    57.73265
                ],
                [
                    12.00055,
                    57.73284
                ],
                [
                    12.00058,
                    57.7329
                ],
                [
                    12.00089,
                    57.73333
                ],
                [
                    12.00117,
                    57.73372
                ],
                [
                    12.00161,
                    57.73437
                ],
                [
                    12.00142,
                    57.73441
                ],
                [
                    12.00119,
                    57.73445
                ],
                [
                    12.00091,
                    57.7345
                ],
                [
                    11.99995,
                    57.73465
                ],
                [
                    11.99914,
                    57.73479
                ]
            ]
        }
    ]
}