{
    "city": 2,
    "initialStart": [
        11.8838,
        57.66596
    ],
    "trips": [
        {
            "summary": {
                "distance": 1153.6,
                "duration": 301.4
            },
            "user": {
                "id": 1030,
                "token": "eyJhbGciOiJIUzI1NiIsInR5cCI6IkpXVCJ9.eyJpZCI6MTAzMCwicm9sZSI6InVzZXIiLCJpYXQiOjE3MDQzNTk0ODUsImV4cCI6MTczNTg5NTQ4NX0.9L5cldZGNkJ_6wuL3rRJS_whqnkW-LXXLoAtoqWWM4o"
            },
            "coords": [
                [
                    11.8838,
                    57.66596
                ],
                [
                    11.88401,
                    57.66572
                ],
                [
                    11.88417,
                    57.66545
                ],
                [
                    11.88431,
                    57.66532
                ],
                [
                    11.88451,
                    57.66522
                ],
                [
                    11.88487,
                    57.66519
                ],
                [
                    11.88567,
                    57.66531
                ],
                [
                    11.88581,
                    57.66511
                ],
                [
                    11.88617,
                    57.6647
                ],
                [
                    11.88632,
                    57.66468
                ],
                [
                    11.88641,
                    57.66463
                ],
                [
                    11.88672,
                    57.66472
                ],
                [
                    11.88688,
                    57.66473
                ],
                [
                    11.88757,
                    57.66467
                ],
                [
                    11.88765,
                    57.66467
                ],
                [
                    11.88775,
                    57.66476
                ],
                [
                    11.88791,
                    57.6648
                ],
                [
                    11.88851,
                    57.66474
                ],
                [
                    11.8887,
                    57.66459
                ],
                [
                    11.88875,
                    57.66435
                ],
                [
                    11.88888,
                    57.66414
                ],
                [
                    11.88908,
                    57.66403
                ],
                [
                    11.88949,
                    57.6638
                ],
                [
                    11.88947,
                    57.66389
                ],
                [
                    11.8895,
                    57.66401
                ],
                [
                    11.88966,
                    57.66432
                ],
                [
                    11.88917,
                    57.66562
                ],
                [
                    11.88889,
                    57.66667
                ],
                [
                    11.88875,
                    57.66693
                ],
                [
                    11.88819,
                    57.66758
                ],
                [
                    11.88779,
                    57.66831
                ],
                [
                    11.88748,
                    57.66837
                ],
                [
                    11.88674,
                    57.66832
                ],
                [
                    11.88696,
                    57.66823
                ],
                [
                    11.88721,
                    57.6682
                ],
                [
                    11.8873,
                    57.66816
                ],
                [
                    11.88725,
                    57.6681
                ],
                [
                    11.8871,
                    57.66805
                ]
            ]
        }
    ]
}