{
    "city": 2,
    "initialStart": [
        11.99158,
        57.72239
    ],
    "trips": [
        {
            "summary": {
                "distance": 718.9,
                "duration": 207.6
            },
            "user": {
                "id": 1032,
                "token": "eyJhbGciOiJIUzI1NiIsInR5cCI6IkpXVCJ9.eyJpZCI6MTAzMiwicm9sZSI6InVzZXIiLCJpYXQiOjE3MDQzNTk0ODUsImV4cCI6MTczNTg5NTQ4NX0.jHhgREe7nAFXTJw_dlFDq9d0O1xyJsfGGPWqUCG7EtI"
            },
            "coords": [
                [
                    11.99158,
                    57.72239
                ],
                [
                    11.99279,
                    57.72262
                ],
                [
                    11.99281,
                    57.72262
                ],
                [
                    11.99303,
                    57.72261
                ],
                [
                    11.99311,
                    57.72272
                ],
                [
                    11.9932,
                    57.72276
                ],
                [
                    11.99361,
                    57.7233
                ],
                [
                    11.99424,
                    57.72414
                ],
                [
                    11.99444,
                    57.72443
                ],
                [
                    11.99505,
                    57.72529
                ],
                [
                    11.99496,
                    57.72531
                ],
                [
                    11.995,
                    57.72537
                ],
                [
                    11.99326,
                    57.72576
                ],
                [
                    11.99269,
                    57.72589
                ],
                [
                    11.99237,
                    57.72595
                ],
                [
                    11.99163,
                    57.7249
                ]
            ]
        }
    ]
}