{
    "city": 2,
    "initialStart": [
        11.91241,
        57.66064
    ],
    "trips": [
        {
            "summary": {
                "distance": 564.3,
                "duration": 102.2
            },
            "user": {
                "id": 1036,
                "token": "eyJhbGciOiJIUzI1NiIsInR5cCI6IkpXVCJ9.eyJpZCI6MTAzNiwicm9sZSI6InVzZXIiLCJpYXQiOjE3MDQzNTk0ODYsImV4cCI6MTczNTg5NTQ4Nn0.WWCtLg1urs5ayn_zA5iDXLJZZuQYyUfpLUaDR0sKan4"
            },
            "coords": [
                [
                    11.91241,
                    57.66064
                ],
                [
                    11.91241,
                    57.66067
                ],
                [
                    11.91228,
                    57.66069
                ],
                [
                    11.91196,
                    57.6608
                ],
                [
                    11.91183,
                    57.66067
                ],
                [
                    11.91175,
                    57.66049
                ],
                [
                    11.91173,
                    57.66033
                ],
                [
                    11.91178,
                    57.66015
                ],
                [
                    11.91181,
                    57.66011
                ],
                [
                    11.91183,
                    57.66008
                ],
                [
                    11.91189,
                    57.65988
                ],
                [
                    11.91188,
                    57.65967
                ],
                [
                    11.91188,
                    57.65958
                ],
                [
                    11.91191,
                    57.65953
                ],
                [
                    11.91203,
                    57.65948
                ],
                [
                    11.91279,
                    57.65948
                ],
                [
                    11.9129,
                    57.65944
                ],
                [
                    11.913,
                    57.6595
                ],
                [
                    11.91299,
                    57.65962
                ],
                [
                    11.91299,
                    57.65992
                ],
                [
                    11.91306,
                    57.65997
                ],
                [
                    11.9133,
                    57.65998
                ],
                [
                    11.91476,
                    57.65998
                ],
                [
                    11.91515,
                    57.65997
                ],
                [
                    11.91531,
                    57.65997
                ],
                [
                    11.91532,
                    57.65967
                ],
                [
                    11.9153,
                    57.65915
                ],
                [
                    11.91565,
                    57.6594
                ]
            ]
        }
    ]
}