{
    "city": 2,
    "initialStart": [
        11.88726,
        57.69862
    ],
    "trips": [
        {
            "summary": {
                "distance": 582.8,
                "duration": 96.2
            },
            "user": {
                "id": 1040,
                "token": "eyJhbGciOiJIUzI1NiIsInR5cCI6IkpXVCJ9.eyJpZCI6MTA0MCwicm9sZSI6InVzZXIiLCJpYXQiOjE3MDQzNTk0ODcsImV4cCI6MTczNTg5NTQ4N30.laKSI0rCDJMGG6u6wbGf4bTUvLM8eJL6OhxZEVm0QrU"
            },
            "coords": [
                [
                    11.88726,
                    57.69862
                ],
                [
                    11.89153,
                    57.69842
                ],
                [
                    11.89186,
                    57.69843
                ],
                [
                    11.89223,
                    57.69852
                ],
                [
                    11.89258,
                    57.69864
                ],
                [
                    11.89269,
                    57.69871
                ],
                [
                    11.89285,
                    57.69879
                ],
                [
                    11.89301,
                    57.69885
                ],
                [
                    11.89306,
                    57.6989
                ],
                [
                    11.89306,
                    57.69897
                ],
                [
                    11.89297,
                    57.69906
                ],
                [
                    11.89303,
                    57.69912
                ],
                [
                    11.89308,
                    57.6993
                ],
                [
                    11.8931,
                    57.69936
                ],
                [
                    11.89312,
                    57.69946
                ],
                [
                    11.89313,
                    57.69959
                ],
                [
                    11.89305,
                    57.69985
                ],
                [
                    11.89332,
                    57.70023
                ],
                [
                    11.8934,
                    57.70038
                ],
                [
                    11.89344,
                    57.70054
                ],
                [
                    11.8934,
                    57.7006
                ],
                [
                    11.89302,
                    57.70061
                ]
            ]
        }
    ]
}