{
    "city": 2,
    "initialStart": [
        11.91646,
        57.70119
    ],
    "trips": [
        {
            "summary": {
                "distance": 503.8,
                "duration": 90.7
            },
            "user": {
                "id": 1041,
                "token": "eyJhbGciOiJIUzI1NiIsInR5cCI6IkpXVCJ9.eyJpZCI6MTA0MSwicm9sZSI6InVzZXIiLCJpYXQiOjE3MDQzNTk0ODgsImV4cCI6MTczNTg5NTQ4OH0.lpyGrZXUxuHG-irBC3wxfUBXHeRg1v76INiL5voMhzM"
            },
            "coords": [
                [
                    11.91646,
                    57.70119
                ],
                [
                    11.9162,
                    57.70112
                ],
                [
                    11.91613,
                    57.70122
                ],
                [
                    11.91583,
                    57.7017
                ],
                [
                    11.91574,
                    57.70185
                ],
                [
                    11.91609,
                    57.70186
                ],
                [
                    11.91689,
                    57.70199
                ],
                [
                    11.91794,
                    57.70216
                ],
                [
                    11.91891,
                    57.70232
                ],
                [
                    11.9191,
                    57.70236
                ],
                [
                    11.91938,
                    57.70246
                ],
                [
                    11.91953,
                    57.70253
                ],
                [
                    11.9197,
                    57.70263
                ],
                [
                    11.91983,
                    57.70275
                ],
                [
                    11.91991,
                    57.70286
                ],
                [
                    11.91999,
                    57.70306
                ],
                [
                    11.91999,
                    57.7033
                ],
                [
                    11.91985,
                    57.7033
                ],
                [
                    11.9198,
                    57.70346
                ],
                [
                    11.91945,
                    57.70342
                ],
                [
                    11.91948,
                    57.70336
                ],
                [
                    11.91949,
                    57.70325
                ],
                [
                    11.91949,
                    57.70323
                ]
            ]
        }
    ]
}