{
    "city": 2,
    "initialStart": [
        11.95056,
        57.68876
    ],
    "trips": [
        {
            "summary": {
                "distance": 422.4,
                "duration": 84.6
            },
            "user": {
                "id": 1044,
                "token": "eyJhbGciOiJIUzI1NiIsInR5cCI6IkpXVCJ9.eyJpZCI6MTA0NCwicm9sZSI6InVzZXIiLCJpYXQiOjE3MDQzNTk0ODgsImV4cCI6MTczNTg5NTQ4OH0.hLbtvZFQgc4bAo7YNUnCFkjHPAcJMoL9G0GwrYjSZtA"
            },
            "coords": [
                [
                    11.95056,
                    57.68876
                ],
                [
                    11.95063,
                    57.68874
                ],
                [
                    11.95069,
                    57.68903
                ],
                [
                    11.95125,
                    57.69014
                ],
                [
                    11.95138,
                    57.69038
                ],
                [
                    11.9514,
                    57.69041
                ],
                [
                    11.95178,
                    57.69036
                ],
                [
                    11.95197,
                    57.69034
                ],
                [
                    11.9521,
                    57.69032
                ],
                [
                    11.95264,
                    57.69024
                ],
                [
                    11.9527,
                    57.69031
                ],
                [
                    11.95279,
                    57.69039
                ],
                [
                    11.95285,
                    57.69047
                ],
                [
                    11.95291,
                    57.69048
                ],
                [
                    11.95295,
                    57.69051
                ],
                [
                    11.95307,
                    57.69048
                ],
                [
                    11.95324,
                    57.69045
                ],
                [
                    11.95341,
                    57.69042
                ],
                [
                    11.95353,
                    57.69039
                ],
                [
                    11.95355,
                    57.69031
                ],
                [
                    11.95362,
                    57.69025
                ],
                [
                    11.95361,
                    57.6902
                ],
                [
                    11.95379,
                    57.69017
                ],
                [
                    11.95377,
                    57.69013
                ],
                [
                    11.95415,
                    57.69008
                ],
                [
                    11.9544,
                    57.69007
                ]
            ]
        }
    ]
}