{
    "city": 2,
    "initialStart": [
        11.99087,
        57.68289
    ],
    "trips": [
        {
            "summary": {
                "distance": 488.4,
                "duration": 86.2
            },
            "user": {
                "id": 1045,
                "token": "eyJhbGciOiJIUzI1NiIsInR5cCI6IkpXVCJ9.eyJpZCI6MTA0NSwicm9sZSI6InVzZXIiLCJpYXQiOjE3MDQzNTk0ODgsImV4cCI6MTczNTg5NTQ4OH0.-w2U8phY_S3y6Z3naZl4PUW-1DWJXzl7jufaIpu78Hs"
            },
            "coords": [
                [
                    11.99087,
                    57.68289
                ],
                [
                    11.99091,
                    57.6829
                ],
                [
                    11.99092,
                    57.68296
                ],
                [
                    11.99098,
                    57.68296
                ],
                [
                    11.99093,
                    57.68308
                ],
                [
                    11.9908,
                    57.68347
                ],
                [
                    11.99078,
                    57.68352
                ],
                [
                    11.99069,
                    57.68358
                ],
                [
                    11.9906,
                    57.68387
                ],
                [
                    11.99036,
                    57.68439
                ],
                [
                    11.99018,
                    57.68489
                ],
                [
                    11.98993,
                    57.68489
                ],
                [
                    11.98925,
                    57.68487
                ],
                [
                    11.98884,
                    57.68487
                ],
                [
                    11.98865,
                    57.68485
                ],
                [
                    11.9885,
                    57.68478
                ],
                [
                    11.98795,
                    57.68441
                ],
                [
                    11.98763,
                    57.68419
                ],
                [
                    11.98768,
                    57.68416
                ],
                [
                    11.98791,
                    57.6836
                ]
            ]
        }
    ]
}