{
    "city": 2,
    "initialStart": [
        11.93724,
        57.69771
    ],
    "trips": [
        {
            "summary": {
                "distance": 1152.6,
                "duration": 200.8
            },
            "user": {
                "id": 1047,
                "token": "eyJhbGciOiJIUzI1NiIsInR5cCI6IkpXVCJ9.eyJpZCI6MTA0Nywicm9sZSI6InVzZXIiLCJpYXQiOjE3MDQzNTk0ODksImV4cCI6MTczNTg5NTQ4OX0.BvXgnU8v4nJd9_yoHn_kbAfbEs2gNkKNHghszGHBrdc"
            },
            "coords": [
                [
                    11.93724,
                    57.69771
                ],
                [
                    11.93717,
                    57.6976
                ],
                [
                    11.93718,
                    57.69738
                ],
                [
                    11.93786,
                    57.69739
                ],
                [
                    11.93794,
                    57.69735
                ],
                [
                    11.93801,
                    57.69723
                ],
                [
                    11.938,
                    57.69716
                ],
                [
                    11.93795,
                    57.69706
                ],
                [
                    11.93777,
                    57.69669
                ],
                [
                    11.93871,
                    57.69635
                ],
                [
                    11.93898,
                    57.69656
                ],
                [
                    11.93926,
                    57.69686
                ],
                [
                    11.93937,
                    57.69711
                ],
                [
                    11.93937,
                    57.69724
                ],
                [
                    11.93934,
                    57.69743
                ],
                [
                    11.9392,
                    57.69766
                ],
                [
                    11.939,
                    57.69786
                ],
                [
                    11.93881,
                    57.69799
                ],
                [
                    11.9386,
                    57.69809
                ],
                [
                    11.93834,
                    57.69818
                ],
                [
                    11.93785,
                    57.6983
                ],
                [
                    11.93757,
                    57.69839
                ],
                [
                    11.93719,
                    57.69857
                ],
                [
                    11.93709,
                    57.69865
                ],
                [
                    11.9369,
                    57.69885
                ],
                [
                    11.93679,
                    57.69892
                ],
                [
                    11.93655,
                    57.69898
                ],
                [
                    11.9362,
                    57.69898
                ],
                [
                    11.93607,
                    57.69896
                ],
                [
                    11.93599,
                    57.69891
                ],
                [
                    11.93593,
                    57.69883
                ],
                [
                    11.93595,
                    57.69859
                ],
                [
                    11.93591,
                    57.69852
                ],
                [
                    11.93583,
                    57.69847
                ],
                [
                    11.93578,
                    57.69845
                ],
                [
                    11.93513,
                    57.69842
                ],
                [
                    11.93492,
                    57.69843
                ],
                [
                    11.93477,
                    57.69842
                ],
                [
                    11.9346,
                    57.69892
                ],
                [
                    11.93459,
                    57.69896
                ],
                [
                    11.93472,
                    57.69901
                ],
                [
                    11.93481,
                    57.6991
                ],
                [
                    11.93505,
                    57.69914
                ],
                [
                    11.93653,
                    57.69941
                ],
                [
                    11.93667,
                    57.69942
                ],
                [
                    11.93693,
                    57.69941
                ],
                [
                    11.93746,
                    57.69932
                ],
                [
                    11.93843,
                    57.6992
                ],
                [
                    11.93845,
                    57.69925
                ],
                [
                    11.93847,
                    57.69932
                ],
                [
                    11.93848,
                    57.69935
                ],
                [
                    11.9387,
                    57.69938
                ],
                [
                    11.93863,
                    57.69944
                ],
                [
                    11.93863,
                    57.69952
                ],
                [
                    11.93867,
                    57.69968
                ],
                [
                    11.9387,
                    57.69973
                ],
                [
                    11.93861,
                    57.69974
                ],
                [
                    11.93861,
                    57.69977
                ]
            ]
        }
    ]
}