{
    "city": 2,
    "initialStart": [
        11.90071,
        57.67172
    ],
    "trips": [
        {
            "summary": {
                "distance": 458.1,
                "duration": 117.5
            },
            "user": {
                "id": 1057,
                "token": "eyJhbGciOiJIUzI1NiIsInR5cCI6IkpXVCJ9.eyJpZCI6MTA1Nywicm9sZSI6InVzZXIiLCJpYXQiOjE3MDQzNTk1NTEsImV4cCI6MTczNTg5NTU1MX0._Tcgfo0h1-CAOdYTy5DnYEEaXszb2e9m7Xnz29AHPHk"
            },
            "coords": [
                [
                    11.90071,
                    57.67172
                ],
                [
                    11.90054,
                    57.67176
                ],
                [
                    11.90048,
                    57.6718
                ],
                [
                    11.9004,
                    57.67182
                ],
                [
                    11.90033,
                    57.67182
                ],
                [
                    11.90034,
                    57.67185
                ],
                [
                    11.90026,
                    57.67184
                ],
                [
                    11.90018,
                    57.67186
                ],
                [
                    11.89992,
                    57.67194
                ],
                [
                    11.89963,
                    57.67194
                ],
                [
                    11.89929,
                    57.67178
                ],
                [
                    11.89919,
                    57.67176
                ],
                [
                    11.89921,
                    57.67173
                ],
                [
                    11.89914,
                    57.67169
                ],
                [
                    11.89904,
                    57.67167
                ],
                [
                    11.89882,
                    57.67169
                ],
                [
                    11.89874,
                    57.67169
                ],
                [
                    11.89863,
                    57.67167
                ],
                [
                    11.89843,
                    57.67161
                ],
                [
                    11.8984,
                    57.67171
                ],
                [
                    11.89832,
                    57.67174
                ],
                [
                    11.89759,
                    57.67184
                ],
                [
                    11.89731,
                    57.67194
                ],
                [
                    11.8969,
                    57.67199
                ],
                [
                    11.89721,
                    57.67103
                ],
                [
                    11.89712,
                    57.67102
                ],
                [
                    11.89726,
                    57.67049
                ],
                [
                    11.89703,
                    57.67048
                ]
            ]
        }
    ]
}