{
    "city": 1,
    "initialStart": [
        18.0627,
        59.33105
    ],
    "trips": [
        {
            "summary": {
                "distance": 475.8,
                "duration": 110.4
            },
            "user": {
                "id": 106,
                "token": "eyJhbGciOiJIUzI1NiIsInR5cCI6IkpXVCJ9.eyJpZCI6MTA2LCJyb2xlIjoidXNlciIsImlhdCI6MTcwMjg5MDM1NSwiZXhwIjoxNzM0NDI2MzU1fQ.O-f8oo7SbgYgpu1cEn_fl4BSxArbA9QDfgOyiT0LQcM"
            },
            "coords": [
                [
                    18.0627,
                    59.33105
                ],
                [
                    18.06279,
                    59.33102
                ],
                [
                    18.06292,
                    59.33105
                ],
                [
                    18.06252,
                    59.33144
                ],
                [
                    18.06217,
                    59.33177
                ],
                [
                    18.06218,
                    59.33181
                ],
                [
                    18.06204,
                    59.33195
                ],
                [
                    18.0617,
                    59.33186
                ],
                [
                    18.06166,
                    59.3319
                ],
                [
                    18.06269,
                    59.33215
                ],
                [
                    18.06282,
                    59.33223
                ],
                [
                    18.06301,
                    59.33228
                ],
                [
                    18.06396,
                    59.33251
                ],
                [
                    18.06416,
                    59.33253
                ],
                [
                    18.0644,
                    59.33252
                ],
                [
                    18.0646,
                    59.33245
                ],
                [
                    18.06494,
                    59.33232
                ],
                [
                    18.06505,
                    59.33231
                ],
                [
                    18.06521,
                    59.33231
                ],
                [
                    18.06541,
                    59.33234
                ],
                [
                    18.06565,
                    59.33241
                ],
                [
                    18.06581,
                    59.33245
                ],
                [
                    18.06586,
                    59.33248
                ],
                [
                    18.0659,
                    59.33248
                ],
                [
                    18.06592,
                    59.33245
                ],
                [
                    18.06594,
                    59.33242
                ],
                [
                    18.06615,
                    59.33243
                ],
                [
                    18.06673,
                    59.33246
                ]
            ]
        }
    ]
}