{
    "city": 2,
    "initialStart": [
        11.94646,
        57.73568
    ],
    "trips": [
        {
            "summary": {
                "distance": 310.4,
                "duration": 63.7
            },
            "user": {
                "id": 1063,
                "token": "eyJhbGciOiJIUzI1NiIsInR5cCI6IkpXVCJ9.eyJpZCI6MTA2Mywicm9sZSI6InVzZXIiLCJpYXQiOjE3MDQzNTk1NTMsImV4cCI6MTczNTg5NTU1M30.k0bZfFbzwv_Jh8kSKE8DA7R1eiz8K82FLXPw_OYQsv8"
            },
            "coords": [
                [
                    11.94646,
                    57.73568
                ],
                [
                    11.94649,
                    57.73542
                ],
                [
                    11.94653,
                    57.73538
                ],
                [
                    11.94665,
                    57.73532
                ],
                [
                    11.9468,
                    57.7353
                ],
                [
                    11.94782,
                    57.73529
                ],
                [
                    11.94782,
                    57.7352
                ],
                [
                    11.94781,
                    57.73489
                ],
                [
                    11.9478,
                    57.73439
                ],
                [
                    11.94791,
                    57.73438
                ],
                [
                    11.94811,
                    57.73438
                ],
                [
                    11.94866,
                    57.73437
                ],
                [
                    11.94876,
                    57.73434
                ],
                [
                    11.94876,
                    57.734
                ]
            ]
        }
    ]
}