{
    "city": 2,
    "initialStart": [
        11.8975,
        57.67187
    ],
    "trips": [
        {
            "summary": {
                "distance": 2964.5,
                "duration": 485.1
            },
            "user": {
                "id": 1065,
                "token": "eyJhbGciOiJIUzI1NiIsInR5cCI6IkpXVCJ9.eyJpZCI6MTA2NSwicm9sZSI6InVzZXIiLCJpYXQiOjE3MDQzNTk1NTMsImV4cCI6MTczNTg5NTU1M30.jCPUSQcUk1ioOZdxSs1Zm56DfAZdZaZjyq9NL3g6Yv4"
            },
            "coords": [
                [
                    11.8975,
                    57.67187
                ],
                [
                    11.89731,
                    57.67194
                ],
                [
                    11.8969,
                    57.67199
                ],
                [
                    11.89721,
                    57.67103
                ],
                [
                    11.89738,
                    57.67034
                ],
                [
                    11.89741,
                    57.67004
                ],
                [
                    11.89748,
                    57.6694
                ],
                [
                    11.89747,
                    57.66931
                ],
                [
                    11.89739,
                    57.6674
                ],
                [
                    11.8974,
                    57.66706
                ],
                [
                    11.89742,
                    57.66671
                ],
                [
                    11.89742,
                    57.66655
                ],
                [
                    11.89744,
                    57.66539
                ],
                [
                    11.89745,
                    57.66492
                ],
                [
                    11.8974,
                    57.66463
                ],
                [
                    11.89743,
                    57.66418
                ],
                [
                    11.89742,
                    57.66407
                ],
                [
                    11.89741,
                    57.66322
                ],
                [
                    11.89746,
                    57.66312
                ],
                [
                    11.89805,
                    57.66222
                ],
                [
                    11.89788,
                    57.66222
                ],
                [
                    11.89774,
                    57.66222
                ],
                [
                    11.89762,
                    57.66217
                ],
                [
                    11.89739,
                    57.66211
                ],
                [
                    11.89636,
                    57.6619
                ],
                [
                    11.8962,
                    57.6619
                ],
                [
                    11.8961,
                    57.66192
                ],
                [
                    11.89593,
                    57.66189
                ],
                [
                    11.89598,
                    57.66183
                ],
                [
                    11.89471,
                    57.66162
                ],
                [
                    11.89324,
                    57.66131
                ],
                [
                    11.8931,
                    57.6613
                ],
                [
                    11.89297,
                    57.66131
                ],
                [
                    11.89278,
                    57.66134
                ],
                [
                    11.89268,
                    57.66139
                ],
                [
                    11.89216,
                    57.66179
                ],
                [
                    11.89182,
                    57.66217
                ],
                [
                    11.8908,
                    57.66339
                ],
                [
                    11.89056,
                    57.66385
                ],
                [
                    11.89047,
                    57.66403
                ],
                [
                    11.89024,
                    57.66447
                ],
                [
                    11.88996,
                    57.66504
                ],
                [
                    11.88963,
                    57.66589
                ],
                [
                    11.88956,
                    57.66616
                ],
                [
                    11.8895,
                    57.66644
                ],
                [
                    11.88948,
                    57.66693
                ],
                [
                    11.88953,
                    57.6674
                ],
                [
                    11.88962,
                    57.66775
                ],
                [
                    11.88971,
                    57.66804
                ],
                [
                    11.8901,
                    57.66875
                ],
                [
                    11.89049,
                    57.66922
                ],
                [
                    11.89463,
                    57.67363
                ],
                [
                    11.89471,
                    57.67374
                ]
            ]
        }
    ]
}