{
    "city": 2,
    "initialStart": [
        12.00927,
        57.70025
    ],
    "trips": [
        {
            "summary": {
                "distance": 358.6,
                "duration": 60
            },
            "user": {
                "id": 1068,
                "token": "eyJhbGciOiJIUzI1NiIsInR5cCI6IkpXVCJ9.eyJpZCI6MTA2OCwicm9sZSI6InVzZXIiLCJpYXQiOjE3MDQzNTk1NTQsImV4cCI6MTczNTg5NTU1NH0.1maKXEMpGjiKcauJdi4-1WRZTB71YjI0Ng5fdyDNI9I"
            },
            "coords": [
                [
                    12.00927,
                    57.70025
                ],
                [
                    12.00928,
                    57.70036
                ],
                [
                    12.00935,
                    57.70037
                ],
                [
                    12.00946,
                    57.70037
                ],
                [
                    12.00946,
                    57.7005
                ],
                [
                    12.00948,
                    57.70071
                ],
                [
                    12.0095,
                    57.70109
                ],
                [
                    12.0095,
                    57.70128
                ],
                [
                    12.00951,
                    57.70152
                ],
                [
                    12.00952,
                    57.70164
                ],
                [
                    12.00959,
                    57.70174
                ],
                [
                    12.00946,
                    57.70176
                ],
                [
                    12.00892,
                    57.70182
                ],
                [
                    12.00886,
                    57.70183
                ],
                [
                    12.00884,
                    57.70183
                ],
                [
                    12.00855,
                    57.70187
                ],
                [
                    12.00815,
                    57.70188
                ],
                [
                    12.00788,
                    57.70188
                ],
                [
                    12.00753,
                    57.70187
                ],
                [
                    12.00712,
                    57.70186
                ],
                [
                    12.00703,
                    57.70193
                ],
                [
                    12.00702,
                    57.70197
                ],
                [
                    12.00706,
                    57.70202
                ],
                [
                    12.00696,
                    57.70197
                ],
                [
                    12.00688,
                    57.70201
                ]
            ]
        }
    ]
}