{
    "city": 2,
    "initialStart": [
        11.89934,
        57.65857
    ],
    "trips": [
        {
            "summary": {
                "distance": 3927.2,
                "duration": 644.8
            },
            "user": {
                "id": 1070,
                "token": "eyJhbGciOiJIUzI1NiIsInR5cCI6IkpXVCJ9.eyJpZCI6MTA3MCwicm9sZSI6InVzZXIiLCJpYXQiOjE3MDQzNTk1NTQsImV4cCI6MTczNTg5NTU1NH0.IAvN4qDrlo6vcUd3_lHc8dipJsoUW73ahcRWl99K9BI"
            },
            "coords": [
                [
                    11.89934,
                    57.65857
                ],
                [
                    11.89932,
                    57.65859
                ],
                [
                    11.8991,
                    57.65886
                ],
                [
                    11.89889,
                    57.6592
                ],
                [
                    11.89901,
                    57.6592
                ],
                [
                    11.89884,
                    57.66023
                ],
                [
                    11.89872,
                    57.66082
                ],
                [
                    11.89857,
                    57.6614
                ],
                [
                    11.89848,
                    57.66162
                ],
                [
                    11.89828,
                    57.6619
                ],
                [
                    11.89805,
                    57.66222
                ],
                [
                    11.89746,
                    57.66312
                ],
                [
                    11.89741,
                    57.66322
                ],
                [
                    11.89742,
                    57.66407
                ],
                [
                    11.89732,
                    57.66407
                ],
                [
                    11.89732,
                    57.6642
                ],
                [
                    11.89688,
                    57.6642
                ],
                [
                    11.89659,
                    57.6642
                ],
                [
                    11.89569,
                    57.6642
                ],
                [
                    11.89554,
                    57.66422
                ],
                [
                    11.89541,
                    57.66419
                ],
                [
                    11.89425,
                    57.6642
                ],
                [
                    11.89373,
                    57.6642
                ],
                [
                    11.89363,
                    57.66419
                ],
                [
                    11.89342,
                    57.66414
                ],
                [
                    11.89301,
                    57.66388
                ],
                [
                    11.89292,
                    57.66385
                ],
                [
                    11.89257,
                    57.66378
                ],
                [
                    11.8923,
                    57.66367
                ],
                [
                    11.8922,
                    57.66363
                ],
                [
                    11.8921,
                    57.66363
                ],
                [
                    11.89173,
                    57.66365
                ],
                [
                    11.89125,
                    57.66362
                ],
                [
                    11.89115,
                    57.66364
                ],
                [
                    11.89107,
                    57.66367
                ],
                [
                    11.89102,
                    57.66373
                ],
                [
                    11.89092,
                    57.66398
                ],
                [
                    11.89087,
                    57.664
                ],
                [
                    11.8908,
                    57.664
                ],
                [
                    11.88975,
                    57.66384
                ],
                [
                    11.88949,
                    57.6638
                ],
                [
                    11.88947,
                    57.66389
                ],
                [
                    11.8895,
                    57.66401
                ],
                [
                    11.88966,
                    57.66432
                ],
                [
                    11.88917,
                    57.66562
                ],
                [
                    11.88889,
                    57.66667
                ],
                [
                    11.88875,
                    57.66693
                ],
                [
                    11.88819,
                    57.66758
                ],
                [
                    11.88779,
                    57.66831
                ],
                [
                    11.88716,
                    57.66917
                ],
                [
                    11.88666,
                    57.66975
                ],
                [
                    11.88617,
                    57.67028
                ],
                [
                    11.88524,
                    57.67118
                ],
                [
                    11.88439,
                    57.67194
                ],
                [
                    11.88385,
                    57.67235
                ],
                [
                    11.88363,
                    57.67249
                ],
                [
                    11.88355,
                    57.67252
                ],
                [
                    11.88347,
                    57.67257
                ],
                [
                    11.88363,
                    57.67265
                ],
                [
                    11.88376,
                    57.67254
                ],
                [
                    11.88456,
                    57.67191
                ],
                [
                    11.88513,
                    57.6714
                ],
                [
                    11.8859,
                    57.67068
                ],
                [
                    11.88664,
                    57.6699
                ],
                [
                    11.8872,
                    57.66925
                ],
                [
                    11.88788,
                    57.66835
                ],
                [
                    11.88797,
                    57.6682
                ],
                [
                    11.88818,
                    57.66773
                ],
                [
                    11.88829,
                    57.66758
                ],
                [
                    11.88894,
                    57.66685
                ],
                [
                    11.8894,
                    57.66568
                ],
                [
                    11.88954,
                    57.66557
                ],
                [
                    11.88982,
                    57.66489
                ],
                [
                    11.89026,
                    57.66399
                ],
                [
                    11.89032,
                    57.66388
                ],
                [
                    11.89072,
                    57.66308
                ],
                [
                    11.89116,
                    57.66239
                ],
                [
                    11.89121,
                    57.66232
                ],
                [
