{
    "city": 2,
    "initialStart": [
        11.90222,
        57.65643
    ],
    "trips": [
        {
            "summary": {
                "distance": 574,
                "duration": 109.8
            },
            "user": {
                "id": 1073,
                "token": "eyJhbGciOiJIUzI1NiIsInR5cCI6IkpXVCJ9.eyJpZCI6MTA3Mywicm9sZSI6InVzZXIiLCJpYXQiOjE3MDQzNTk1NTUsImV4cCI6MTczNTg5NTU1NX0.3ltv9hg9tcBKjozdWIOnQJ8ZqeUNhDF_02BWOxdcths"
            },
            "coords": [
                [
                    11.90222,
                    57.65643
                ],
                [
                    11.90237,
                    57.65646
                ],
                [
                    11.90272,
                    57.65648
                ],
                [
                    11.90276,
                    57.65633
                ],
                [
                    11.90281,
                    57.65618
                ],
                [
                    11.90285,
                    57.65605
                ],
                [
                    11.9029,
                    57.6559
                ],
                [
                    11.90297,
                    57.65574
                ],
                [
                    11.903,
                    57.6556
                ],
                [
                    11.90303,
                    57.65552
                ],
                [
                    11.90305,
                    57.65542
                ],
                [
                    11.90309,
                    57.65525
                ],
                [
                    11.90313,
                    57.65521
                ],
                [
                    11.90319,
                    57.65518
                ],
                [
                    11.90325,
                    57.65518
                ],
                [
                    11.90546,
                    57.65536
                ],
                [
                    11.90544,
                    57.65544
                ],
                [
                    11.90536,
                    57.65567
                ],
                [
                    11.90533,
                    57.65576
                ],
                [
                    11.90528,
                    57.65592
                ],
                [
                    11.90524,
                    57.65603
                ],
                [
                    11.90513,
                    57.65642
                ],
                [
                    11.9051,
                    57.65648
                ],
                [
                    11.90508,
                    57.65655
                ],
                [
                    11.905,
                    57.65684
                ],
                [
                    11.90491,
                    57.65717
                ],
                [
                    11.90533,
                    57.65721
                ],
                [
                    11.90538,
                    57.65706
                ],
                [
                    11.90557,
                    57.65711
                ]
            ]
        }
    ]
}