{
    "city": 2,
    "initialStart": [
        11.92121,
        57.7102
    ],
    "trips": [
        {
            "summary": {
                "distance": 484.4,
                "duration": 79.9
            },
            "user": {
                "id": 1082,
                "token": "eyJhbGciOiJIUzI1NiIsInR5cCI6IkpXVCJ9.eyJpZCI6MTA4Miwicm9sZSI6InVzZXIiLCJpYXQiOjE3MDQzNTk1NTcsImV4cCI6MTczNTg5NTU1N30.2bWLQhvPQZYEH6FEFzctRc4ohil2-gR6z14j8EVt1hw"
            },
            "coords": [
                [
                    11.92121,
                    57.7102
                ],
                [
                    11.9211,
                    57.71022
                ],
                [
                    11.92094,
                    57.71025
                ],
                [
                    11.92076,
                    57.71028
                ],
                [
                    11.92037,
                    57.71033
                ],
                [
                    11.9202,
                    57.71031
                ],
                [
                    11.92024,
                    57.71021
                ],
                [
                    11.92007,
                    57.70984
                ],
                [
                    11.92143,
                    57.70986
                ],
                [
                    11.92207,
                    57.70989
                ],
                [
                    11.92216,
                    57.7099
                ],
                [
                    11.92217,
                    57.70987
                ],
                [
                    11.92215,
                    57.70979
                ],
                [
                    11.92235,
                    57.70975
                ],
                [
                    11.92238,
                    57.70969
                ],
                [
                    11.92244,
                    57.70965
                ],
                [
                    11.92253,
                    57.70962
                ],
                [
                    11.92268,
                    57.70962
                ],
                [
                    11.92277,
                    57.70964
                ],
                [
                    11.9237,
                    57.70975
                ],
                [
                    11.92404,
                    57.70975
                ],
                [
                    11.9244,
                    57.70973
                ],
                [
                    11.92477,
                    57.70967
                ],
                [
                    11.92549,
                    57.70952
                ],
                [
                    11.92577,
                    57.70946
                ]
            ]
        }
    ]
}