{
    "city": 2,
    "initialStart": [
        11.98009,
        57.68753
    ],
    "trips": [
        {
            "summary": {
                "distance": 331.2,
                "duration": 55.8
            },
            "user": {
                "id": 1084,
                "token": "eyJhbGciOiJIUzI1NiIsInR5cCI6IkpXVCJ9.eyJpZCI6MTA4NCwicm9sZSI6InVzZXIiLCJpYXQiOjE3MDQzNTk1NTgsImV4cCI6MTczNTg5NTU1OH0.1zqu7uC37vX2OoSSSQz3CXt599T7ipsJORfJPXkXYZw"
            },
            "coords": [
                [
                    11.98009,
                    57.68753
                ],
                [
                    11.98002,
                    57.68771
                ],
                [
                    11.98008,
                    57.68776
                ],
                [
                    11.97997,
                    57.68777
                ],
                [
                    11.97991,
                    57.68781
                ],
                [
                    11.97975,
                    57.68798
                ],
                [
                    11.97942,
                    57.68836
                ],
                [
                    11.97936,
                    57.68843
                ],
                [
                    11.97899,
                    57.68834
                ],
                [
                    11.97785,
                    57.68806
                ],
                [
                    11.9778,
                    57.68805
                ],
                [
                    11.97746,
                    57.68843
                ],
                [
                    11.977,
                    57.68898
                ]
            ]
        }
    ]
}