{
    "city": 2,
    "initialStart": [
        11.8904,
        57.72418
    ],
    "trips": [
        {
            "summary": {
                "distance": 868,
                "duration": 157.3
            },
            "user": {
                "id": 1086,
                "token": "eyJhbGciOiJIUzI1NiIsInR5cCI6IkpXVCJ9.eyJpZCI6MTA4Niwicm9sZSI6InVzZXIiLCJpYXQiOjE3MDQzNTk1NTgsImV4cCI6MTczNTg5NTU1OH0.Rr3Wx97PC60ydg36xh7B2w91iqwdQAUW9H5WpE5C0VQ"
            },
            "coords": [
                [
                    11.8904,
                    57.72418
                ],
                [
                    11.89017,
                    57.7242
                ],
                [
                    11.89023,
                    57.72443
                ],
                [
                    11.89017,
                    57.7245
                ],
                [
                    11.89001,
                    57.72458
                ],
                [
                    11.88994,
                    57.72464
                ],
                [
                    11.88977,
                    57.72473
                ],
                [
                    11.88978,
                    57.72476
                ],
                [
                    11.88979,
                    57.72486
                ],
                [
                    11.88983,
                    57.72502
                ],
                [
                    11.88984,
                    57.7251
                ],
                [
                    11.88927,
                    57.72514
                ],
                [
                    11.88925,
                    57.72504
                ],
                [
                    11.88934,
                    57.72502
                ],
                [
                    11.88939,
                    57.72495
                ],
                [
                    11.88927,
                    57.72476
                ],
                [
                    11.8892,
                    57.72454
                ],
                [
                    11.8892,
                    57.72442
                ],
                [
                    11.88911,
                    57.7243
                ],
                [
                    11.88911,
                    57.7242
                ],
                [
                    11.88905,
                    57.72416
                ],
                [
                    11.889,
                    57.72403
                ],
                [
                    11.88971,
                    57.72388
                ],
                [
                    11.89131,
                    57.72358
                ],
                [
                    11.89164,
                    57.72352
                ],
                [
                    11.89215,
                    57.72346
                ],
                [
                    11.89273,
                    57.72339
                ],
                [
                    11.89292,
                    57.72336
                ],
                [
                    11.89305,
                    57.72334
                ],
                [
                    11.89399,
                    57.72327
                ],
                [
                    11.89437,
                    57.72322
                ],
                [
                    11.89464,
                    57.72315
                ],
                [
                    11.8947,
                    57.72319
                ],
                [
                    11.89474,
                    57.72328
                ],
                [
                    11.89476,
                    57.72362
                ],
                [
                    11.89469,
                    57.72366
                ],
                [
                    11.89423,
                    57.72368
                ],
                [
                    11.89402,
                    57.72368
                ],
                [
                    11.89392,
                    57.72372
                ],
                [
                    11.89372,
                    57.7248
                ]
            ]
        }
    ]
}