{
    "city": 2,
    "initialStart": [
        11.89775,
        57.68191
    ],
    "trips": [
        {
            "summary": {
                "distance": 445.8,
                "duration": 81.6
            },
            "user": {
                "id": 1087,
                "token": "eyJhbGciOiJIUzI1NiIsInR5cCI6IkpXVCJ9.eyJpZCI6MTA4Nywicm9sZSI6InVzZXIiLCJpYXQiOjE3MDQzNTk1NTgsImV4cCI6MTczNTg5NTU1OH0.npefklkPxJG_G_G5UnwhZI-uzA5WWYhqc9ZzcFhrEb4"
            },
            "coords": [
                [
                    11.89775,
                    57.68191
                ],
                [
                    11.89777,
                    57.68189
                ],
                [
                    11.898,
                    57.68173
                ],
                [
                    11.89806,
                    57.68148
                ],
                [
                    11.89835,
                    57.68138
                ],
                [
                    11.89852,
                    57.68134
                ],
                [
                    11.89878,
                    57.68132
                ],
                [
                    11.89887,
                    57.6813
                ],
                [
                    11.89895,
                    57.68125
                ],
                [
                    11.89881,
                    57.68121
                ],
                [
                    11.89851,
                    57.68104
                ],
                [
                    11.89832,
                    57.68091
                ],
                [
                    11.89826,
                    57.68039
                ],
                [
                    11.89818,
                    57.68013
                ],
                [
                    11.898,
                    57.67985
                ],
                [
                    11.89811,
                    57.6798
                ],
                [
                    11.89825,
                    57.67969
                ],
                [
                    11.89861,
                    57.67978
                ],
                [
                    11.89878,
                    57.67982
                ],
                [
                    11.89879,
                    57.67982
                ],
                [
                    11.89895,
                    57.67986
                ],
                [
                    11.89907,
                    57.67989
                ],
                [
                    11.89919,
                    57.67993
                ],
                [
                    11.89936,
                    57.67998
                ],
                [
                    11.89961,
                    57.68007
                ],
                [
                    11.89969,
                    57.68013
                ],
                [
                    11.89977,
                    57.68022
                ],
                [
                    11.8999,
                    57.68019
                ],
                [
                    11.90005,
                    57.68013
                ],
                [
                    11.90012,
                    57.68009
                ]
            ]
        }
    ]
}