{
    "city": 2,
    "initialStart": [
        11.93646,
        57.71024
    ],
    "trips": [
        {
            "summary": {
                "distance": 1065.5,
                "duration": 179.6
            },
            "user": {
                "id": 1091,
                "token": "eyJhbGciOiJIUzI1NiIsInR5cCI6IkpXVCJ9.eyJpZCI6MTA5MSwicm9sZSI6InVzZXIiLCJpYXQiOjE3MDQzNTk2MjAsImV4cCI6MTczNTg5NTYyMH0.yZVqLg34PKW-VHoehihhaiIj8xeE0K9yPvbUuBVg3gs"
            },
            "coords": [
                [
                    11.93646,
                    57.71024
                ],
                [
                    11.93693,
                    57.71053
                ],
                [
                    11.93692,
                    57.7106
                ],
                [
                    11.93584,
                    57.71053
                ],
                [
                    11.9351,
                    57.71048
                ],
                [
                    11.93471,
                    57.71046
                ],
                [
                    11.93447,
                    57.71042
                ],
                [
                    11.93434,
                    57.71042
                ],
                [
                    11.93409,
                    57.71046
                ],
                [
                    11.93376,
                    57.71051
                ],
                [
                    11.93366,
                    57.71051
                ],
                [
                    11.93343,
                    57.71042
                ],
                [
                    11.93319,
                    57.71036
                ],
                [
                    11.93209,
                    57.71027
                ],
                [
                    11.93173,
                    57.71019
                ],
                [
                    11.93157,
                    57.71012
                ],
                [
                    11.93147,
                    57.71002
                ],
                [
                    11.93147,
                    57.70993
                ],
                [
                    11.93139,
                    57.7099
                ],
                [
                    11.93127,
                    57.70986
                ],
                [
                    11.93118,
                    57.7098
                ],
                [
                    11.93134,
                    57.70976
                ],
                [
                    11.93144,
                    57.70971
                ],
                [
                    11.9322,
                    57.70908
                ],
                [
                    11.93241,
                    57.70892
                ],
                [
                    11.93361,
                    57.70793
                ],
                [
                    11.93367,
                    57.70785
                ],
                [
                    11.93366,
                    57.70771
                ],
                [
                    11.93422,
                    57.70756
                ],
                [
                    11.93432,
                    57.70754
                ],
                [
                    11.93458,
                    57.70745
                ],
                [
                    11.93476,
                    57.70744
                ],
                [
                    11.93487,
                    57.70744
                ],
                [
                    11.93493,
                    57.70745
                ],
                [
                    11.93501,
                    57.70746
                ],
                [
                    11.93527,
                    57.70756
                ],
                [
                    11.93637,
                    57.70755
                ],
                [
                    11.93758,
                    57.70756
                ],
                [
                    11.93778,
                    57.7076
                ],
                [
                    11.93793,
                    57.70766
                ],
                [
                    11.93802,
                    57.7077
                ],
                [
                    11.93803,
                    57.70772
                ],
                [
                    11.93871,
                    57.70809
                ],
                [
                    11.93876,
                    57.70812
                ],
                [
                    11.93878,
                    57.70811
                ],
                [
                    11.939,
                    57.708
                ]
            ]
        }
    ]
}