{
    "city": 2,
    "initialStart": [
        12.01643,
        57.70267
    ],
    "trips": [
        {
            "summary": {
                "distance": 530.1,
                "duration": 91.2
            },
            "user": {
                "id": 1094,
                "token": "eyJhbGciOiJIUzI1NiIsInR5cCI6IkpXVCJ9.eyJpZCI6MTA5NCwicm9sZSI6InVzZXIiLCJpYXQiOjE3MDQzNTk2MjEsImV4cCI6MTczNTg5NTYyMX0.BWo8izC1AP8uAI1KM52ev5_w05VZ3_byp1MR8wR99mI"
            },
            "coords": [
                [
                    12.01643,
                    57.70267
                ],
                [
                    12.01673,
                    57.70264
                ],
                [
                    12.01664,
                    57.70252
                ],
                [
                    12.01635,
                    57.70212
                ],
                [
                    12.01628,
                    57.702
                ],
                [
                    12.01621,
                    57.7019
                ],
                [
                    12.01589,
                    57.70144
                ],
                [
                    12.01581,
                    57.70133
                ],
                [
                    12.01555,
                    57.70141
                ],
                [
                    12.015,
                    57.70157
                ],
                [
                    12.01434,
                    57.70176
                ],
                [
                    12.01428,
                    57.70177
                ],
                [
                    12.01355,
                    57.70196
                ],
                [
                    12.01281,
                    57.70187
                ],
                [
                    12.01252,
                    57.70184
                ],
                [
                    12.01248,
                    57.70206
                ],
                [
                    12.01247,
                    57.70208
                ],
                [
                    12.01243,
                    57.70226
                ],
                [
                    12.01239,
                    57.70241
                ],
                [
                    12.01234,
                    57.70262
                ],
                [
                    12.01223,
                    57.70312
                ]
            ]
        }
    ]
}