{
    "city": 2,
    "initialStart": [
        11.89065,
        57.65159
    ],
    "trips": [
        {
            "summary": {
                "distance": 374.6,
                "duration": 116.4
            },
            "user": {
                "id": 1095,
                "token": "eyJhbGciOiJIUzI1NiIsInR5cCI6IkpXVCJ9.eyJpZCI6MTA5NSwicm9sZSI6InVzZXIiLCJpYXQiOjE3MDQzNTk2MjEsImV4cCI6MTczNTg5NTYyMX0.J1Ax1x13sY_Sxo4pC82xTg6ew_sHQMSsYKw0MQui1zo"
            },
            "coords": [
                [
                    11.89065,
                    57.65159
                ],
                [
                    11.89055,
                    57.65166
                ],
                [
                    11.89065,
                    57.65173
                ],
                [
                    11.89071,
                    57.65178
                ],
                [
                    11.89163,
                    57.65248
                ],
                [
                    11.89207,
                    57.65291
                ],
                [
                    11.8928,
                    57.65364
                ],
                [
                    11.89284,
                    57.65371
                ],
                [
                    11.89281,
                    57.65378
                ],
                [
                    11.89294,
                    57.65379
                ],
                [
                    11.8931,
                    57.6537
                ],
                [
                    11.89314,
                    57.65365
                ],
                [
                    11.89318,
                    57.6534
                ],
                [
                    11.89374,
                    57.65341
                ]
            ]
        }
    ]
}