{
    "city": 2,
    "initialStart": [
        11.90611,
        57.70981
    ],
    "trips": [
        {
            "summary": {
                "distance": 311.2,
                "duration": 74.1
            },
            "user": {
                "id": 1098,
                "token": "eyJhbGciOiJIUzI1NiIsInR5cCI6IkpXVCJ9.eyJpZCI6MTA5OCwicm9sZSI6InVzZXIiLCJpYXQiOjE3MDQzNTk2MjIsImV4cCI6MTczNTg5NTYyMn0.-FJhaTUnZTwqt8pybdIH55DodAoyf9em2fIopYUW3rs"
            },
            "coords": [
                [
                    11.90611,
                    57.70981
                ],
                [
                    11.90612,
                    57.70976
                ],
                [
                    11.90612,
                    57.70958
                ],
                [
                    11.90609,
                    57.70954
                ],
                [
                    11.90596,
                    57.70939
                ],
                [
                    11.90588,
                    57.70914
                ],
                [
                    11.90589,
                    57.70911
                ],
                [
                    11.90613,
                    57.70904
                ],
                [
                    11.90627,
                    57.70894
                ],
                [
                    11.90599,
                    57.70886
                ],
                [
                    11.90574,
                    57.70884
                ],
                [
                    11.90573,
                    57.70874
                ],
                [
                    11.9057,
                    57.70841
                ],
                [
                    11.90571,
                    57.7083
                ],
                [
                    11.90581,
                    57.70824
                ],
                [
                    11.90584,
                    57.70813
                ],
                [
                    11.90555,
                    57.70813
                ],
                [
                    11.90553,
                    57.70792
                ],
                [
                    11.90544,
                    57.70785
                ],
                [
                    11.90522,
                    57.70778
                ],
                [
                    11.90497,
                    57.70774
                ],
                [
                    11.90488,
                    57.70774
                ]
            ]
        }
    ]
}