{
    "city": 2,
    "initialStart": [
        12.02013,
        57.70784
    ],
    "trips": [
        {
            "summary": {
                "distance": 723,
                "duration": 118.3
            },
            "user": {
                "id": 1099,
                "token": "eyJhbGciOiJIUzI1NiIsInR5cCI6IkpXVCJ9.eyJpZCI6MTA5OSwicm9sZSI6InVzZXIiLCJpYXQiOjE3MDQzNTk2MjIsImV4cCI6MTczNTg5NTYyMn0.N8fpJDLEQqE86JkHsEw0vLUol7-4CEWgQaD5fQ1gDBI"
            },
            "coords": [
                [
                    12.02013,
                    57.70784
                ],
                [
                    12.02077,
                    57.70787
                ],
                [
                    12.02083,
                    57.70764
                ],
                [
                    12.02087,
                    57.70745
                ],
                [
                    12.02089,
                    57.70738
                ],
                [
                    12.02098,
                    57.70701
                ],
                [
                    12.02099,
                    57.70699
                ],
                [
                    12.02101,
                    57.70688
                ],
                [
                    12.02105,
                    57.70665
                ],
                [
                    12.02106,
                    57.70662
                ],
                [
                    12.02112,
                    57.70632
                ],
                [
                    12.02124,
                    57.70565
                ],
                [
                    12.02125,
                    57.70556
                ],
                [
                    12.02301,
                    57.70582
                ],
                [
                    12.02365,
                    57.70591
                ],
                [
                    12.0241,
                    57.70596
                ],
                [
                    12.02444,
                    57.70595
                ],
                [
                    12.0245,
                    57.70593
                ],
                [
                    12.02462,
                    57.70592
                ],
                [
                    12.02472,
                    57.70596
                ],
                [
                    12.02475,
                    57.70598
                ],
                [
                    12.02492,
                    57.70602
                ],
                [
                    12.02489,
                    57.70608
                ],
                [
                    12.02486,
                    57.70614
                ],
                [
                    12.02479,
                    57.70618
                ],
                [
                    12.0247,
                    57.70622
                ],
                [
                    12.02436,
                    57.70726
                ],
                [
                    12.02425,
                    57.70774
                ]
            ]
        }
    ]
}