{
    "city": 2,
    "initialStart": [
        11.89812,
        57.67839
    ],
    "trips": [
        {
            "summary": {
                "distance": 774.5,
                "duration": 129.6
            },
            "user": {
                "id": 1106,
                "token": "eyJhbGciOiJIUzI1NiIsInR5cCI6IkpXVCJ9.eyJpZCI6MTEwNiwicm9sZSI6InVzZXIiLCJpYXQiOjE3MDQzNjAxMDEsImV4cCI6MTczNTg5NjEwMX0.ZvoCbTb5o25tApZetRJaPhgNqYLY9CF-eninYJ2Pys8"
            },
            "coords": [
                [
                    11.89812,
                    57.67839
                ],
                [
                    11.89837,
                    57.67825
                ],
                [
                    11.89858,
                    57.6783
                ],
                [
                    11.8986,
                    57.67822
                ],
                [
                    11.89851,
                    57.67821
                ],
                [
                    11.89829,
                    57.67809
                ],
                [
                    11.89779,
                    57.67775
                ],
                [
                    11.89775,
                    57.67771
                ],
                [
                    11.89774,
                    57.6777
                ],
                [
                    11.89745,
                    57.67752
                ],
                [
                    11.89728,
                    57.67746
                ],
                [
                    11.89713,
                    57.67742
                ],
                [
                    11.89696,
                    57.6775
                ],
                [
                    11.8967,
                    57.67759
                ],
                [
                    11.89654,
                    57.67763
                ],
                [
                    11.89622,
                    57.67767
                ],
                [
                    11.8959,
                    57.67768
                ],
                [
                    11.89582,
                    57.67768
                ],
                [
                    11.8958,
                    57.67768
                ],
                [
                    11.89537,
                    57.67762
                ],
                [
                    11.89516,
                    57.67759
                ],
                [
                    11.8951,
                    57.67759
                ],
                [
                    11.89504,
                    57.67761
                ],
                [
                    11.89498,
                    57.67766
                ],
                [
                    11.89505,
                    57.67772
                ],
                [
                    11.89523,
                    57.67779
                ],
                [
                    11.89553,
                    57.67786
                ],
                [
                    11.89564,
                    57.67793
                ],
                [
                    11.89565,
                    57.67794
                ],
                [
                    11.89566,
                    57.67805
                ],
                [
                    11.89552,
                    57.67823
                ],
                [
                    11.89558,
                    57.67825
                ],
                [
                    11.89714,
                    57.67875
                ],
                [
                    11.89676,
                    57.67912
                ],
                [
                    11.89684,
                    57.67915
                ],
                [
                    11.89743,
                    57.67939
                ],
                [
                    11.89763,
                    57.67946
                ],
                [
                    11.89775,
                    57.67952
                ],
                [
                    11.89781,
                    57.67954
                ],
                [
                    11.89811,
                    57.67965
                ],
                [
                    11.89825,
                    57.67969
                ],
                [
                    11.89811,
                    57.6798
                ],
                [
                    11.898,
                    57.67985
                ],
                [
                    11.89818,
                    57.68013
                ],
                [
                    11.89826,
                    57.68039
                ],
                [
                    11.89812,
                    57.68039
                ],
                [
                    11.89798,
                    57.68036
                ],
                [
                    11.89789,
                    57.68033
                ]
            ]
        }
    ]
}