{
    "city": 2,
    "initialStart": [
        11.9138,
        57.6754
    ],
    "trips": [
        {
            "summary": {
                "distance": 332.7,
                "duration": 127.5
            },
            "user": {
                "id": 1107,
                "token": "eyJhbGciOiJIUzI1NiIsInR5cCI6IkpXVCJ9.eyJpZCI6MTEwNywicm9sZSI6InVzZXIiLCJpYXQiOjE3MDQzNjAxMDEsImV4cCI6MTczNTg5NjEwMX0.pgz1wnpbUDidqO8co48jJnS5wsls1oakWu6S_gXAsCY"
            },
            "coords": [
                [
                    11.9138,
                    57.6754
                ],
                [
                    11.91375,
                    57.67526
                ],
                [
                    11.91362,
                    57.67491
                ],
                [
                    11.91353,
                    57.67492
                ],
                [
                    11.91332,
                    57.67494
                ],
                [
                    11.91331,
                    57.67494
                ],
                [
                    11.91305,
                    57.67495
                ],
                [
                    11.91305,
                    57.67492
                ],
                [
                    11.91285,
                    57.67494
                ],
                [
                    11.91262,
                    57.67424
                ],
                [
                    11.9126,
                    57.67418
                ],
                [
                    11.91253,
                    57.67419
                ],
                [
                    11.91251,
                    57.67414
                ],
                [
                    11.91225,
                    57.67416
                ],
                [
                    11.91179,
                    57.67421
                ],
                [
                    11.91141,
                    57.67425
                ],
                [
                    11.91136,
                    57.67425
                ],
                [
                    11.91135,
                    57.67426
                ],
                [
                    11.91128,
                    57.67426
                ],
                [
                    11.91126,
                    57.67426
                ],
                [
                    11.91119,
                    57.67411
                ],
                [
                    11.91105,
                    57.67413
                ],
                [
                    11.91058,
                    57.67418
                ],
                [
                    11.91053,
                    57.67417
                ]
            ]
        }
    ]
}