{
    "city": 1,
    "initialStart": [
        18.00751,
        59.32592
    ],
    "trips": [
        {
            "summary": {
                "distance": 414,
                "duration": 105
            },
            "user": {
                "id": 111,
                "token": "eyJhbGciOiJIUzI1NiIsInR5cCI6IkpXVCJ9.eyJpZCI6MTExLCJyb2xlIjoidXNlciIsImlhdCI6MTcwMjg5MDM1NywiZXhwIjoxNzM0NDI2MzU3fQ.9PxbTQ7wij5ce8I709Xg9aBd53osMihLpNg3AO1Ku7M"
            },
            "coords": [
                [
                    18.00751,
                    59.32592
                ],
                [
                    18.00765,
                    59.32581
                ],
                [
                    18.00776,
                    59.32575
                ],
                [
                    18.00813,
                    59.32571
                ],
                [
                    18.00853,
                    59.32565
                ],
                [
                    18.00877,
                    59.32555
                ],
                [
                    18.00907,
                    59.32544
                ],
                [
                    18.00955,
                    59.32527
                ],
                [
                    18.00958,
                    59.32521
                ],
                [
                    18.00869,
                    59.32461
                ],
                [
                    18.00853,
                    59.32454
                ],
                [
                    18.00725,
                    59.32484
                ],
                [
                    18.00709,
                    59.32487
                ],
                [
                    18.00684,
                    59.32458
                ],
                [
                    18.00665,
                    59.32445
                ],
                [
                    18.00671,
                    59.32441
                ],
                [
                    18.00665,
                    59.32439
                ],
                [
                    18.00659,
                    59.32438
                ],
                [
                    18.00635,
                    59.32432
                ]
            ]
        }
    ]
}