{
    "city": 2,
    "initialStart": [
        12.00272,
        57.69435
    ],
    "trips": [
        {
            "summary": {
                "distance": 333.7,
                "duration": 55.8
            },
            "user": {
                "id": 1110,
                "token": "eyJhbGciOiJIUzI1NiIsInR5cCI6IkpXVCJ9.eyJpZCI6MTExMCwicm9sZSI6InVzZXIiLCJpYXQiOjE3MDQzNjAxMDIsImV4cCI6MTczNTg5NjEwMn0.JOMUM4Csvwp39UjGp-132wheel0oOrMrMWjc1LmaBCU"
            },
            "coords": [
                [
                    12.00272,
                    57.69435
                ],
                [
                    12.00278,
                    57.69429
                ],
                [
                    12.00297,
                    57.69412
                ],
                [
                    12.00307,
                    57.69403
                ],
                [
                    12.00363,
                    57.69415
                ],
                [
                    12.00375,
                    57.69418
                ],
                [
                    12.00408,
                    57.69415
                ],
                [
                    12.00419,
                    57.69416
                ],
                [
                    12.00449,
                    57.69424
                ],
                [
                    12.00466,
                    57.69432
                ],
                [
                    12.0047,
                    57.6943
                ],
                [
                    12.00491,
                    57.69418
                ],
                [
                    12.00505,
                    57.6941
                ],
                [
                    12.00515,
                    57.69404
                ],
                [
                    12.0052,
                    57.69401
                ],
                [
                    12.00554,
                    57.69382
                ],
                [
                    12.00536,
                    57.69377
                ],
                [
                    12.00531,
                    57.69372
                ],
                [
                    12.0053,
                    57.69367
                ],
                [
                    12.00538,
                    57.69349
                ],
                [
                    12.00559,
                    57.69309
                ],
                [
                    12.00566,
                    57.69295
                ],
                [
                    12.00576,
                    57.69297
                ]
            ]
        }
    ]
}