{
    "city": 2,
    "initialStart": [
        11.94506,
        57.71111
    ],
    "trips": [
        {
            "summary": {
                "distance": 433.5,
                "duration": 93.9
            },
            "user": {
                "id": 1112,
                "token": "eyJhbGciOiJIUzI1NiIsInR5cCI6IkpXVCJ9.eyJpZCI6MTExMiwicm9sZSI6InVzZXIiLCJpYXQiOjE3MDQzNjAxMDIsImV4cCI6MTczNTg5NjEwMn0.jHiZQFanuFl_0Gz-d8zQNrcy_2wU56LIwPifu_8ZV6g"
            },
            "coords": [
                [
                    11.94506,
                    57.71111
                ],
                [
                    11.9445,
                    57.71139
                ],
                [
                    11.94466,
                    57.7115
                ],
                [
                    11.94529,
                    57.71184
                ],
                [
                    11.94593,
                    57.71222
                ],
                [
                    11.9461,
                    57.71217
                ],
                [
                    11.9465,
                    57.71197
                ],
                [
                    11.94694,
                    57.71175
                ],
                [
                    11.94728,
                    57.71158
                ],
                [
                    11.94753,
                    57.71146
                ],
                [
                    11.94844,
                    57.711
                ],
                [
                    11.94857,
                    57.71094
                ],
                [
                    11.94814,
                    57.7108
                ],
                [
                    11.94786,
                    57.71071
                ]
            ]
        }
    ]
}