{
    "city": 2,
    "initialStart": [
        11.9058,
        57.65648
    ],
    "trips": [
        {
            "summary": {
                "distance": 866.6,
                "duration": 141.8
            },
            "user": {
                "id": 1113,
                "token": "eyJhbGciOiJIUzI1NiIsInR5cCI6IkpXVCJ9.eyJpZCI6MTExMywicm9sZSI6InVzZXIiLCJpYXQiOjE3MDQzNjAxMDMsImV4cCI6MTczNTg5NjEwM30.a5kmO3EgqIKR4QUSENdF8HgOzzB6YtZ2Vjs7VZSMIU8"
            },
            "coords": [
                [
                    11.9058,
                    57.65648
                ],
                [
                    11.90604,
                    57.6565
                ],
                [
                    11.9069,
                    57.65654
                ],
                [
                    11.90702,
                    57.65591
                ],
                [
                    11.90715,
                    57.65511
                ],
                [
                    11.90741,
                    57.65456
                ],
                [
                    11.90743,
                    57.65449
                ],
                [
                    11.90749,
                    57.65431
                ],
                [
                    11.90751,
                    57.65425
                ],
                [
                    11.90761,
                    57.65399
                ],
                [
                    11.90767,
                    57.65395
                ],
                [
                    11.90775,
                    57.65398
                ],
                [
                    11.90802,
                    57.65404
                ],
                [
                    11.90839,
                    57.65414
                ],
                [
                    11.90853,
                    57.65422
                ],
                [
                    11.90856,
                    57.65426
                ],
                [
                    11.90857,
                    57.65434
                ],
                [
                    11.90859,
                    57.6545
                ],
                [
                    11.90863,
                    57.65498
                ],
                [
                    11.90863,
                    57.65526
                ],
                [
                    11.90867,
                    57.65554
                ],
                [
                    11.90876,
                    57.65559
                ],
                [
                    11.90904,
                    57.65558
                ],
                [
                    11.91015,
                    57.65556
                ],
                [
                    11.91021,
                    57.6558
                ],
                [
                    11.91035,
                    57.65603
                ],
                [
                    11.91015,
                    57.65608
                ],
                [
                    11.90999,
                    57.65614
                ],
                [
                    11.90985,
                    57.65626
                ],
                [
                    11.90964,
                    57.65647
                ],
                [
                    11.90946,
                    57.65656
                ],
                [
                    11.90909,
                    57.65674
                ],
                [
                    11.90885,
                    57.65691
                ],
                [
                    11.90874,
                    57.65708
                ]
            ]
        }
    ]
}