{
    "city": 2,
    "initialStart": [
        11.98502,
        57.68791
    ],
    "trips": [
        {
            "summary": {
                "distance": 332.6,
                "duration": 56.8
            },
            "user": {
                "id": 1114,
                "token": "eyJhbGciOiJIUzI1NiIsInR5cCI6IkpXVCJ9.eyJpZCI6MTExNCwicm9sZSI6InVzZXIiLCJpYXQiOjE3MDQzNjAxMDMsImV4cCI6MTczNTg5NjEwM30.HJYbOdn_Vx5OtyGTugkusk8s86tguTgVwhO2SjFWx30"
            },
            "coords": [
                [
                    11.98502,
                    57.68791
                ],
                [
                    11.98508,
                    57.68785
                ],
                [
                    11.98518,
                    57.68788
                ],
                [
                    11.98528,
                    57.68777
                ],
                [
                    11.98544,
                    57.68758
                ],
                [
                    11.98564,
                    57.68735
                ],
                [
                    11.98576,
                    57.68723
                ],
                [
                    11.98592,
                    57.687
                ],
                [
                    11.98598,
                    57.68693
                ],
                [
                    11.98601,
                    57.68686
                ],
                [
                    11.98602,
                    57.68682
                ],
                [
                    11.986,
                    57.68672
                ],
                [
                    11.98586,
                    57.68656
                ],
                [
                    11.98554,
                    57.68641
                ],
                [
                    11.98548,
                    57.68636
                ],
                [
                    11.98539,
                    57.68633
                ],
                [
                    11.98501,
                    57.68621
                ],
                [
                    11.98511,
                    57.68613
                ],
                [
                    11.98529,
                    57.68578
                ],
                [
                    11.98533,
                    57.68578
                ],
                [
                    11.98562,
                    57.68581
                ],
                [
                    11.98568,
                    57.68581
                ],
                [
                    11.98573,
                    57.68579
                ],
                [
                    11.98586,
                    57.68566
                ]
            ]
        }
    ]
}