{
    "city": 2,
    "initialStart": [
        11.99079,
        57.70918
    ],
    "trips": [
        {
            "summary": {
                "distance": 550.5,
                "duration": 122.9
            },
            "user": {
                "id": 1115,
                "token": "eyJhbGciOiJIUzI1NiIsInR5cCI6IkpXVCJ9.eyJpZCI6MTExNSwicm9sZSI6InVzZXIiLCJpYXQiOjE3MDQzNjAxMDMsImV4cCI6MTczNTg5NjEwM30.BWMyvT4G-eKJM2DircboUw5xo4j04Oq2FNBMcmnnD60"
            },
            "coords": [
                [
                    11.99079,
                    57.70918
                ],
                [
                    11.99119,
                    57.70964
                ],
                [
                    11.99129,
                    57.70973
                ],
                [
                    11.99144,
                    57.7098
                ],
                [
                    11.99156,
                    57.70991
                ],
                [
                    11.99158,
                    57.70993
                ],
                [
                    11.99191,
                    57.71033
                ],
                [
                    11.9928,
                    57.71114
                ],
                [
                    11.99275,
                    57.71116
                ],
                [
                    11.9925,
                    57.71123
                ],
                [
                    11.99234,
                    57.71128
                ],
                [
                    11.99186,
                    57.71085
                ],
                [
                    11.99177,
                    57.71079
                ],
                [
                    11.99164,
                    57.71081
                ],
                [
                    11.98997,
                    57.71131
                ],
                [
                    11.98987,
                    57.71134
                ],
                [
                    11.98959,
                    57.71108
                ],
                [
                    11.98972,
                    57.71104
                ],
                [
                    11.98989,
                    57.71098
                ],
                [
                    11.98998,
                    57.71096
                ],
                [
                    11.99003,
                    57.71094
                ],
                [
                    11.98999,
                    57.71083
                ]
            ]
        }
    ]
}