{
    "city": 2,
    "initialStart": [
        11.90939,
        57.73294
    ],
    "trips": [
        {
            "summary": {
                "distance": 356.7,
                "duration": 67.1
            },
            "user": {
                "id": 1117,
                "token": "eyJhbGciOiJIUzI1NiIsInR5cCI6IkpXVCJ9.eyJpZCI6MTExNywicm9sZSI6InVzZXIiLCJpYXQiOjE3MDQzNjAxMDMsImV4cCI6MTczNTg5NjEwM30.0ALnhDsqcR9hWQa_KJw_PJ_4W3bpJvZi6yi46iwCht4"
            },
            "coords": [
                [
                    11.90939,
                    57.73294
                ],
                [
                    11.90953,
                    57.73284
                ],
                [
                    11.90998,
                    57.73256
                ],
                [
                    11.91012,
                    57.73242
                ],
                [
                    11.91015,
                    57.73239
                ],
                [
                    11.91023,
                    57.73222
                ],
                [
                    11.91025,
                    57.73218
                ],
                [
                    11.91029,
                    57.7321
                ],
                [
                    11.91033,
                    57.73204
                ],
                [
                    11.91041,
                    57.73183
                ],
                [
                    11.91046,
                    57.73168
                ],
                [
                    11.91041,
                    57.73138
                ],
                [
                    11.91034,
                    57.73116
                ],
                [
                    11.911,
                    57.73109
                ],
                [
                    11.91107,
                    57.73103
                ],
                [
                    11.91134,
                    57.73123
                ],
                [
                    11.91177,
                    57.7314
                ],
                [
                    11.91204,
                    57.73155
                ],
                [
                    11.91197,
                    57.7316
                ],
                [
                    11.91191,
                    57.73162
                ]
            ]
        }
    ]
}