{
    "city": 2,
    "initialStart": [
        12.01645,
        57.72173
    ],
    "trips": [
        {
            "summary": {
                "distance": 695.2,
                "duration": 119.9
            },
            "user": {
                "id": 1118,
                "token": "eyJhbGciOiJIUzI1NiIsInR5cCI6IkpXVCJ9.eyJpZCI6MTExOCwicm9sZSI6InVzZXIiLCJpYXQiOjE3MDQzNjAxMDQsImV4cCI6MTczNTg5NjEwNH0.XC4iltxEk0QGTlfdq517RMyf1RZSH8riXIBtQfHwKZE"
            },
            "coords": [
                [
                    12.01645,
                    57.72173
                ],
                [
                    12.01645,
                    57.72167
                ],
                [
                    12.01646,
                    57.7216
                ],
                [
                    12.01649,
                    57.72137
                ],
                [
                    12.0165,
                    57.72125
                ],
                [
                    12.01652,
                    57.7211
                ],
                [
                    12.01659,
                    57.72099
                ],
                [
                    12.01676,
                    57.72086
                ],
                [
                    12.01698,
                    57.7208
                ],
                [
                    12.01721,
                    57.72076
                ],
                [
                    12.01785,
                    57.72066
                ],
                [
                    12.01805,
                    57.72061
                ],
                [
                    12.01815,
                    57.72055
                ],
                [
                    12.01827,
                    57.72043
                ],
                [
                    12.01831,
                    57.72021
                ],
                [
                    12.01834,
                    57.71978
                ],
                [
                    12.01837,
                    57.71954
                ],
                [
                    12.01837,
                    57.71946
                ],
                [
                    12.01867,
                    57.7194
                ],
                [
                    12.01884,
                    57.71941
                ],
                [
                    12.01907,
                    57.71954
                ],
                [
                    12.01921,
                    57.71963
                ],
                [
                    12.01956,
                    57.71985
                ],
                [
                    12.01995,
                    57.71999
                ],
                [
                    12.01973,
                    57.72018
                ],
                [
                    12.01962,
                    57.72027
                ],
                [
                    12.01959,
                    57.7203
                ],
                [
                    12.01943,
                    57.72045
                ],
                [
                    12.0194,
                    57.72049
                ],
                [
                    12.01941,
                    57.72056
                ],
                [
                    12.01945,
                    57.72061
                ],
                [
                    12.01957,
                    57.72068
                ],
                [
                    12.01998,
                    57.72092
                ],
                [
                    12.02015,
                    57.72101
                ],
                [
                    12.02037,
                    57.72116
                ],
                [
                    12.0205,
                    57.72129
                ],
                [
                    12.02065,
                    57.72149
                ],
                [
                    12.02075,
                    57.72164
                ],
                [
                    12.02084,
                    57.72169
                ],
                [
                    12.02098,
                    57.72168
                ],
                [
                    12.02093,
                    57.72171
                ],
                [
                    12.02101,
                    57.72173
                ],
                [
                    12.02086,
                    57.72186
                ]
            ]
        }
    ]
}