{
    "city": 2,
    "initialStart": [
        11.98416,
        57.70071
    ],
    "trips": [
        {
            "summary": {
                "distance": 765.5,
                "duration": 232.9
            },
            "user": {
                "id": 1119,
                "token": "eyJhbGciOiJIUzI1NiIsInR5cCI6IkpXVCJ9.eyJpZCI6MTExOSwicm9sZSI6InVzZXIiLCJpYXQiOjE3MDQzNjAxMDQsImV4cCI6MTczNTg5NjEwNH0.77GCSukY8VOIjnx2xi2snKsnGnw13gB7drh0Af1cSLE"
            },
            "coords": [
                [
                    11.98416,
                    57.70071
                ],
                [
                    11.9841,
                    57.70075
                ],
                [
                    11.98388,
                    57.7009
                ],
                [
                    11.98345,
                    57.70119
                ],
                [
                    11.98341,
                    57.70117
                ],
                [
                    11.98336,
                    57.70122
                ],
                [
                    11.98328,
                    57.70129
                ],
                [
                    11.98318,
                    57.70137
                ],
                [
                    11.98305,
                    57.70146
                ],
                [
                    11.98292,
                    57.70152
                ],
                [
                    11.9828,
                    57.70155
                ],
                [
                    11.98272,
                    57.70158
                ],
                [
                    11.98195,
                    57.70211
                ],
                [
                    11.98178,
                    57.70223
                ],
                [
                    11.98145,
                    57.70246
                ],
                [
                    11.981,
                    57.70276
                ],
                [
                    11.9809,
                    57.70276
                ],
                [
                    11.98078,
                    57.70285
                ],
                [
                    11.98069,
                    57.7028
                ],
                [
                    11.9805,
                    57.70292
                ],
                [
                    11.98028,
                    57.70296
                ],
                [
                    11.98012,
                    57.70303
                ],
                [
                    11.9789,
                    57.70252
                ],
                [
                    11.97991,
                    57.70191
                ],
                [
                    11.97908,
                    57.7025
                ],
                [
                    11.97912,
                    57.70252
                ],
                [
                    11.98006,
                    57.70189
                ],
                [
                    11.98058,
                    57.70212
                ]
            ]
        }
    ]
}