{
    "city": 2,
    "initialStart": [
        11.88832,
        57.69653
    ],
    "trips": [
        {
            "summary": {
                "distance": 1961.5,
                "duration": 445.6
            },
            "user": {
                "id": 1121,
                "token": "eyJhbGciOiJIUzI1NiIsInR5cCI6IkpXVCJ9.eyJpZCI6MTEyMSwicm9sZSI6InVzZXIiLCJpYXQiOjE3MDQzNjAxMDQsImV4cCI6MTczNTg5NjEwNH0.hKmAfkuyE1EwQlTppR9TKu_5fk1cXxMY22wiCNxTzgk"
            },
            "coords": [
                [
                    11.88832,
                    57.69653
                ],
                [
                    11.88787,
                    57.69675
                ],
                [
                    11.88784,
                    57.69677
                ],
                [
                    11.88781,
                    57.6968
                ],
                [
                    11.88772,
                    57.69681
                ],
                [
                    11.88755,
                    57.6968
                ],
                [
                    11.8872,
                    57.6968
                ],
                [
                    11.88691,
                    57.69681
                ],
                [
                    11.88656,
                    57.69685
                ],
                [
                    11.88638,
                    57.69689
                ],
                [
                    11.88625,
                    57.69691
                ],
                [
                    11.88524,
                    57.69691
                ],
                [
                    11.88483,
                    57.69703
                ],
                [
                    11.8843,
                    57.69727
                ],
                [
                    11.88409,
                    57.69731
                ],
                [
                    11.8839,
                    57.6974
                ],
                [
                    11.88361,
                    57.69757
                ],
                [
                    11.88324,
                    57.69784
                ],
                [
                    11.88308,
                    57.69804
                ],
                [
                    11.88308,
                    57.6981
                ],
                [
                    11.88307,
                    57.69813
                ],
                [
                    11.88318,
                    57.69822
                ],
                [
                    11.88318,
                    57.69831
                ],
                [
                    11.88312,
                    57.69855
                ],
                [
                    11.88314,
                    57.69865
                ],
                [
                    11.88319,
                    57.69881
                ],
                [
                    11.89153,
                    57.69842
                ],
                [
                    11.89186,
                    57.69843
                ],
                [
                    11.89223,
                    57.69852
                ],
                [
                    11.89258,
                    57.69864
                ],
                [
                    11.89269,
                    57.69871
                ],
                [
                    11.89285,
                    57.69879
                ],
                [
                    11.89301,
                    57.69885
                ],
                [
                    11.89306,
                    57.6989
                ],
                [
                    11.89306,
                    57.69897
                ],
                [
                    11.89297,
                    57.69906
                ],
                [
                    11.89276,
                    57.699
                ],
                [
                    11.8925,
                    57.69883
                ],
                [
                    11.89247,
                    57.69873
                ],
                [
                    11.89255,
                    57.69868
                ],
                [
                    11.89286,
                    57.69861
                ],
                [
                    11.89311,
                    57.69859
                ],
                [
                    11.89428,
                    57.69858
                ],
                [
                    11.8951,
                    57.6986
                ],
                [
                    11.89557,
                    57.69866
                ],
                [
                    11.89621,
                    57.69878
                ],
                [
                    11.89637,
                    57.69883
                ],
                [
                    11.89657,
                    57.6989
                ],
                [
                    11.89687,
                    57.69907
                ],
                [
                    11.89718,
                    57.69927
                ],
                [
                    11.89744,
                    57.69938
                ],
                [
                    11.89754,
                    57.6994
                ],
                [
                    11.89809,
                    57.69939
                ],
                [
                    11.89818,
                    57.69937
                ],
                [
                    11.89855,
                    57.69911
                ],
                [
                    11.89857,
                    57.69907
                ],
                [
                    11.89856,
                    57.69901
                ],
                [
                    11.89839,
                    57.69886
                ],
                [
                    11.8983,
                    57.69884
                ],
                [
                    11.89759,
                    57.69874
                ],
                [
                    11.89738,
                    57.69867
                ],
                [
                    11.89707,
                    57.6985
                ],
                [
                    11.89702,
                    57.69846
                ],
                [
                    11.89698,
                    57.69837
                ],
                [
                    11.89689,
                    57.69825
                ],
                [
                    11.89696,
                    57.69817
                ],
                [
                    11.89615,
                    57.69799
                ],
                [
                    11.89439,
                    57.69673
                ],
                [
                    11.89429,
                    57.69659
                ]
            ]
        }
    ]
}