{
    "city": 2,
    "initialStart": [
        11.90845,
        57.71405
    ],
    "trips": [
        {
            "summary": {
                "distance": 1159.8,
                "duration": 189.8
            },
            "user": {
                "id": 1123,
                "token": "eyJhbGciOiJIUzI1NiIsInR5cCI6IkpXVCJ9.eyJpZCI6MTEyMywicm9sZSI6InVzZXIiLCJpYXQiOjE3MDQzNjAxMDUsImV4cCI6MTczNTg5NjEwNX0.YlFE6c6lbz1ERNcNoT0Gl7c1oZe84YPSwTvBX3lSfzk"
            },
            "coords": [
                [
                    11.90845,
                    57.71405
                ],
                [
                    11.90844,
                    57.71402
                ],
                [
                    11.90848,
                    57.71401
                ],
                [
                    11.90884,
                    57.71396
                ],
                [
                    11.90898,
                    57.71394
                ],
                [
                    11.90908,
                    57.71391
                ],
                [
                    11.90935,
                    57.71415
                ],
                [
                    11.90945,
                    57.71424
                ],
                [
                    11.90962,
                    57.71439
                ],
                [
                    11.9099,
                    57.71465
                ],
                [
                    11.91002,
                    57.71476
                ],
                [
                    11.9103,
                    57.71535
                ],
                [
                    11.91042,
                    57.7155
                ],
                [
                    11.91019,
                    57.71553
                ],
                [
                    11.90994,
                    57.71553
                ],
                [
                    11.90976,
                    57.71547
                ],
                [
                    11.9097,
                    57.71549
                ],
                [
                    11.90957,
                    57.71553
                ],
                [
                    11.90946,
                    57.71557
                ],
                [
                    11.90952,
                    57.71561
                ],
                [
                    11.90955,
                    57.71567
                ],
                [
                    11.90953,
                    57.7158
                ],
                [
                    11.90936,
                    57.71595
                ],
                [
                    11.90922,
                    57.71601
                ],
                [
                    11.90918,
                    57.71602
                ],
                [
                    11.9092,
                    57.71605
                ],
                [
                    11.90925,
                    57.71611
                ],
                [
                    11.90928,
                    57.71612
                ],
                [
                    11.90923,
                    57.71616
                ],
                [
                    11.90915,
                    57.71624
                ],
                [
                    11.90895,
                    57.71644
                ],
                [
                    11.90885,
                    57.71648
                ],
                [
                    11.90871,
                    57.71655
                ],
                [
                    11.90709,
                    57.71554
                ],
                [
                    11.90615,
                    57.71497
                ],
                [
                    11.90562,
                    57.71472
                ],
                [
                    11.9051,
                    57.71452
                ],
                [
                    11.90474,
                    57.71441
                ],
                [
                    11.90446,
                    57.71434
                ],
                [
                    11.90404,
                    57.71431
                ],
                [
                    11.90372,
                    57.71426
                ],
                [
                    11.90358,
                    57.71422
                ],
                [
                    11.90336,
                    57.71412
                ],
                [
                    11.9026,
                    57.71402
                ],
                [
                    11.90227,
                    57.71438
                ],
                [
                    11.90226,
                    57.714
                ],
                [
                    11.90223,
                    57.71372
                ],
                [
                    11.90223,
                    57.71362
                ],
                [
                    11.90223,
                    57.71353
                ],
                [
                    11.90226,
                    57.71331
                ],
                [
                    11.90233,
                    57.7131
                ],
                [
                    11.90248,
                    57.71312
                ],
                [
                    11.90278,
                    57.71316
                ],
                [
                    11.90343,
                    57.71323
                ]
            ]
        }
    ]
}