{
    "city": 2,
    "initialStart": [
        11.94356,
        57.70892
    ],
    "trips": [
        {
            "summary": {
                "distance": 523.9,
                "duration": 88.2
            },
            "user": {
                "id": 1124,
                "token": "eyJhbGciOiJIUzI1NiIsInR5cCI6IkpXVCJ9.eyJpZCI6MTEyNCwicm9sZSI6InVzZXIiLCJpYXQiOjE3MDQzNjAxMDUsImV4cCI6MTczNTg5NjEwNX0.a3wnKRiyvGIepzzvPIpUSqDbRNwMTDHTIPDdTugh12c"
            },
            "coords": [
                [
                    11.94356,
                    57.70892
                ],
                [
                    11.94305,
                    57.70875
                ],
                [
                    11.94269,
                    57.7092
                ],
                [
                    11.94258,
                    57.70918
                ],
                [
                    11.94197,
                    57.70995
                ],
                [
                    11.94206,
                    57.71
                ],
                [
                    11.94278,
                    57.71041
                ],
                [
                    11.94268,
                    57.71046
                ],
                [
                    11.94253,
                    57.71054
                ],
                [
                    11.94235,
                    57.71063
                ],
                [
                    11.94217,
                    57.71072
                ],
                [
                    11.9421,
                    57.71075
                ],
                [
                    11.94227,
                    57.71085
                ],
                [
                    11.94228,
                    57.71088
                ],
                [
                    11.94271,
                    57.71113
                ],
                [
                    11.94285,
                    57.71123
                ],
                [
                    11.94249,
                    57.71141
                ],
                [
                    11.94236,
                    57.71142
                ],
                [
                    11.94228,
                    57.71144
                ],
                [
                    11.94215,
                    57.71147
                ],
                [
                    11.94207,
                    57.71149
                ],
                [
                    11.94198,
                    57.71152
                ],
                [
                    11.94199,
                    57.71155
                ],
                [
                    11.94196,
                    57.71164
                ],
                [
                    11.94173,
                    57.71156
                ],
                [
                    11.94096,
                    57.71149
                ]
            ]
        }
    ]
}