{
    "city": 2,
    "initialStart": [
        11.86285,
        57.67092
    ],
    "trips": [
        {
            "summary": {
                "distance": 338.4,
                "duration": 81
            },
            "user": {
                "id": 1125,
                "token": "eyJhbGciOiJIUzI1NiIsInR5cCI6IkpXVCJ9.eyJpZCI6MTEyNSwicm9sZSI6InVzZXIiLCJpYXQiOjE3MDQzNjAxMDUsImV4cCI6MTczNTg5NjEwNX0.a4LJDrzFOg6ITt9OuLjbbXrJiizzqCVh_UA40P6zO7A"
            },
            "coords": [
                [
                    11.86285,
                    57.67092
                ],
                [
                    11.86263,
                    57.67067
                ],
                [
                    11.86282,
                    57.67058
                ],
                [
                    11.86295,
                    57.67044
                ],
                [
                    11.86231,
                    57.67025
                ],
                [
                    11.86197,
                    57.6702
                ],
                [
                    11.86147,
                    57.67016
                ],
                [
                    11.86061,
                    57.67009
                ],
                [
                    11.86073,
                    57.66974
                ],
                [
                    11.86074,
                    57.66964
                ],
                [
                    11.86068,
                    57.66957
                ],
                [
                    11.8606,
                    57.66953
                ],
                [
                    11.86032,
                    57.66948
                ],
                [
                    11.86038,
                    57.66926
                ],
                [
                    11.86044,
                    57.66907
                ]
            ]
        }
    ]
}