{
    "city": 2,
    "initialStart": [
        11.96873,
        57.70561
    ],
    "trips": [
        {
            "summary": {
                "distance": 696.9,
                "duration": 126.4
            },
            "user": {
                "id": 1127,
                "token": "eyJhbGciOiJIUzI1NiIsInR5cCI6IkpXVCJ9.eyJpZCI6MTEyNywicm9sZSI6InVzZXIiLCJpYXQiOjE3MDQzNjAxMDYsImV4cCI6MTczNTg5NjEwNn0.Gf4bJTmquPWHtJwKq63M077R50yqk02JoVyrlHCLeY4"
            },
            "coords": [
                [
                    11.96873,
                    57.70561
                ],
                [
                    11.96863,
                    57.70582
                ],
                [
                    11.96861,
                    57.70589
                ],
                [
                    11.96858,
                    57.70587
                ],
                [
                    11.96845,
                    57.70585
                ],
                [
                    11.96837,
                    57.70585
                ],
                [
                    11.9686,
                    57.70547
                ],
                [
                    11.96864,
                    57.70534
                ],
                [
                    11.96873,
                    57.70522
                ],
                [
                    11.96892,
                    57.70483
                ],
                [
                    11.96921,
                    57.70431
                ],
                [
                    11.96931,
                    57.7042
                ],
                [
                    11.96936,
                    57.70415
                ],
                [
                    11.96941,
                    57.70414
                ],
                [
                    11.96983,
                    57.70383
                ],
                [
                    11.96995,
                    57.70376
                ],
                [
                    11.97002,
                    57.70374
                ],
                [
                    11.96983,
                    57.70373
                ],
                [
                    11.96967,
                    57.70367
                ],
                [
                    11.96953,
                    57.70356
                ],
                [
                    11.96938,
                    57.70336
                ],
                [
                    11.96932,
                    57.70327
                ],
                [
                    11.96922,
                    57.70314
                ],
                [
                    11.96921,
                    57.70311
                ],
                [
                    11.96915,
                    57.70295
                ],
                [
                    11.96907,
                    57.70285
                ],
                [
                    11.96893,
                    57.70275
                ],
                [
                    11.96879,
                    57.70268
                ],
                [
                    11.96854,
                    57.7026
                ],
                [
                    11.96841,
                    57.70257
                ],
                [
                    11.9682,
                    57.70256
                ],
                [
                    11.96792,
                    57.70257
                ],
                [
                    11.9675,
                    57.70261
                ],
                [
                    11.96741,
                    57.70281
                ],
                [
                    11.96727,
                    57.70307
                ],
                [
                    11.96701,
                    57.70352
                ],
                [
                    11.96694,
                    57.70355
                ],
                [
                    11.96687,
                    57.70353
                ],
                [
                    11.96613,
                    57.70333
                ]
            ]
        }
    ]
}