{
    "city": 2,
    "initialStart": [
        11.94969,
        57.68405
    ],
    "trips": [
        {
            "summary": {
                "distance": 354.2,
                "duration": 59.8
            },
            "user": {
                "id": 1129,
                "token": "eyJhbGciOiJIUzI1NiIsInR5cCI6IkpXVCJ9.eyJpZCI6MTEyOSwicm9sZSI6InVzZXIiLCJpYXQiOjE3MDQzNjAxMDYsImV4cCI6MTczNTg5NjEwNn0.gvhXD2qUDGvu01w-8xJkd_e7HQZIoPfY2lNoeaL59Ks"
            },
            "coords": [
                [
                    11.94969,
                    57.68405
                ],
                [
                    11.94973,
                    57.68409
                ],
                [
                    11.94992,
                    57.68435
                ],
                [
                    11.95008,
                    57.68464
                ],
                [
                    11.95025,
                    57.68485
                ],
                [
                    11.95063,
                    57.68521
                ],
                [
                    11.95068,
                    57.68519
                ],
                [
                    11.95074,
                    57.68521
                ],
                [
                    11.95084,
                    57.68518
                ],
                [
                    11.95188,
                    57.68486
                ],
                [
                    11.95196,
                    57.68487
                ],
                [
                    11.95215,
                    57.68504
                ],
                [
                    11.95244,
                    57.68522
                ],
                [
                    11.9525,
                    57.68526
                ],
                [
                    11.95254,
                    57.68524
                ],
                [
                    11.95246,
                    57.68509
                ],
                [
                    11.95253,
                    57.68508
                ],
                [
                    11.95322,
                    57.68497
                ]
            ]
        }
    ]
}