{
    "city": 1,
    "initialStart": [
        18.04323,
        59.34579
    ],
    "trips": [
        {
            "summary": {
                "distance": 431.8,
                "duration": 79.6
            },
            "user": {
                "id": 113,
                "token": "eyJhbGciOiJIUzI1NiIsInR5cCI6IkpXVCJ9.eyJpZCI6MTEzLCJyb2xlIjoidXNlciIsImlhdCI6MTcwMjg5MDM1NywiZXhwIjoxNzM0NDI2MzU3fQ.h8oGk9ynfNCeqtvj7X96tYhRITMhh8xFcogSOFmR3lo"
            },
            "coords": [
                [
                    18.04323,
                    59.34579
                ],
                [
                    18.04335,
                    59.34582
                ],
                [
                    18.04344,
                    59.34579
                ],
                [
                    18.04357,
                    59.34582
                ],
                [
                    18.04361,
                    59.34579
                ],
                [
                    18.045,
                    59.34437
                ],
                [
                    18.04508,
                    59.34428
                ],
                [
                    18.04494,
                    59.34425
                ],
                [
                    18.04362,
                    59.34391
                ],
                [
                    18.04346,
                    59.34387
                ],
                [
                    18.04332,
                    59.34383
                ],
                [
                    18.04192,
                    59.34347
                ],
                [
                    18.04198,
                    59.34341
                ],
                [
                    18.04214,
                    59.34346
                ]
            ]
        }
    ]
}