{
    "city": 2,
    "initialStart": [
        11.90111,
        57.67528
    ],
    "trips": [
        {
            "summary": {
                "distance": 333.3,
                "duration": 54.5
            },
            "user": {
                "id": 1130,
                "token": "eyJhbGciOiJIUzI1NiIsInR5cCI6IkpXVCJ9.eyJpZCI6MTEzMCwicm9sZSI6InVzZXIiLCJpYXQiOjE3MDQzNjAxMDYsImV4cCI6MTczNTg5NjEwNn0.QfT0h8vXZaUyMJc1hUARLN6XoPFCmUbPv4RkJO8bfig"
            },
            "coords": [
                [
                    11.90111,
                    57.67528
                ],
                [
                    11.90102,
                    57.67529
                ],
                [
                    11.90085,
                    57.6753
                ],
                [
                    11.90046,
                    57.67532
                ],
                [
                    11.90036,
                    57.67536
                ],
                [
                    11.90029,
                    57.67543
                ],
                [
                    11.90028,
                    57.6755
                ],
                [
                    11.9003,
                    57.67556
                ],
                [
                    11.90037,
                    57.67573
                ],
                [
                    11.90044,
                    57.6759
                ],
                [
                    11.90046,
                    57.67593
                ],
                [
                    11.90049,
                    57.67601
                ],
                [
                    11.90056,
                    57.67617
                ],
                [
                    11.90057,
                    57.67627
                ],
                [
                    11.90069,
                    57.6766
                ],
                [
                    11.90073,
                    57.67665
                ],
                [
                    11.90074,
                    57.6767
                ],
                [
                    11.90079,
                    57.67682
                ],
                [
                    11.9008,
                    57.67684
                ],
                [
                    11.90084,
                    57.67695
                ],
                [
                    11.90093,
                    57.67719
                ],
                [
                    11.90096,
                    57.67726
                ],
                [
                    11.901,
                    57.67733
                ],
                [
                    11.90101,
                    57.67736
                ],
                [
                    11.90111,
                    57.67746
                ],
                [
                    11.90122,
                    57.67755
                ],
                [
                    11.901,
                    57.67765
                ],
                [
                    11.9008,
                    57.67756
                ],
                [
                    11.90078,
                    57.67755
                ]
            ]
        }
    ]
}