{
    "city": 2,
    "initialStart": [
        11.86217,
        57.66313
    ],
    "trips": [
        {
            "summary": {
                "distance": 561.5,
                "duration": 130.1
            },
            "user": {
                "id": 1131,
                "token": "eyJhbGciOiJIUzI1NiIsInR5cCI6IkpXVCJ9.eyJpZCI6MTEzMSwicm9sZSI6InVzZXIiLCJpYXQiOjE3MDQzNjAxMDcsImV4cCI6MTczNTg5NjEwN30.gOyRB8-7ZF1wmwPgHRz9CQ714c0H1Q8RaNhrJSIGy_E"
            },
            "coords": [
                [
                    11.86217,
                    57.66313
                ],
                [
                    11.86222,
                    57.66302
                ],
                [
                    11.86229,
                    57.66288
                ],
                [
                    11.86233,
                    57.66281
                ],
                [
                    11.86234,
                    57.66279
                ],
                [
                    11.86244,
                    57.66261
                ],
                [
                    11.86244,
                    57.6626
                ],
                [
                    11.86264,
                    57.66225
                ],
                [
                    11.86278,
                    57.66213
                ],
                [
                    11.86285,
                    57.6621
                ],
                [
                    11.863,
                    57.66204
                ],
                [
                    11.86342,
                    57.66191
                ],
                [
                    11.86386,
                    57.66181
                ],
                [
                    11.86411,
                    57.66177
                ],
                [
                    11.86409,
                    57.66183
                ],
                [
                    11.86414,
                    57.66188
                ],
                [
                    11.86441,
                    57.66203
                ],
                [
                    11.86449,
                    57.66207
                ],
                [
                    11.86454,
                    57.6621
                ],
                [
                    11.86512,
                    57.66241
                ],
                [
                    11.86564,
                    57.6627
                ],
                [
                    11.86574,
                    57.66277
                ],
                [
                    11.86573,
                    57.66283
                ],
                [
                    11.8659,
                    57.66298
                ],
                [
                    11.86601,
                    57.66315
                ],
                [
                    11.86613,
                    57.66353
                ],
                [
                    11.86524,
                    57.66361
                ],
                [
                    11.86507,
                    57.66361
                ],
                [
                    11.86496,
                    57.66365
                ],
                [
                    11.86488,
                    57.66371
                ],
                [
                    11.86485,
                    57.66378
                ],
                [
                    11.86482,
                    57.66396
                ],
                [
                    11.86482,
                    57.66402
                ]
            ]
        }
    ]
}