{
    "city": 2,
    "initialStart": [
        11.94171,
        57.72797
    ],
    "trips": [
        {
            "summary": {
                "distance": 372.1,
                "duration": 67.1
            },
            "user": {
                "id": 1133,
                "token": "eyJhbGciOiJIUzI1NiIsInR5cCI6IkpXVCJ9.eyJpZCI6MTEzMywicm9sZSI6InVzZXIiLCJpYXQiOjE3MDQzNjAxMDcsImV4cCI6MTczNTg5NjEwN30.XzTYvz0lcBXBsJdFznjiUzERKssRfLLOQvn47OoVW_0"
            },
            "coords": [
                [
                    11.94171,
                    57.72797
                ],
                [
                    11.94379,
                    57.72787
                ],
                [
                    11.94402,
                    57.72782
                ],
                [
                    11.94521,
                    57.72776
                ],
                [
                    11.94542,
                    57.72776
                ],
                [
                    11.94548,
                    57.72762
                ],
                [
                    11.94548,
                    57.72755
                ],
                [
                    11.9453,
                    57.72745
                ],
                [
                    11.94514,
                    57.72739
                ],
                [
                    11.94517,
                    57.72729
                ],
                [
                    11.94513,
                    57.7272
                ],
                [
                    11.94511,
                    57.72715
                ],
                [
                    11.94517,
                    57.72708
                ],
                [
                    11.94546,
                    57.72693
                ],
                [
                    11.94548,
                    57.7269
                ],
                [
                    11.94548,
                    57.72677
                ],
                [
                    11.94512,
                    57.72679
                ]
            ]
        }
    ]
}