{
    "city": 2,
    "initialStart": [
        11.92636,
        57.652
    ],
    "trips": [
        {
            "summary": {
                "distance": 403.3,
                "duration": 72.1
            },
            "user": {
                "id": 1137,
                "token": "eyJhbGciOiJIUzI1NiIsInR5cCI6IkpXVCJ9.eyJpZCI6MTEzNywicm9sZSI6InVzZXIiLCJpYXQiOjE3MDQzNjAxMDgsImV4cCI6MTczNTg5NjEwOH0.Xa_YuRpXEp6sU9IREQ-I9CDgVzYVKdny57w8Q-IacM8"
            },
            "coords": [
                [
                    11.92636,
                    57.652
                ],
                [
                    11.92643,
                    57.65199
                ],
                [
                    11.92681,
                    57.65197
                ],
                [
                    11.92732,
                    57.65199
                ],
                [
                    11.92741,
                    57.652
                ],
                [
                    11.9283,
                    57.65204
                ],
                [
                    11.92872,
                    57.65203
                ],
                [
                    11.92871,
                    57.65201
                ],
                [
                    11.92868,
                    57.65181
                ],
                [
                    11.92871,
                    57.65153
                ],
                [
                    11.92883,
                    57.65125
                ],
                [
                    11.92898,
                    57.65108
                ],
                [
                    11.92854,
                    57.65099
                ],
                [
                    11.92812,
                    57.65093
                ],
                [
                    11.92827,
                    57.65065
                ],
                [
                    11.9284,
                    57.65041
                ],
                [
                    11.92903,
                    57.65049
                ]
            ]
        }
    ]
}