{
    "city": 2,
    "initialStart": [
        11.97958,
        57.73139
    ],
    "trips": [
        {
            "summary": {
                "distance": 732.7,
                "duration": 119.9
            },
            "user": {
                "id": 1138,
                "token": "eyJhbGciOiJIUzI1NiIsInR5cCI6IkpXVCJ9.eyJpZCI6MTEzOCwicm9sZSI6InVzZXIiLCJpYXQiOjE3MDQzNjAxMDgsImV4cCI6MTczNTg5NjEwOH0.ug-NWwvBQbuaTAPurV4uDyphHcz_q4orUdAIfXRy71M"
            },
            "coords": [
                [
                    11.97958,
                    57.73139
                ],
                [
                    11.9795,
                    57.73138
                ],
                [
                    11.97874,
                    57.73141
                ],
                [
                    11.9778,
                    57.73142
                ],
                [
                    11.97748,
                    57.73144
                ],
                [
                    11.97693,
                    57.73144
                ],
                [
                    11.97588,
                    57.73147
                ],
                [
                    11.97592,
                    57.73153
                ],
                [
                    11.97575,
                    57.73166
                ],
                [
                    11.97562,
                    57.73181
                ],
                [
                    11.97557,
                    57.7319
                ],
                [
                    11.97551,
                    57.73193
                ],
                [
                    11.97524,
                    57.73212
                ],
                [
                    11.97503,
                    57.7322
                ],
                [
                    11.97475,
                    57.73241
                ],
                [
                    11.97457,
                    57.7326
                ],
                [
                    11.97431,
                    57.73295
                ],
                [
                    11.97415,
                    57.73319
                ],
                [
                    11.97396,
                    57.73366
                ],
                [
                    11.974,
                    57.73367
                ],
                [
                    11.97421,
                    57.73382
                ],
                [
                    11.97427,
                    57.73384
                ],
                [
                    11.97439,
                    57.73367
                ],
                [
                    11.97452,
                    57.73359
                ],
                [
                    11.9747,
                    57.73354
                ],
                [
                    11.97505,
                    57.73348
                ],
                [
                    11.97531,
                    57.73344
                ],
                [
                    11.97522,
                    57.73327
                ],
                [
                    11.97518,
                    57.73313
                ],
                [
                    11.97516,
                    57.73286
                ],
                [
                    11.9752,
                    57.73267
                ],
                [
                    11.97528,
                    57.73253
                ],
                [
                    11.9755,
                    57.73237
                ]
            ]
        }
    ]
}