{
    "city": 2,
    "initialStart": [
        11.96792,
        57.69289
    ],
    "trips": [
        {
            "summary": {
                "distance": 429.2,
                "duration": 101.2
            },
            "user": {
                "id": 1140,
                "token": "eyJhbGciOiJIUzI1NiIsInR5cCI6IkpXVCJ9.eyJpZCI6MTE0MCwicm9sZSI6InVzZXIiLCJpYXQiOjE3MDQzNjAxNjksImV4cCI6MTczNTg5NjE2OX0.LLkCOLzzQwn1xqW3zVWrm3q21qGfuA3mH1Iw10HG6vk"
            },
            "coords": [
                [
                    11.96792,
                    57.69289
                ],
                [
                    11.96776,
                    57.69301
                ],
                [
                    11.96767,
                    57.69305
                ],
                [
                    11.96736,
                    57.693
                ],
                [
                    11.96719,
                    57.693
                ],
                [
                    11.96687,
                    57.693
                ],
                [
                    11.96683,
                    57.693
                ],
                [
                    11.96683,
                    57.69308
                ],
                [
                    11.96678,
                    57.69351
                ],
                [
                    11.96678,
                    57.69357
                ],
                [
                    11.96677,
                    57.69369
                ],
                [
                    11.96676,
                    57.6937
                ],
                [
                    11.96673,
                    57.69411
                ],
                [
                    11.9667,
                    57.69427
                ],
                [
                    11.96668,
                    57.69445
                ],
                [
                    11.96665,
                    57.69471
                ],
                [
                    11.96662,
                    57.69517
                ],
                [
                    11.96662,
                    57.69522
                ],
                [
                    11.96753,
                    57.69528
                ],
                [
                    11.96751,
                    57.6953
                ],
                [
                    11.96726,
                    57.6954
                ],
                [
                    11.96725,
                    57.69545
                ],
                [
                    11.96692,
                    57.69541
                ],
                [
                    11.96679,
                    57.69541
                ]
            ]
        }
    ]
}