{
    "city": 2,
    "initialStart": [
        11.9151,
        57.67425
    ],
    "trips": [
        {
            "summary": {
                "distance": 245.4,
                "duration": 110.4
            },
            "user": {
                "id": 1147,
                "token": "eyJhbGciOiJIUzI1NiIsInR5cCI6IkpXVCJ9.eyJpZCI6MTE0Nywicm9sZSI6InVzZXIiLCJpYXQiOjE3MDQzNjAxNzAsImV4cCI6MTczNTg5NjE3MH0.22Z3TAJprbFiB51wvkYR0aEVhZJD9LwsrtrAkPEKKz4"
            },
            "coords": [
                [
                    11.9151,
                    57.67425
                ],
                [
                    11.91533,
                    57.67423
                ],
                [
                    11.91527,
                    57.67404
                ],
                [
                    11.91525,
                    57.67399
                ],
                [
                    11.91604,
                    57.67392
                ],
                [
                    11.91635,
                    57.67389
                ],
                [
                    11.91683,
                    57.67385
                ],
                [
                    11.91691,
                    57.67385
                ],
                [
                    11.9175,
                    57.67377
                ],
                [
                    11.91789,
                    57.67373
                ],
                [
                    11.91809,
                    57.67371
                ],
                [
                    11.91824,
                    57.6737
                ],
                [
                    11.91855,
                    57.67367
                ],
                [
                    11.91863,
                    57.67366
                ]
            ]
        }
    ]
}