{
    "city": 2,
    "initialStart": [
        11.99901,
        57.70122
    ],
    "trips": [
        {
            "summary": {
                "distance": 846.8,
                "duration": 160.3
            },
            "user": {
                "id": 1148,
                "token": "eyJhbGciOiJIUzI1NiIsInR5cCI6IkpXVCJ9.eyJpZCI6MTE0OCwicm9sZSI6InVzZXIiLCJpYXQiOjE3MDQzNjAxNzAsImV4cCI6MTczNTg5NjE3MH0.fgAfObpHzoQLyen_klROlqcmQ5Q10tobfrLk1HwYI38"
            },
            "coords": [
                [
                    11.99901,
                    57.70122
                ],
                [
                    11.99911,
                    57.70128
                ],
                [
                    11.99934,
                    57.70138
                ],
                [
                    11.99954,
                    57.70139
                ],
                [
                    11.99966,
                    57.70138
                ],
                [
                    11.99976,
                    57.70135
                ],
                [
                    11.99987,
                    57.70129
                ],
                [
                    12.00046,
                    57.70079
                ],
                [
                    12.00052,
                    57.70074
                ],
                [
                    12.00034,
                    57.70066
                ],
                [
                    11.99988,
                    57.70038
                ],
                [
                    11.99954,
                    57.70004
                ],
                [
                    11.99938,
                    57.69991
                ],
                [
                    11.99892,
                    57.69957
                ],
                [
                    11.99874,
                    57.69941
                ],
                [
                    11.9986,
                    57.69926
                ],
                [
                    11.99861,
                    57.69919
                ],
                [
                    11.99784,
                    57.69896
                ],
                [
                    11.99772,
                    57.69893
                ],
                [
                    11.99753,
                    57.69889
                ],
                [
                    11.99694,
                    57.69874
                ],
                [
                    11.99664,
                    57.69868
                ],
                [
                    11.9963,
                    57.69859
                ],
                [
                    11.9962,
                    57.69858
                ],
                [
                    11.99611,
                    57.69859
                ],
                [
                    11.99603,
                    57.69865
                ],
                [
                    11.99597,
                    57.69874
                ],
                [
                    11.99558,
                    57.69956
                ],
                [
                    11.9955,
                    57.69986
                ],
                [
                    11.99541,
                    57.70022
                ],
                [
                    11.9954,
                    57.70047
                ],
                [
                    11.99552,
                    57.70105
                ],
                [
                    11.99553,
                    57.7011
                ],
                [
                    11.99564,
                    57.70158
                ]
            ]
        }
    ]
}