{
    "city": 2,
    "initialStart": [
        11.90043,
        57.67363
    ],
    "trips": [
        {
            "summary": {
                "distance": 570,
                "duration": 119.1
            },
            "user": {
                "id": 1160,
                "token": "eyJhbGciOiJIUzI1NiIsInR5cCI6IkpXVCJ9.eyJpZCI6MTE2MCwicm9sZSI6InVzZXIiLCJpYXQiOjE3MDQzNjAxNzMsImV4cCI6MTczNTg5NjE3M30.DNk6T_bLQYse2hYg9GgD9uuaHUG4i2j-KtHAq1z4emQ"
            },
            "coords": [
                [
                    11.90043,
                    57.67363
                ],
                [
                    11.90047,
                    57.67357
                ],
                [
                    11.90047,
                    57.67345
                ],
                [
                    11.90061,
                    57.67338
                ],
                [
                    11.90109,
                    57.67318
                ],
                [
                    11.90124,
                    57.67323
                ],
                [
                    11.90133,
                    57.67332
                ],
                [
                    11.9014,
                    57.67333
                ],
                [
                    11.90141,
                    57.67334
                ],
                [
                    11.9013,
                    57.67366
                ],
                [
                    11.90126,
                    57.67391
                ],
                [
                    11.90126,
                    57.67395
                ],
                [
                    11.90216,
                    57.67392
                ],
                [
                    11.90224,
                    57.67392
                ],
                [
                    11.90237,
                    57.67391
                ],
                [
                    11.90245,
                    57.67391
                ],
                [
                    11.90251,
                    57.67391
                ],
                [
                    11.90255,
                    57.67391
                ],
                [
                    11.90291,
                    57.67389
                ],
                [
                    11.90323,
                    57.67388
                ],
                [
                    11.90335,
                    57.6737
                ],
                [
                    11.9035,
                    57.67334
                ],
                [
                    11.90359,
                    57.67315
                ],
                [
                    11.90367,
                    57.67297
                ],
                [
                    11.90371,
                    57.67282
                ],
                [
                    11.90375,
                    57.67258
                ],
                [
                    11.90378,
                    57.67229
                ],
                [
                    11.90381,
                    57.67196
                ],
                [
                    11.90291,
                    57.672
                ],
                [
                    11.90264,
                    57.67202
                ]
            ]
        }
    ]
}