{
    "city": 2,
    "initialStart": [
        11.93319,
        57.73638
    ],
    "trips": [
        {
            "summary": {
                "distance": 503.7,
                "duration": 129.5
            },
            "user": {
                "id": 1162,
                "token": "eyJhbGciOiJIUzI1NiIsInR5cCI6IkpXVCJ9.eyJpZCI6MTE2Miwicm9sZSI6InVzZXIiLCJpYXQiOjE3MDQzNjAyMzQsImV4cCI6MTczNTg5NjIzNH0.3-vTWc25-EKYiPsHjtxzteTaCXLqBwpIjdHE5meoXkw"
            },
            "coords": [
                [
                    11.93319,
                    57.73638
                ],
                [
                    11.93308,
                    57.7363
                ],
                [
                    11.93302,
                    57.7362
                ],
                [
                    11.9329,
                    57.73615
                ],
                [
                    11.93275,
                    57.73619
                ],
                [
                    11.93265,
                    57.73624
                ],
                [
                    11.93244,
                    57.73625
                ],
                [
                    11.93197,
                    57.73621
                ],
                [
                    11.93161,
                    57.73623
                ],
                [
                    11.93131,
                    57.73621
                ],
                [
                    11.93115,
                    57.73616
                ],
                [
                    11.93101,
                    57.73617
                ],
                [
                    11.93086,
                    57.73629
                ],
                [
                    11.93062,
                    57.73627
                ],
                [
                    11.93049,
                    57.73662
                ],
                [
                    11.93041,
                    57.73675
                ],
                [
                    11.93047,
                    57.73707
                ],
                [
                    11.93039,
                    57.73706
                ],
                [
                    11.93027,
                    57.73695
                ],
                [
                    11.9301,
                    57.7369
                ],
                [
                    11.92977,
                    57.73687
                ],
                [
                    11.92946,
                    57.73701
                ],
                [
                    11.92931,
                    57.73712
                ],
                [
                    11.92911,
                    57.73704
                ],
                [
                    11.92895,
                    57.73701
                ],
                [
                    11.9278,
                    57.73708
                ],
                [
                    11.92803,
                    57.73665
                ]
            ]
        }
    ]
}