{
    "city": 2,
    "initialStart": [
        11.99227,
        57.73026
    ],
    "trips": [
        {
            "summary": {
                "distance": 1264.2,
                "duration": 227.4
            },
            "user": {
                "id": 1170,
                "token": "eyJhbGciOiJIUzI1NiIsInR5cCI6IkpXVCJ9.eyJpZCI6MTE3MCwicm9sZSI6InVzZXIiLCJpYXQiOjE3MDQzNjAyMzUsImV4cCI6MTczNTg5NjIzNX0.FtembIV4eed8VRz1r-hS3UVoVsd7-ZkIXyLY1SA4NLs"
            },
            "coords": [
                [
                    11.99227,
                    57.73026
                ],
                [
                    11.9924,
                    57.73049
                ],
                [
                    11.99247,
                    57.73071
                ],
                [
                    11.99255,
                    57.73075
                ],
                [
                    11.99259,
                    57.73083
                ],
                [
                    11.99228,
                    57.73088
                ],
                [
                    11.99119,
                    57.73103
                ],
                [
                    11.99038,
                    57.73117
                ],
                [
                    11.99026,
                    57.73119
                ],
                [
                    11.99015,
                    57.73126
                ],
                [
                    11.99012,
                    57.73131
                ],
                [
                    11.99037,
                    57.73178
                ],
                [
                    11.99048,
                    57.73197
                ],
                [
                    11.99051,
                    57.73206
                ],
                [
                    11.99049,
                    57.73215
                ],
                [
                    11.99038,
                    57.73223
                ],
                [
                    11.99024,
                    57.73222
                ],
                [
                    11.98999,
                    57.73226
                ],
                [
                    11.98787,
                    57.73257
                ],
                [
                    11.98738,
                    57.73265
                ],
                [
                    11.98699,
                    57.73271
                ],
                [
                    11.98697,
                    57.73262
                ],
                [
                    11.98691,
                    57.73256
                ],
                [
                    11.98691,
                    57.73217
                ],
                [
                    11.98688,
                    57.73199
                ],
                [
                    11.98677,
                    57.73171
                ],
                [
                    11.98665,
                    57.73145
                ],
                [
                    11.98666,
                    57.7314
                ],
                [
                    11.98681,
                    57.73122
                ],
                [
                    11.9868,
                    57.73115
                ],
                [
                    11.98676,
                    57.73107
                ],
                [
                    11.98672,
                    57.73101
                ],
                [
                    11.98696,
                    57.73101
                ],
                [
                    11.98891,
                    57.7307
                ],
                [
                    11.98899,
                    57.73068
                ],
                [
                    11.98911,
                    57.73062
                ],
                [
                    11.9894,
                    57.73046
                ],
                [
                    11.98953,
                    57.73039
                ],
                [
                    11.98967,
                    57.7304
                ],
                [
                    11.98979,
                    57.73041
                ],
                [
                    11.98994,
                    57.73042
                ],
                [
                    11.9902,
                    57.72957
                ],
                [
                    11.99021,
                    57.72942
                ],
                [
                    11.99018,
                    57.72926
                ],
                [
                    11.9901,
                    57.72906
                ],
                [
                    11.99014,
                    57.72899
                ],
                [
                    11.99022,
                    57.72893
                ],
                [
                    11.9904,
                    57.7289
                ],
                [
                    11.99205,
                    57.72865
                ],
                [
                    11.99255,
                    57.72856
                ],
                [
                    11.99259,
                    57.72855
                ]
            ]
        }
    ]
}