{
    "city": 2,
    "initialStart": [
        11.98675,
        57.7322
    ],
    "trips": [
        {
            "summary": {
                "distance": 904.1,
                "duration": 147.9
            },
            "user": {
                "id": 1171,
                "token": "eyJhbGciOiJIUzI1NiIsInR5cCI6IkpXVCJ9.eyJpZCI6MTE3MSwicm9sZSI6InVzZXIiLCJpYXQiOjE3MDQzNjAyMzUsImV4cCI6MTczNTg5NjIzNX0.dxqMzcBuoxR42EHnOOwTlEPtxwbzYsSMRi4b3h4xBf8"
            },
            "coords": [
                [
                    11.98675,
                    57.7322
                ],
                [
                    11.98667,
                    57.73187
                ],
                [
                    11.98643,
                    57.73143
                ],
                [
                    11.98657,
                    57.73141
                ],
                [
                    11.98666,
                    57.7314
                ],
                [
                    11.98681,
                    57.73122
                ],
                [
                    11.9868,
                    57.73115
                ],
                [
                    11.98676,
                    57.73107
                ],
                [
                    11.98672,
                    57.73101
                ],
                [
                    11.98652,
                    57.73098
                ],
                [
                    11.98617,
                    57.73075
                ],
                [
                    11.98599,
                    57.73065
                ],
                [
                    11.98562,
                    57.73053
                ],
                [
                    11.98544,
                    57.73049
                ],
                [
                    11.98503,
                    57.73044
                ],
                [
                    11.98462,
                    57.73041
                ],
                [
                    11.98439,
                    57.73043
                ],
                [
                    11.98424,
                    57.73046
                ],
                [
                    11.98411,
                    57.73052
                ],
                [
                    11.98394,
                    57.73054
                ],
                [
                    11.9834,
                    57.73062
                ],
                [
                    11.9828,
                    57.73074
                ],
                [
                    11.98225,
                    57.73088
                ],
                [
                    11.98221,
                    57.73089
                ],
                [
                    11.98219,
                    57.7309
                ],
                [
                    11.98211,
                    57.73091
                ],
                [
                    11.98183,
                    57.73087
                ],
                [
                    11.98172,
                    57.73089
                ],
                [
                    11.98163,
                    57.73091
                ],
                [
                    11.98151,
                    57.73093
                ],
                [
                    11.98131,
                    57.73104
                ],
                [
                    11.98137,
                    57.73115
                ],
                [
                    11.9814,
                    57.7312
                ],
                [
                    11.98144,
                    57.73125
                ],
                [
                    11.98167,
                    57.73134
                ],
                [
                    11.98178,
                    57.73145
                ],
                [
                    11.98203,
                    57.73188
                ],
                [
                    11.98214,
                    57.732
                ],
                [
                    11.98225,
                    57.73209
                ],
                [
                    11.98246,
                    57.73241
                ],
                [
                    11.98264,
                    57.7326
                ],
                [
                    11.98297,
                    57.73282
                ],
                [
                    11.98357,
                    57.73315
                ],
                [
                    11.98372,
                    57.73328
                ],
                [
                    11.98403,
                    57.7335
                ],
                [
                    11.98415,
                    57.73362
                ],
                [
                    11.98422,
                    57.73374
                ],
                [
                    11.98421,
                    57.73385
                ],
                [
                    11.98441,
                    57.73382
                ],
                [
                    11.98448,
                    57.73396
                ]
            ]
        }
    ]
}