{
    "city": 2,
    "initialStart": [
        11.89281,
        57.69946
    ],
    "trips": [
        {
            "summary": {
                "distance": 850.9,
                "duration": 139.2
            },
            "user": {
                "id": 1172,
                "token": "eyJhbGciOiJIUzI1NiIsInR5cCI6IkpXVCJ9.eyJpZCI6MTE3Miwicm9sZSI6InVzZXIiLCJpYXQiOjE3MDQzNjAyMzYsImV4cCI6MTczNTg5NjIzNn0.v052DEXadVcyQuDcUzCNmw9r4eTBOYdgZrXHltVJiqQ"
            },
            "coords": [
                [
                    11.89281,
                    57.69946
                ],
                [
                    11.89291,
                    57.69938
                ],
                [
                    11.89308,
                    57.6993
                ],
                [
                    11.89303,
                    57.69912
                ],
                [
                    11.89297,
                    57.69906
                ],
                [
                    11.89276,
                    57.699
                ],
                [
                    11.8925,
                    57.69883
                ],
                [
                    11.89247,
                    57.69873
                ],
                [
                    11.89255,
                    57.69868
                ],
                [
                    11.89286,
                    57.69861
                ],
                [
                    11.89311,
                    57.69859
                ],
                [
                    11.89428,
                    57.69858
                ],
                [
                    11.8951,
                    57.6986
                ],
                [
                    11.89557,
                    57.69866
                ],
                [
                    11.89621,
                    57.69878
                ],
                [
                    11.89637,
                    57.69883
                ],
                [
                    11.89657,
                    57.6989
                ],
                [
                    11.89687,
                    57.69907
                ],
                [
                    11.89718,
                    57.69927
                ],
                [
                    11.89744,
                    57.69938
                ],
                [
                    11.89754,
                    57.6994
                ],
                [
                    11.89809,
                    57.69939
                ],
                [
                    11.89818,
                    57.69937
                ],
                [
                    11.89855,
                    57.69911
                ],
                [
                    11.89857,
                    57.69907
                ],
                [
                    11.89856,
                    57.69901
                ],
                [
                    11.89839,
                    57.69886
                ],
                [
                    11.8983,
                    57.69884
                ],
                [
                    11.89759,
                    57.69874
                ],
                [
                    11.89738,
                    57.69867
                ],
                [
                    11.89707,
                    57.6985
                ],
                [
                    11.89702,
                    57.69846
                ],
                [
                    11.89698,
                    57.69837
                ],
                [
                    11.89689,
                    57.69825
                ],
                [
                    11.89696,
                    57.69817
                ],
                [
                    11.89615,
                    57.69799
                ],
                [
                    11.89608,
                    57.69808
                ],
                [
                    11.89551,
                    57.69818
                ],
                [
                    11.89508,
                    57.6982
                ],
                [
                    11.89482,
                    57.69816
                ],
                [
                    11.89429,
                    57.69801
                ]
            ]
        }
    ]
}