{
    "city": 2,
    "initialStart": [
        12.01629,
        57.73334
    ],
    "trips": [
        {
            "summary": {
                "distance": 584.7,
                "duration": 134.1
            },
            "user": {
                "id": 1174,
                "token": "eyJhbGciOiJIUzI1NiIsInR5cCI6IkpXVCJ9.eyJpZCI6MTE3NCwicm9sZSI6InVzZXIiLCJpYXQiOjE3MDQzNjAyMzYsImV4cCI6MTczNTg5NjIzNn0.DeC0BrK6sbyV5r1eQZTguxGUn-PaqFQ541ijSDhC970"
            },
            "coords": [
                [
                    12.01629,
                    57.73334
                ],
                [
                    12.01632,
                    57.73349
                ],
                [
                    12.01627,
                    57.73369
                ],
                [
                    12.01679,
                    57.73362
                ],
                [
                    12.01728,
                    57.73357
                ],
                [
                    12.01805,
                    57.73351
                ],
                [
                    12.01845,
                    57.73347
                ],
                [
                    12.01858,
                    57.73346
                ],
                [
                    12.01899,
                    57.73344
                ],
                [
                    12.01962,
                    57.73337
                ],
                [
                    12.02,
                    57.73334
                ],
                [
                    12.02001,
                    57.73323
                ],
                [
                    12.02002,
                    57.73301
                ],
                [
                    12.02002,
                    57.733
                ],
                [
                    12.02003,
                    57.73288
                ],
                [
                    12.02004,
                    57.73271
                ],
                [
                    12.02004,
                    57.73265
                ],
                [
                    12.02004,
                    57.73265
                ],
                [
                    12.02005,
                    57.73246
                ],
                [
                    12.02009,
                    57.73236
                ],
                [
                    12.02016,
                    57.73228
                ],
                [
                    12.02063,
                    57.73186
                ],
                [
                    12.02107,
                    57.73146
                ],
                [
                    12.0211,
                    57.73146
                ],
                [
                    12.02113,
                    57.73143
                ],
                [
                    12.02112,
                    57.73138
                ],
                [
                    12.021,
                    57.73133
                ],
                [
                    12.02071,
                    57.73125
                ],
                [
                    12.02059,
                    57.73124
                ],
                [
                    12.02061,
                    57.73134
                ],
                [
                    12.02056,
                    57.73145
                ],
                [
                    12.02034,
                    57.73164
                ]
            ]
        }
    ]
}