{
    "city": 2,
    "initialStart": [
        11.90863,
        57.6551
    ],
    "trips": [
        {
            "summary": {
                "distance": 605.1,
                "duration": 123.4
            },
            "user": {
                "id": 1175,
                "token": "eyJhbGciOiJIUzI1NiIsInR5cCI6IkpXVCJ9.eyJpZCI6MTE3NSwicm9sZSI6InVzZXIiLCJpYXQiOjE3MDQzNjAyMzYsImV4cCI6MTczNTg5NjIzNn0.Na3WUSl87nKbdqGUN9EnwhdpVZAQ6SmPZ6exuh2zhig"
            },
            "coords": [
                [
                    11.90863,
                    57.6551
                ],
                [
                    11.90863,
                    57.65498
                ],
                [
                    11.90859,
                    57.6545
                ],
                [
                    11.90857,
                    57.65434
                ],
                [
                    11.90856,
                    57.65426
                ],
                [
                    11.90853,
                    57.65422
                ],
                [
                    11.90839,
                    57.65414
                ],
                [
                    11.90802,
                    57.65404
                ],
                [
                    11.90775,
                    57.65398
                ],
                [
                    11.90767,
                    57.65395
                ],
                [
                    11.90773,
                    57.6539
                ],
                [
                    11.9077,
                    57.65381
                ],
                [
                    11.90787,
                    57.65329
                ],
                [
                    11.90791,
                    57.65326
                ],
                [
                    11.9082,
                    57.65315
                ],
                [
                    11.90907,
                    57.6531
                ],
                [
                    11.90965,
                    57.65309
                ],
                [
                    11.91022,
                    57.65316
                ],
                [
                    11.91047,
                    57.65321
                ],
                [
                    11.91057,
                    57.65327
                ],
                [
                    11.91062,
                    57.65332
                ],
                [
                    11.91089,
                    57.65374
                ],
                [
                    11.91176,
                    57.65373
                ],
                [
                    11.91186,
                    57.65365
                ],
                [
                    11.91218,
                    57.65354
                ],
                [
                    11.91241,
                    57.65369
                ],
                [
                    11.91275,
                    57.65397
                ]
            ]
        }
    ]
}