{
    "city": 2,
    "initialStart": [
        11.97358,
        57.68989
    ],
    "trips": [
        {
            "summary": {
                "distance": 707.9,
                "duration": 157.3
            },
            "user": {
                "id": 1179,
                "token": "eyJhbGciOiJIUzI1NiIsInR5cCI6IkpXVCJ9.eyJpZCI6MTE3OSwicm9sZSI6InVzZXIiLCJpYXQiOjE3MDQzNjAyMzcsImV4cCI6MTczNTg5NjIzN30.zBdF-Caa46yaVICpVuf3sDHij7R0LY1-fq_hGxzdFy0"
            },
            "coords": [
                [
                    11.97358,
                    57.68989
                ],
                [
                    11.97352,
                    57.68994
                ],
                [
                    11.97371,
                    57.69
                ],
                [
                    11.97375,
                    57.69005
                ],
                [
                    11.97376,
                    57.69013
                ],
                [
                    11.97371,
                    57.6903
                ],
                [
                    11.97363,
                    57.6903
                ],
                [
                    11.97355,
                    57.69031
                ],
                [
                    11.97342,
                    57.69033
                ],
                [
                    11.97333,
                    57.69034
                ],
                [
                    11.97323,
                    57.69037
                ],
                [
                    11.97311,
                    57.69032
                ],
                [
                    11.97262,
                    57.69015
                ],
                [
                    11.97232,
                    57.69004
                ],
                [
                    11.9722,
                    57.69
                ],
                [
                    11.97193,
                    57.68998
                ],
                [
                    11.97177,
                    57.68999
                ],
                [
                    11.97139,
                    57.69008
                ],
                [
                    11.97102,
                    57.69013
                ],
                [
                    11.97066,
                    57.69013
                ],
                [
                    11.97052,
                    57.6901
                ],
                [
                    11.97014,
                    57.69001
                ],
                [
                    11.9691,
                    57.68951
                ],
                [
                    11.9687,
                    57.68935
                ],
                [
                    11.96853,
                    57.68927
                ],
                [
                    11.96847,
                    57.68925
                ],
                [
                    11.96797,
                    57.68906
                ],
                [
                    11.96793,
                    57.68904
                ],
                [
                    11.96772,
                    57.68892
                ],
                [
                    11.96771,
                    57.68892
                ],
                [
                    11.96767,
                    57.68888
                ],
                [
                    11.9676,
                    57.68884
                ],
                [
                    11.96765,
                    57.6888
                ],
                [
                    11.96777,
                    57.68871
                ],
                [
                    11.9678,
                    57.68867
                ],
                [
                    11.96789,
                    57.68861
                ],
                [
                    11.9681,
                    57.68857
                ],
                [
                    11.96831,
                    57.68858
                ],
                [
                    11.96852,
                    57.68865
                ],
                [
                    11.96871,
                    57.68864
                ],
                [
                    11.96875,
                    57.68863
                ],
                [
                    11.96877,
                    57.68866
                ],
                [
                    11.9688,
                    57.68868
                ],
                [
                    11.96882,
                    57.68871
                ],
                [
                    11.96886,
                    57.68873
                ],
                [
                    11.96889,
                    57.68875
                ],
                [
                    11.96909,
                    57.68895
                ],
                [
                    11.9701,
                    57.68855
                ],
                [
                    11.97011,
                    57.68838
                ],
                [
                    11.97013,
                    57.68836
                ]
            ]
        }
    ]
}