{
    "city": 2,
    "initialStart": [
        11.9038,
        57.66629
    ],
    "trips": [
        {
            "summary": {
                "distance": 833.5,
                "duration": 178.6
            },
            "user": {
                "id": 1184,
                "token": "eyJhbGciOiJIUzI1NiIsInR5cCI6IkpXVCJ9.eyJpZCI6MTE4NCwicm9sZSI6InVzZXIiLCJpYXQiOjE3MDQzNjAyMzgsImV4cCI6MTczNTg5NjIzOH0.xMN4sxZYLhHHBzry5Hv75xjfqvJ1II8of4NitD8AvLY"
            },
            "coords": [
                [
                    11.9038,
                    57.66629
                ],
                [
                    11.90253,
                    57.66621
                ],
                [
                    11.90227,
                    57.6662
                ],
                [
                    11.9018,
                    57.66615
                ],
                [
                    11.90172,
                    57.66614
                ],
                [
                    11.90126,
                    57.66607
                ],
                [
                    11.90013,
                    57.6658
                ],
                [
                    11.89963,
                    57.66568
                ],
                [
                    11.89913,
                    57.66555
                ],
                [
                    11.89883,
                    57.66548
                ],
                [
                    11.89898,
                    57.66531
                ],
                [
                    11.89908,
                    57.66518
                ],
                [
                    11.89919,
                    57.665
                ],
                [
                    11.89927,
                    57.66491
                ],
                [
                    11.89968,
                    57.66496
                ],
                [
                    11.89974,
                    57.66498
                ],
                [
                    11.8998,
                    57.66504
                ],
                [
                    11.90007,
                    57.6651
                ],
                [
                    11.90018,
                    57.66515
                ],
                [
                    11.90048,
                    57.66518
                ],
                [
                    11.90065,
                    57.66522
                ],
                [
                    11.90098,
                    57.66526
                ],
                [
                    11.90192,
                    57.6653
                ],
                [
                    11.90255,
                    57.66518
                ],
                [
                    11.9031,
                    57.66507
                ],
                [
                    11.90324,
                    57.66504
                ],
                [
                    11.90339,
                    57.66496
                ],
                [
                    11.90347,
                    57.66483
                ],
                [
                    11.9037,
                    57.6648
                ],
                [
                    11.90378,
                    57.66471
                ],
                [
                    11.90367,
                    57.66444
                ],
                [
                    11.90348,
                    57.66432
                ],
                [
                    11.90352,
                    57.66427
                ],
                [
                    11.90368,
                    57.66418
                ],
                [
                    11.9041,
                    57.664
                ],
                [
                    11.9044,
                    57.66391
                ],
                [
                    11.90467,
                    57.66373
                ]
            ]
        }
    ]
}