{
    "city": 2,
    "initialStart": [
        11.90071,
        57.70404
    ],
    "trips": [
        {
            "summary": {
                "distance": 440.3,
                "duration": 77
            },
            "user": {
                "id": 1185,
                "token": "eyJhbGciOiJIUzI1NiIsInR5cCI6IkpXVCJ9.eyJpZCI6MTE4NSwicm9sZSI6InVzZXIiLCJpYXQiOjE3MDQzNjAyMzksImV4cCI6MTczNTg5NjIzOX0.5wO7pbOUekT6-eCt6Cpe2-6WNgLVSswZsC9bFfWb_10"
            },
            "coords": [
                [
                    11.90071,
                    57.70404
                ],
                [
                    11.90132,
                    57.70447
                ],
                [
                    11.90113,
                    57.70452
                ],
                [
                    11.90053,
                    57.70486
                ],
                [
                    11.90024,
                    57.70504
                ],
                [
                    11.89995,
                    57.70521
                ],
                [
                    11.8991,
                    57.70572
                ],
                [
                    11.89882,
                    57.70561
                ],
                [
                    11.89862,
                    57.70552
                ],
                [
                    11.89828,
                    57.70539
                ],
                [
                    11.89808,
                    57.70531
                ],
                [
                    11.89786,
                    57.70522
                ],
                [
                    11.89747,
                    57.70506
                ],
                [
                    11.89742,
                    57.70504
                ],
                [
                    11.89728,
                    57.70498
                ],
                [
                    11.89692,
                    57.70483
                ],
                [
                    11.89721,
                    57.70466
                ]
            ]
        }
    ]
}