{
    "city": 2,
    "initialStart": [
        11.85661,
        57.67341
    ],
    "trips": [
        {
            "summary": {
                "distance": 459.1,
                "duration": 76.6
            },
            "user": {
                "id": 1188,
                "token": "eyJhbGciOiJIUzI1NiIsInR5cCI6IkpXVCJ9.eyJpZCI6MTE4OCwicm9sZSI6InVzZXIiLCJpYXQiOjE3MDQzNjAyMzksImV4cCI6MTczNTg5NjIzOX0.TA8TLD83US6u5pvKuzfH2k8kfl4jUy5KH8RaPh12JnQ"
            },
            "coords": [
                [
                    11.85661,
                    57.67341
                ],
                [
                    11.85639,
                    57.6736
                ],
                [
                    11.85662,
                    57.67366
                ],
                [
                    11.85699,
                    57.67375
                ],
                [
                    11.85746,
                    57.6739
                ],
                [
                    11.85796,
                    57.67359
                ],
                [
                    11.85814,
                    57.67336
                ],
                [
                    11.85827,
                    57.67318
                ],
                [
                    11.85844,
                    57.67297
                ],
                [
                    11.85856,
                    57.67279
                ],
                [
                    11.85832,
                    57.67274
                ],
                [
                    11.85814,
                    57.67266
                ],
                [
                    11.85804,
                    57.67257
                ],
                [
                    11.85792,
                    57.6724
                ],
                [
                    11.85775,
                    57.67196
                ],
                [
                    11.85847,
                    57.67195
                ],
                [
                    11.85849,
                    57.67195
                ],
                [
                    11.85888,
                    57.67195
                ],
                [
                    11.85899,
                    57.67195
                ],
                [
                    11.85927,
                    57.67197
                ],
                [
                    11.85945,
                    57.67199
                ],
                [
                    11.85947,
                    57.67192
                ]
            ]
        }
    ]
}