{
    "city": 1,
    "initialStart": [
        18.05669,
        59.3317
    ],
    "trips": [
        {
            "summary": {
                "distance": 644.4,
                "duration": 112.6
            },
            "user": {
                "id": 119,
                "token": "eyJhbGciOiJIUzI1NiIsInR5cCI6IkpXVCJ9.eyJpZCI6MTE5LCJyb2xlIjoidXNlciIsImlhdCI6MTcwMjg5MDk1NCwiZXhwIjoxNzM0NDI2OTU0fQ.Df6R4KGulkuEmpS5lWRS3gm3bPnZ1yVAxmy9Uucx9_M"
            },
            "coords": [
                [
                    18.05669,
                    59.3317
                ],
                [
                    18.05629,
                    59.33208
                ],
                [
                    18.05629,
                    59.33213
                ],
                [
                    18.05629,
                    59.33219
                ],
                [
                    18.05644,
                    59.33218
                ],
                [
                    18.05739,
                    59.33242
                ],
                [
                    18.05735,
                    59.33246
                ],
                [
                    18.0574,
                    59.33247
                ],
                [
                    18.05748,
                    59.33249
                ],
                [
                    18.05763,
                    59.33254
                ],
                [
                    18.05756,
                    59.33261
                ],
                [
                    18.05768,
                    59.33264
                ],
                [
                    18.05674,
                    59.33368
                ],
                [
                    18.05664,
                    59.33379
                ],
                [
                    18.05658,
                    59.33377
                ],
                [
                    18.05643,
                    59.33378
                ],
                [
                    18.05628,
                    59.33374
                ],
                [
                    18.05505,
                    59.33342
                ],
                [
                    18.05388,
                    59.33313
                ],
                [
                    18.05363,
                    59.33307
                ],
                [
                    18.0525,
                    59.3328
                ],
                [
                    18.05237,
                    59.33277
                ],
                [
                    18.05245,
                    59.33267
                ],
                [
                    18.05258,
                    59.33271
                ],
                [
                    18.05267,
                    59.33265
                ],
                [
                    18.05298,
                    59.33233
                ]
            ]
        }
    ]
}