{
    "city": 2,
    "initialStart": [
        12.02481,
        57.71351
    ],
    "trips": [
        {
            "summary": {
                "distance": 414.7,
                "duration": 73.1
            },
            "user": {
                "id": 1190,
                "token": "eyJhbGciOiJIUzI1NiIsInR5cCI6IkpXVCJ9.eyJpZCI6MTE5MCwicm9sZSI6InVzZXIiLCJpYXQiOjE3MDQzNjAyNDAsImV4cCI6MTczNTg5NjI0MH0.ZjnFe3Uhh6x912h2p_W6kRNtJD080TWkVbtoe_gH8qw"
            },
            "coords": [
                [
                    12.02481,
                    57.71351
                ],
                [
                    12.02462,
                    57.71351
                ],
                [
                    12.02463,
                    57.71354
                ],
                [
                    12.02458,
                    57.71355
                ],
                [
                    12.02456,
                    57.7135
                ],
                [
                    12.02446,
                    57.71349
                ],
                [
                    12.02431,
                    57.71348
                ],
                [
                    12.02408,
                    57.71344
                ],
                [
                    12.02396,
                    57.71341
                ],
                [
                    12.02318,
                    57.71339
                ],
                [
                    12.02188,
                    57.71337
                ],
                [
                    12.02177,
                    57.71368
                ],
                [
                    12.02168,
                    57.71393
                ],
                [
                    12.0216,
                    57.71416
                ],
                [
                    12.02152,
                    57.71436
                ],
                [
                    12.0212,
                    57.7153
                ],
                [
                    12.0213,
                    57.71532
                ],
                [
                    12.02131,
                    57.71534
                ],
                [
                    12.02131,
                    57.71536
                ]
            ]
        }
    ]
}