{
    "city": 2,
    "initialStart": [
        11.88024,
        57.6751
    ],
    "trips": [
        {
            "summary": {
                "distance": 443.5,
                "duration": 83
            },
            "user": {
                "id": 1191,
                "token": "eyJhbGciOiJIUzI1NiIsInR5cCI6IkpXVCJ9.eyJpZCI6MTE5MSwicm9sZSI6InVzZXIiLCJpYXQiOjE3MDQzNjAyNDAsImV4cCI6MTczNTg5NjI0MH0.Pf1Eyjs--hVu-haSmLMkvvrR7UXOl3nOARM7RVtAKwY"
            },
            "coords": [
                [
                    11.88024,
                    57.6751
                ],
                [
                    11.88029,
                    57.67508
                ],
                [
                    11.88039,
                    57.67502
                ],
                [
                    11.88034,
                    57.675
                ],
                [
                    11.88053,
                    57.6749
                ],
                [
                    11.88067,
                    57.67498
                ],
                [
                    11.88092,
                    57.67512
                ],
                [
                    11.88135,
                    57.67529
                ],
                [
                    11.88171,
                    57.67544
                ],
                [
                    11.88193,
                    57.67559
                ],
                [
                    11.88219,
                    57.67588
                ],
                [
                    11.88261,
                    57.67628
                ],
                [
                    11.88291,
                    57.67663
                ],
                [
                    11.88301,
                    57.67671
                ],
                [
                    11.88344,
                    57.67693
                ],
                [
                    11.88351,
                    57.67691
                ],
                [
                    11.88357,
                    57.67686
                ],
                [
                    11.88363,
                    57.67668
                ],
                [
                    11.88379,
                    57.67622
                ],
                [
                    11.88382,
                    57.67614
                ],
                [
                    11.8843,
                    57.6762
                ]
            ]
        }
    ]
}