{
    "city": 2,
    "initialStart": [
        12.03151,
        57.71588
    ],
    "trips": [
        {
            "summary": {
                "distance": 507.4,
                "duration": 87.8
            },
            "user": {
                "id": 1192,
                "token": "eyJhbGciOiJIUzI1NiIsInR5cCI6IkpXVCJ9.eyJpZCI6MTE5Miwicm9sZSI6InVzZXIiLCJpYXQiOjE3MDQzNjAzMDEsImV4cCI6MTczNTg5NjMwMX0.WCS9M3GBa9bl7NJ2FImeRpbj63wgC5I8UgawI9SkKcA"
            },
            "coords": [
                [
                    12.03151,
                    57.71588
                ],
                [
                    12.03156,
                    57.71589
                ],
                [
                    12.0316,
                    57.71592
                ],
                [
                    12.03173,
                    57.71602
                ],
                [
                    12.03227,
                    57.71646
                ],
                [
                    12.03302,
                    57.71709
                ],
                [
                    12.03304,
                    57.71716
                ],
                [
                    12.03319,
                    57.71717
                ],
                [
                    12.0332,
                    57.71721
                ],
                [
                    12.03321,
                    57.71727
                ],
                [
                    12.03332,
                    57.71736
                ],
                [
                    12.0336,
                    57.71758
                ],
                [
                    12.03368,
                    57.71765
                ],
                [
                    12.03372,
                    57.71769
                ],
                [
                    12.03201,
                    57.71777
                ],
                [
                    12.03203,
                    57.71792
                ],
                [
                    12.03206,
                    57.71799
                ],
                [
                    12.03161,
                    57.71803
                ],
                [
                    12.03164,
                    57.71809
                ],
                [
                    12.03174,
                    57.71816
                ],
                [
                    12.03233,
                    57.71842
                ],
                [
                    12.0327,
                    57.71857
                ],
                [
                    12.03273,
                    57.71854
                ],
                [
                    12.03278,
                    57.71843
                ]
            ]
        }
    ]
}