{
    "city": 2,
    "initialStart": [
        11.97614,
        57.72281
    ],
    "trips": [
        {
            "summary": {
                "distance": 463.9,
                "duration": 75.9
            },
            "user": {
                "id": 1196,
                "token": "eyJhbGciOiJIUzI1NiIsInR5cCI6IkpXVCJ9.eyJpZCI6MTE5Niwicm9sZSI6InVzZXIiLCJpYXQiOjE3MDQzNjAzMDEsImV4cCI6MTczNTg5NjMwMX0.OXXjsX_4E1nioEHrD3gHVENIP0P9SUhItSVlcLfF7CA"
            },
            "coords": [
                [
                    11.97614,
                    57.72281
                ],
                [
                    11.97602,
                    57.72293
                ],
                [
                    11.97594,
                    57.72304
                ],
                [
                    11.97591,
                    57.7231
                ],
                [
                    11.97588,
                    57.72317
                ],
                [
                    11.97418,
                    57.7228
                ],
                [
                    11.97186,
                    57.72229
                ],
                [
                    11.97168,
                    57.72227
                ],
                [
                    11.97162,
                    57.72236
                ],
                [
                    11.97094,
                    57.72327
                ],
                [
                    11.97102,
                    57.72357
                ]
            ]
        }
    ]
}