{
    "city": 2,
    "initialStart": [
        12.04534,
        57.71968
    ],
    "trips": [
        {
            "summary": {
                "distance": 534.8,
                "duration": 125
            },
            "user": {
                "id": 1197,
                "token": "eyJhbGciOiJIUzI1NiIsInR5cCI6IkpXVCJ9.eyJpZCI6MTE5Nywicm9sZSI6InVzZXIiLCJpYXQiOjE3MDQzNjAzMDIsImV4cCI6MTczNTg5NjMwMn0.hMNDCDrWdnUv_sC7qtsadCQvgwOJowQDoGbWWUi6Xn8"
            },
            "coords": [
                [
                    12.04534,
                    57.71968
                ],
                [
                    12.04565,
                    57.71989
                ],
                [
                    12.04573,
                    57.71995
                ],
                [
                    12.04582,
                    57.71991
                ],
                [
                    12.04595,
                    57.71985
                ],
                [
                    12.04599,
                    57.71978
                ],
                [
                    12.04598,
                    57.71975
                ],
                [
                    12.04593,
                    57.71967
                ],
                [
                    12.04559,
                    57.71941
                ],
                [
                    12.04529,
                    57.71919
                ],
                [
                    12.04525,
                    57.71913
                ],
                [
                    12.04524,
                    57.71898
                ],
                [
                    12.04529,
                    57.71891
                ],
                [
                    12.04542,
                    57.71882
                ],
                [
                    12.04554,
                    57.71877
                ],
                [
                    12.04584,
                    57.71868
                ],
                [
                    12.04535,
                    57.71814
                ],
                [
                    12.04505,
                    57.71769
                ],
                [
                    12.04497,
                    57.71754
                ],
                [
                    12.04578,
                    57.71735
                ],
                [
                    12.0459,
                    57.71732
                ],
                [
                    12.04627,
                    57.71723
                ],
                [
                    12.04614,
                    57.71701
                ],
                [
                    12.04614,
                    57.71694
                ],
                [
                    12.0462,
                    57.71685
                ],
                [
                    12.04626,
                    57.7168
                ],
                [
                    12.04615,
                    57.71678
                ],
                [
                    12.04605,
                    57.71679
                ],
                [
                    12.0455,
                    57.71688
                ]
            ]
        }
    ]
}