{
    "city": 1,
    "initialStart": [
        18.01653,
        59.32899
    ],
    "trips": [
        {
            "summary": {
                "distance": 347.5,
                "duration": 89.9
            },
            "user": {
                "id": 12,
                "token": "eyJhbGciOiJIUzI1NiIsInR5cCI6IkpXVCJ9.eyJpZCI6MTIsInJvbGUiOiJ1c2VyIiwiaWF0IjoxNzAyODg5MzAwLCJleHAiOjE3MzQ0MjUzMDB9.PAeXIOHcBxnPoZ4NBMonlmXKTDIdxhEHsVu2W3xcUaY"
            },
            "coords": [
                [
                    18.01653,
                    59.32899
                ],
                [
                    18.01654,
                    59.32896
                ],
                [
                    18.01653,
                    59.32881
                ],
                [
                    18.0164,
                    59.32877
                ],
                [
                    18.01638,
                    59.32866
                ],
                [
                    18.01657,
                    59.3286
                ],
                [
                    18.01656,
                    59.32853
                ],
                [
                    18.01651,
                    59.32853
                ],
                [
                    18.01651,
                    59.32848
                ],
                [
                    18.0165,
                    59.32838
                ],
                [
                    18.01649,
                    59.32829
                ],
                [
                    18.0166,
                    59.32829
                ],
                [
                    18.01677,
                    59.32827
                ],
                [
                    18.01771,
                    59.32824
                ],
                [
                    18.01778,
                    59.32823
                ],
                [
                    18.01833,
                    59.32822
                ],
                [
                    18.01833,
                    59.32816
                ],
                [
                    18.01841,
                    59.32815
                ],
                [
                    18.01865,
                    59.32814
                ],
                [
                    18.01859,
                    59.32807
                ],
                [
                    18.01835,
                    59.32769
                ],
                [
                    18.01829,
                    59.32759
                ],
                [
                    18.01848,
                    59.32756
                ],
                [
                    18.01843,
                    59.3275
                ],
                [
                    18.01851,
                    59.32751
                ],
                [
                    18.01915,
                    59.32741
                ]
            ]
        }
    ]
}