{
    "city": 2,
    "initialStart": [
        11.98951,
        57.72671
    ],
    "trips": [
        {
            "summary": {
                "distance": 857.6,
                "duration": 140.3
            },
            "user": {
                "id": 1201,
                "token": "eyJhbGciOiJIUzI1NiIsInR5cCI6IkpXVCJ9.eyJpZCI6MTIwMSwicm9sZSI6InVzZXIiLCJpYXQiOjE3MDQzNjAzMDIsImV4cCI6MTczNTg5NjMwMn0.tpamrGuPv82JCi6pj1U3tRvfPo9jEirzy93b6JRs4PI"
            },
            "coords": [
                [
                    11.98951,
                    57.72671
                ],
                [
                    11.98842,
                    57.72695
                ],
                [
                    11.98856,
                    57.72715
                ],
                [
                    11.9887,
                    57.72733
                ],
                [
                    11.9888,
                    57.72748
                ],
                [
                    11.98894,
                    57.72766
                ],
                [
                    11.98932,
                    57.72816
                ],
                [
                    11.98979,
                    57.7287
                ],
                [
                    11.99,
                    57.72889
                ],
                [
                    11.9901,
                    57.72892
                ],
                [
                    11.99022,
                    57.72893
                ],
                [
                    11.9904,
                    57.7289
                ],
                [
                    11.99205,
                    57.72865
                ],
                [
                    11.99255,
                    57.72856
                ],
                [
                    11.99274,
                    57.72854
                ],
                [
                    11.99388,
                    57.72833
                ],
                [
                    11.99404,
                    57.72828
                ],
                [
                    11.9945,
                    57.7282
                ],
                [
                    11.99464,
                    57.72811
                ],
                [
                    11.99574,
                    57.72787
                ],
                [
                    11.99675,
                    57.72766
                ],
                [
                    11.99656,
                    57.72734
                ],
                [
                    11.99649,
                    57.72727
                ],
                [
                    11.99621,
                    57.72709
                ],
                [
                    11.99593,
                    57.72665
                ]
            ]
        }
    ]
}