{
    "city": 2,
    "initialStart": [
        11.9681,
        57.69559
    ],
    "trips": [
        {
            "summary": {
                "distance": 585.6,
                "duration": 106.6
            },
            "user": {
                "id": 1203,
                "token": "eyJhbGciOiJIUzI1NiIsInR5cCI6IkpXVCJ9.eyJpZCI6MTIwMywicm9sZSI6InVzZXIiLCJpYXQiOjE3MDQzNjAzMDMsImV4cCI6MTczNTg5NjMwM30.JVwuTThusnNIIzRIWkdex1hAXX5nXeEsmzs-hhO3tUM"
            },
            "coords": [
                [
                    11.9681,
                    57.69559
                ],
                [
                    11.96822,
                    57.6956
                ],
                [
                    11.96832,
                    57.69547
                ],
                [
                    11.9683,
                    57.69546
                ],
                [
                    11.96831,
                    57.69541
                ],
                [
                    11.96829,
                    57.69541
                ],
                [
                    11.96833,
                    57.69536
                ],
                [
                    11.96768,
                    57.69526
                ],
                [
                    11.96746,
                    57.69524
                ],
                [
                    11.96662,
                    57.69517
                ],
                [
                    11.96665,
                    57.69471
                ],
                [
                    11.96668,
                    57.69445
                ],
                [
                    11.9667,
                    57.69427
                ],
                [
                    11.96673,
                    57.69411
                ],
                [
                    11.96676,
                    57.6937
                ],
                [
                    11.96677,
                    57.69369
                ],
                [
                    11.96678,
                    57.69357
                ],
                [
                    11.96678,
                    57.69351
                ],
                [
                    11.96683,
                    57.69308
                ],
                [
                    11.96683,
                    57.693
                ],
                [
                    11.96687,
                    57.693
                ],
                [
                    11.96719,
                    57.693
                ],
                [
                    11.96736,
                    57.693
                ],
                [
                    11.96767,
                    57.69305
                ],
                [
                    11.96776,
                    57.69301
                ],
                [
                    11.96818,
                    57.69269
                ],
                [
                    11.9683,
                    57.69259
                ],
                [
                    11.96836,
                    57.69251
                ],
                [
                    11.96872,
                    57.69256
                ],
                [
                    11.96869,
                    57.69259
                ],
                [
                    11.96869,
                    57.69263
                ],
                [
                    11.96877,
                    57.69269
                ],
                [
                    11.96839,
                    57.69297
                ]
            ]
        }
    ]
}