{
    "city": 2,
    "initialStart": [
        12.00365,
        57.7011
    ],
    "trips": [
        {
            "summary": {
                "distance": 375.9,
                "duration": 66.4
            },
            "user": {
                "id": 1207,
                "token": "eyJhbGciOiJIUzI1NiIsInR5cCI6IkpXVCJ9.eyJpZCI6MTIwNywicm9sZSI6InVzZXIiLCJpYXQiOjE3MDQzNjAzMDQsImV4cCI6MTczNTg5NjMwNH0.bInjjtmdOFBJWW6881gEOMheSQjy7PZ1VRzAjYSLPHA"
            },
            "coords": [
                [
                    12.00365,
                    57.7011
                ],
                [
                    12.00341,
                    57.70137
                ],
                [
                    12.00229,
                    57.70106
                ],
                [
                    12.00216,
                    57.70121
                ],
                [
                    12.00209,
                    57.70123
                ],
                [
                    12.00199,
                    57.70125
                ],
                [
                    12.00157,
                    57.70103
                ],
                [
                    12.0007,
                    57.7008
                ],
                [
                    12.00052,
                    57.70074
                ],
                [
                    12.00034,
                    57.70066
                ],
                [
                    11.99988,
                    57.70038
                ],
                [
                    11.99954,
                    57.70004
                ],
                [
                    11.99938,
                    57.69991
                ],
                [
                    11.99912,
                    57.69997
                ]
            ]
        }
    ]
}