{
    "city": 2,
    "initialStart": [
        11.91987,
        57.71034
    ],
    "trips": [
        {
            "summary": {
                "distance": 309.9,
                "duration": 51.8
            },
            "user": {
                "id": 1208,
                "token": "eyJhbGciOiJIUzI1NiIsInR5cCI6IkpXVCJ9.eyJpZCI6MTIwOCwicm9sZSI6InVzZXIiLCJpYXQiOjE3MDQzNjAzMDQsImV4cCI6MTczNTg5NjMwNH0.9s6cmLV-9wZK6EhQB1tRrtyLKzdRpMxndEOeuXsLe4I"
            },
            "coords": [
                [
                    11.91987,
                    57.71034
                ],
                [
                    11.91983,
                    57.71031
                ],
                [
                    11.91999,
                    57.7103
                ],
                [
                    11.9202,
                    57.71031
                ],
                [
                    11.92024,
                    57.71021
                ],
                [
                    11.92007,
                    57.70984
                ],
                [
                    11.92143,
                    57.70986
                ],
                [
                    11.92207,
                    57.70989
                ],
                [
                    11.92216,
                    57.7099
                ],
                [
                    11.92217,
                    57.70987
                ],
                [
                    11.92215,
                    57.70979
                ],
                [
                    11.9221,
                    57.70973
                ],
                [
                    11.92218,
                    57.7097
                ],
                [
                    11.92226,
                    57.70965
                ],
                [
                    11.92229,
                    57.70956
                ],
                [
                    11.92239,
                    57.70954
                ],
                [
                    11.92254,
                    57.70951
                ],
                [
                    11.92262,
                    57.7095
                ],
                [
                    11.92273,
                    57.70954
                ],
                [
                    11.9229,
                    57.70959
                ],
                [
                    11.92318,
                    57.70963
                ],
                [
                    11.92325,
                    57.70964
                ]
            ]
        }
    ]
}