{
    "city": 2,
    "initialStart": [
        11.97463,
        57.69532
    ],
    "trips": [
        {
            "summary": {
                "distance": 563.9,
                "duration": 96.7
            },
            "user": {
                "id": 1211,
                "token": "eyJhbGciOiJIUzI1NiIsInR5cCI6IkpXVCJ9.eyJpZCI6MTIxMSwicm9sZSI6InVzZXIiLCJpYXQiOjE3MDQzNjAzMDUsImV4cCI6MTczNTg5NjMwNX0.cGRBYWG2Aa7N9qcjoF8iAEshuCKXh2UzNZ294dwHjX0"
            },
            "coords": [
                [
                    11.97463,
                    57.69532
                ],
                [
                    11.97487,
                    57.69538
                ],
                [
                    11.97491,
                    57.69533
                ],
                [
                    11.97577,
                    57.69434
                ],
                [
                    11.97549,
                    57.69427
                ],
                [
                    11.97502,
                    57.69415
                ],
                [
                    11.97483,
                    57.69416
                ],
                [
                    11.97439,
                    57.69425
                ],
                [
                    11.97433,
                    57.69432
                ],
                [
                    11.97416,
                    57.69453
                ],
                [
                    11.97374,
                    57.69502
                ],
                [
                    11.97338,
                    57.69542
                ],
                [
                    11.97241,
                    57.69649
                ],
                [
                    11.97237,
                    57.69651
                ],
                [
                    11.97224,
                    57.6965
                ],
                [
                    11.97206,
                    57.69649
                ],
                [
                    11.97186,
                    57.69651
                ],
                [
                    11.9715,
                    57.6966
                ]
            ]
        }
    ]
}