{
    "city": 2,
    "initialStart": [
        11.94389,
        57.68069
    ],
    "trips": [
        {
            "summary": {
                "distance": 224.3,
                "duration": 36.7
            },
            "user": {
                "id": 1214,
                "token": "eyJhbGciOiJIUzI1NiIsInR5cCI6IkpXVCJ9.eyJpZCI6MTIxNCwicm9sZSI6InVzZXIiLCJpYXQiOjE3MDQzNjAzMDUsImV4cCI6MTczNTg5NjMwNX0.lEedZA32NnMCXCBJpluQ-8s-wGHmy_trd1SK0QF5GYE"
            },
            "coords": [
                [
                    11.94389,
                    57.68069
                ],
                [
                    11.94389,
                    57.6807
                ],
                [
                    11.94383,
                    57.68082
                ],
                [
                    11.94452,
                    57.68086
                ],
                [
                    11.94488,
                    57.68081
                ],
                [
                    11.94515,
                    57.68073
                ],
                [
                    11.9453,
                    57.6807
                ],
                [
                    11.9454,
                    57.68067
                ],
                [
                    11.94595,
                    57.68046
                ],
                [
                    11.94602,
                    57.68044
                ],
                [
                    11.94611,
                    57.6804
                ],
                [
                    11.94619,
                    57.68035
                ],
                [
                    11.94631,
                    57.68032
                ],
                [
                    11.9467,
                    57.68016
                ],
                [
                    11.94691,
                    57.68009
                ]
            ]
        }
    ]
}