{
    "city": 2,
    "initialStart": [
        11.88725,
        57.6801
    ],
    "trips": [
        {
            "summary": {
                "distance": 363.1,
                "duration": 74.8
            },
            "user": {
                "id": 1218,
                "token": "eyJhbGciOiJIUzI1NiIsInR5cCI6IkpXVCJ9.eyJpZCI6MTIxOCwicm9sZSI6InVzZXIiLCJpYXQiOjE3MDQzNjAzMDYsImV4cCI6MTczNTg5NjMwNn0.g6gxcU2C5IlqKm-4iBGQyEylt4huOoPahWPuQCX6Pkw"
            },
            "coords": [
                [
                    11.88725,
                    57.6801
                ],
                [
                    11.88758,
                    57.67996
                ],
                [
                    11.88877,
                    57.67946
                ],
                [
                    11.88884,
                    57.67951
                ],
                [
                    11.8891,
                    57.67939
                ],
                [
                    11.88921,
                    57.67934
                ],
                [
                    11.8893,
                    57.67933
                ],
                [
                    11.8896,
                    57.67924
                ],
                [
                    11.88969,
                    57.67923
                ],
                [
                    11.88972,
                    57.67924
                ],
                [
                    11.88979,
                    57.67922
                ],
                [
                    11.88989,
                    57.6792
                ],
                [
                    11.8901,
                    57.67946
                ],
                [
                    11.89059,
                    57.67947
                ],
                [
                    11.89063,
                    57.67947
                ],
                [
                    11.89063,
                    57.67949
                ],
                [
                    11.89109,
                    57.6795
                ],
                [
                    11.89143,
                    57.67951
                ],
                [
                    11.89141,
                    57.67962
                ],
                [
                    11.89138,
                    57.67983
                ],
                [
                    11.89168,
                    57.67985
                ]
            ]
        }
    ]
}