{
    "city": 2,
    "initialStart": [
        11.92523,
        57.72204
    ],
    "trips": [
        {
            "summary": {
                "distance": 519.9,
                "duration": 105.7
            },
            "user": {
                "id": 1222,
                "token": "eyJhbGciOiJIUzI1NiIsInR5cCI6IkpXVCJ9.eyJpZCI6MTIyMiwicm9sZSI6InVzZXIiLCJpYXQiOjE3MDQzNjAzMDcsImV4cCI6MTczNTg5NjMwN30.K3qQ7SsY74T4n6yzX2919vc4h3pHZ9rjDE3MrNYtyLs"
            },
            "coords": [
                [
                    11.92523,
                    57.72204
                ],
                [
                    11.9264,
                    57.72203
                ],
                [
                    11.9264,
                    57.72206
                ],
                [
                    11.92692,
                    57.72206
                ],
                [
                    11.92696,
                    57.72204
                ],
                [
                    11.927,
                    57.72192
                ],
                [
                    11.92645,
                    57.72166
                ],
                [
                    11.92583,
                    57.72136
                ],
                [
                    11.92517,
                    57.72093
                ],
                [
                    11.9257,
                    57.72062
                ],
                [
                    11.92586,
                    57.72051
                ],
                [
                    11.92601,
                    57.72039
                ],
                [
                    11.92612,
                    57.72026
                ],
                [
                    11.92621,
                    57.7201
                ],
                [
                    11.92618,
                    57.72004
                ],
                [
                    11.92634,
                    57.71968
                ],
                [
                    11.92643,
                    57.71963
                ],
                [
                    11.92644,
                    57.71956
                ],
                [
                    11.92645,
                    57.71954
                ],
                [
                    11.92637,
                    57.71942
                ],
                [
                    11.92552,
                    57.7193
                ]
            ]
        }
    ]
}