{
    "city": 2,
    "initialStart": [
        11.99877,
        57.72703
    ],
    "trips": [
        {
            "summary": {
                "distance": 295.9,
                "duration": 48.4
            },
            "user": {
                "id": 1225,
                "token": "eyJhbGciOiJIUzI1NiIsInR5cCI6IkpXVCJ9.eyJpZCI6MTIyNSwicm9sZSI6InVzZXIiLCJpYXQiOjE3MDQzNjAzMDcsImV4cCI6MTczNTg5NjMwN30.ClMd4MEhRoAWSP576ls56crLyP0AOfkmybfWhU5Xc4s"
            },
            "coords": [
                [
                    11.99877,
                    57.72703
                ],
                [
                    11.99878,
                    57.72703
                ],
                [
                    11.99903,
                    57.72708
                ],
                [
                    11.9994,
                    57.72705
                ],
                [
                    12.00015,
                    57.72677
                ],
                [
                    12.00053,
                    57.72655
                ],
                [
                    12.00068,
                    57.72644
                ],
                [
                    12.00066,
                    57.72637
                ],
                [
                    12.00072,
                    57.72631
                ],
                [
                    12.00083,
                    57.72627
                ],
                [
                    12.00099,
                    57.72629
                ],
                [
                    12.00108,
                    57.7262
                ],
                [
                    12.00128,
                    57.72626
                ],
                [
                    12.00137,
                    57.72645
                ],
                [
                    12.00158,
                    57.72656
                ],
                [
                    12.00174,
                    57.72653
                ],
                [
                    12.00176,
                    57.72649
                ],
                [
                    12.0021,
                    57.72616
                ]
            ]
        }
    ]
}