{
    "city": 2,
    "initialStart": [
        11.89417,
        57.72403
    ],
    "trips": [
        {
            "summary": {
                "distance": 369.9,
                "duration": 60.5
            },
            "user": {
                "id": 1227,
                "token": "eyJhbGciOiJIUzI1NiIsInR5cCI6IkpXVCJ9.eyJpZCI6MTIyNywicm9sZSI6InVzZXIiLCJpYXQiOjE3MDQzNjAzMDgsImV4cCI6MTczNTg5NjMwOH0.1BBbvCD8ke6M1H9ZxyuKMNkO1rOoi6r1pFrm19jyw-k"
            },
            "coords": [
                [
                    11.89417,
                    57.72403
                ],
                [
                    11.89421,
                    57.72398
                ],
                [
                    11.89428,
                    57.72397
                ],
                [
                    11.89421,
                    57.72385
                ],
                [
                    11.89423,
                    57.72374
                ],
                [
                    11.89423,
                    57.72368
                ],
                [
                    11.89469,
                    57.72366
                ],
                [
                    11.89476,
                    57.72362
                ],
                [
                    11.89474,
                    57.72328
                ],
                [
                    11.8947,
                    57.72319
                ],
                [
                    11.89512,
                    57.72319
                ],
                [
                    11.89527,
                    57.72318
                ],
                [
                    11.89533,
                    57.72316
                ],
                [
                    11.89536,
                    57.7231
                ],
                [
                    11.89532,
                    57.72272
                ],
                [
                    11.89532,
                    57.72266
                ],
                [
                    11.89531,
                    57.72257
                ],
                [
                    11.8953,
                    57.72242
                ],
                [
                    11.89528,
                    57.72232
                ],
                [
                    11.89541,
                    57.72228
                ],
                [
                    11.89549,
                    57.72227
                ],
                [
                    11.89552,
                    57.72211
                ],
                [
                    11.89547,
                    57.72205
                ],
                [
                    11.89555,
                    57.72147
                ],
                [
                    11.89537,
                    57.72146
                ]
            ]
        }
    ]
}