{
    "city": 1,
    "initialStart": [
        18.01657,
        59.32177
    ],
    "trips": [
        {
            "summary": {
                "distance": 1758.1,
                "duration": 450.7
            },
            "user": {
                "id": 123,
                "token": "eyJhbGciOiJIUzI1NiIsInR5cCI6IkpXVCJ9.eyJpZCI6MTIzLCJyb2xlIjoidXNlciIsImlhdCI6MTcwMjg5MDk1NSwiZXhwIjoxNzM0NDI2OTU1fQ.VqnlNuJ3Nvb-MPgAy78nGPw-O0dUKuKITRh8TB-ZV6k"
            },
            "coords": [
                [
                    18.01657,
                    59.32177
                ],
                [
                    18.01658,
                    59.32176
                ],
                [
                    18.01659,
                    59.32167
                ],
                [
                    18.01652,
                    59.32142
                ],
                [
                    18.0166,
                    59.32134
                ],
                [
                    18.01667,
                    59.32124
                ],
                [
                    18.01687,
                    59.32089
                ],
                [
                    18.01702,
                    59.32077
                ],
                [
                    18.01713,
                    59.32064
                ],
                [
                    18.01729,
                    59.32046
                ],
                [
                    18.01736,
                    59.3204
                ],
                [
                    18.01749,
                    59.32037
                ],
                [
                    18.01794,
                    59.32037
                ],
                [
                    18.01967,
                    59.3204
                ],
                [
                    18.02264,
                    59.32036
                ],
                [
                    18.02372,
                    59.32033
                ],
                [
                    18.02418,
                    59.32027
                ],
                [
                    18.02453,
                    59.32028
                ],
                [
                    18.02482,
                    59.32021
                ],
                [
                    18.02492,
                    59.32018
                ],
                [
                    18.02603,
                    59.32004
                ],
                [
                    18.02621,
                    59.32002
                ],
                [
                    18.02693,
                    59.32006
                ],
                [
                    18.02796,
                    59.3201
                ],
                [
                    18.0286,
                    59.32013
                ],
                [
                    18.02863,
                    59.31998
                ],
                [
                    18.02861,
                    59.31996
                ],
                [
                    18.02813,
                    59.3197
                ],
                [
                    18.02808,
                    59.31963
                ],
                [
                    18.02822,
                    59.31903
                ],
                [
                    18.02823,
                    59.31899
                ],
                [
                    18.02801,
                    59.31899
                ],
                [
                    18.02749,
                    59.31885
                ],
                [
                    18.02731,
                    59.31881
                ],
                [
                    18.02721,
                    59.31876
                ],
                [
                    18.02704,
                    59.31861
                ],
                [
                    18.02676,
                    59.31853
                ],
                [
                    18.02665,
                    59.3184
                ],
                [
                    18.0265,
                    59.31842
                ],
                [
                    18.02586,
                    59.31854
                ],
                [
                    18.02573,
                    59.31856
                ],
                [
                    18.02554,
                    59.31855
                ],
                [
                    18.02459,
                    59.31833
                ],
                [
                    18.02435,
                    59.31826
                ],
                [
                    18.02388,
                    59.31817
                ],
                [
                    18.02373,
                    59.31814
                ],
                [
                    18.02295,
                    59.31804
                ],
                [
                    18.02222,
                    59.31794
                ],
                [
                    18.02204,
                    59.31791
                ],
                [
                    18.02108,
                    59.31778
                ],
                [
                    18.0207,
                    59.31772
                ],
                [
                    18.02046,
                    59.31769
                ],
                [
                    18.02025,
                    59.31787
                ],
                [
                    18.02024,
                    59.31788
                ],
                [
                    18.02,
                    59.31812
                ],
                [
                    18.01975,
                    59.31831
                ],
                [
                    18.01961,
                    59.31838
                ],
                [
                    18.01969,
                    59.31844
                ],
                [
                    18.01973,
                    59.31871
                ],
                [
                    18.01978,
                    59.31884
                ],
                [
                    18.01945,
                    59.31904
                ],
                [
                    18.01923,
                    59.31909
                ],
                [
                    18.01901,
                    59.31911
                ],
                [
                    18.01879,
                    59.31915
                ],
                [
                    18.01914,
                    59.31931
                ],
                [
                    18.01931,
                    59.31935
                ],
                [
                    18.0193,
                    59.31936
                ],
                [
                    18.01928,
                    59.31939
                ],
                [
                    18.01812,
                    59.31926
                ]
            ]
        }
    ]
}