{
    "city": 2,
    "initialStart": [
        11.89199,
        57.72561
    ],
    "trips": [
        {
            "summary": {
                "distance": 492.2,
                "duration": 106.9
            },
            "user": {
                "id": 1230,
                "token": "eyJhbGciOiJIUzI1NiIsInR5cCI6IkpXVCJ9.eyJpZCI6MTIzMCwicm9sZSI6InVzZXIiLCJpYXQiOjE3MDQzNjAzMDgsImV4cCI6MTczNTg5NjMwOH0.NhonE_7Hyb7RoQ5FEqlxtKcw3-WSdfz9Xgl1VB0TqyQ"
            },
            "coords": [
                [
                    11.89199,
                    57.72561
                ],
                [
                    11.89212,
                    57.72563
                ],
                [
                    11.89234,
                    57.72634
                ],
                [
                    11.89241,
                    57.7264
                ],
                [
                    11.89252,
                    57.72643
                ],
                [
                    11.89265,
                    57.72644
                ],
                [
                    11.89279,
                    57.72645
                ],
                [
                    11.89291,
                    57.72644
                ],
                [
                    11.89295,
                    57.72647
                ],
                [
                    11.89293,
                    57.72657
                ],
                [
                    11.89303,
                    57.7266
                ],
                [
                    11.89308,
                    57.72657
                ],
                [
                    11.89327,
                    57.72663
                ],
                [
                    11.89334,
                    57.72687
                ],
                [
                    11.89354,
                    57.72686
                ],
                [
                    11.89355,
                    57.72691
                ],
                [
                    11.89366,
                    57.72691
                ],
                [
                    11.89377,
                    57.72738
                ],
                [
                    11.89397,
                    57.72735
                ],
                [
                    11.89396,
                    57.72753
                ],
                [
                    11.89408,
                    57.72764
                ],
                [
                    11.89412,
                    57.72773
                ],
                [
                    11.89412,
                    57.72776
                ],
                [
                    11.89408,
                    57.72783
                ],
                [
                    11.89409,
                    57.72791
                ],
                [
                    11.89471,
                    57.72779
                ],
                [
                    11.8946,
                    57.72763
                ],
                [
                    11.89432,
                    57.72719
                ],
                [
                    11.89429,
                    57.7271
                ],
                [
                    11.89423,
                    57.7269
                ]
            ]
        }
    ]
}