{
    "city": 2,
    "initialStart": [
        12.0156,
        57.71272
    ],
    "trips": [
        {
            "summary": {
                "distance": 502.7,
                "duration": 114.7
            },
            "user": {
                "id": 1231,
                "token": "eyJhbGciOiJIUzI1NiIsInR5cCI6IkpXVCJ9.eyJpZCI6MTIzMSwicm9sZSI6InVzZXIiLCJpYXQiOjE3MDQzNjAzMDksImV4cCI6MTczNTg5NjMwOX0.VcOXsY90XLDY1NV3k1AUgK-Z8l2Z3JR-9t3TDQfCZPQ"
            },
            "coords": [
                [
                    12.0156,
                    57.71272
                ],
                [
                    12.01545,
                    57.71283
                ],
                [
                    12.01513,
                    57.71315
                ],
                [
                    12.01502,
                    57.71317
                ],
                [
                    12.01489,
                    57.7132
                ],
                [
                    12.01465,
                    57.71324
                ],
                [
                    12.01458,
                    57.71328
                ],
                [
                    12.01432,
                    57.71333
                ],
                [
                    12.01423,
                    57.71337
                ],
                [
                    12.01412,
                    57.71333
                ],
                [
                    12.01404,
                    57.71326
                ],
                [
                    12.0142,
                    57.71322
                ],
                [
                    12.01439,
                    57.71315
                ],
                [
                    12.01455,
                    57.71304
                ],
                [
                    12.01465,
                    57.71293
                ],
                [
                    12.01476,
                    57.7127
                ],
                [
                    12.01486,
                    57.71236
                ],
                [
                    12.01485,
                    57.71228
                ],
                [
                    12.01476,
                    57.71212
                ],
                [
                    12.01457,
                    57.71185
                ],
                [
                    12.01443,
                    57.71167
                ],
                [
                    12.0143,
                    57.71149
                ],
                [
                    12.01428,
                    57.71146
                ],
                [
                    12.01397,
                    57.71101
                ],
                [
                    12.01368,
                    57.71109
                ],
                [
                    12.01298,
                    57.71123
                ],
                [
                    12.01304,
                    57.71127
                ],
                [
                    12.01316,
                    57.71147
                ]
            ]
        }
    ]
}