{
    "city": 2,
    "initialStart": [
        11.89142,
        57.70867
    ],
    "trips": [
        {
            "summary": {
                "distance": 632.5,
                "duration": 103.9
            },
            "user": {
                "id": 1233,
                "token": "eyJhbGciOiJIUzI1NiIsInR5cCI6IkpXVCJ9.eyJpZCI6MTIzMywicm9sZSI6InVzZXIiLCJpYXQiOjE3MDQzNjAzNjksImV4cCI6MTczNTg5NjM2OX0.gNyTNXy18J0UTiP7PjJ8BsrjnKos6LlTOP-MPDkhoXE"
            },
            "coords": [
                [
                    11.89142,
                    57.70867
                ],
                [
                    11.8914,
                    57.70865
                ],
                [
                    11.89132,
                    57.70851
                ],
                [
                    11.8913,
                    57.70843
                ],
                [
                    11.89139,
                    57.7082
                ],
                [
                    11.89125,
                    57.70822
                ],
                [
                    11.89081,
                    57.70828
                ],
                [
                    11.89003,
                    57.70824
                ],
                [
                    11.88987,
                    57.70822
                ],
                [
                    11.88974,
                    57.70818
                ],
                [
                    11.88964,
                    57.70814
                ],
                [
                    11.88977,
                    57.70804
                ],
                [
                    11.88965,
                    57.70799
                ],
                [
                    11.88957,
                    57.70794
                ],
                [
                    11.88943,
                    57.70776
                ],
                [
                    11.88935,
                    57.70769
                ],
                [
                    11.88928,
                    57.7076
                ],
                [
                    11.88919,
                    57.70757
                ],
                [
                    11.88907,
                    57.70753
                ],
                [
                    11.88867,
                    57.7075
                ],
                [
                    11.8867,
                    57.70745
                ],
                [
                    11.88667,
                    57.70732
                ],
                [
                    11.88645,
                    57.70699
                ],
                [
                    11.88639,
                    57.70693
                ],
                [
                    11.88623,
                    57.70686
                ],
                [
                    11.88623,
                    57.7068
                ],
                [
                    11.88632,
                    57.70682
                ],
                [
                    11.88645,
                    57.70687
                ],
                [
                    11.88678,
                    57.70733
                ],
                [
                    11.8869,
                    57.70739
                ],
                [
                    11.887,
                    57.70741
                ],
                [
                    11.88831,
                    57.70745
                ]
            ]
        }
    ]
}