{
    "city": 2,
    "initialStart": [
        11.86578,
        57.66002
    ],
    "trips": [
        {
            "summary": {
                "distance": 467.5,
                "duration": 87.8
            },
            "user": {
                "id": 1234,
                "token": "eyJhbGciOiJIUzI1NiIsInR5cCI6IkpXVCJ9.eyJpZCI6MTIzNCwicm9sZSI6InVzZXIiLCJpYXQiOjE3MDQzNjAzNjksImV4cCI6MTczNTg5NjM2OX0.JUdYXUWW0y4U9PMmYNJhZOmpz3rw3IMW87lbsPkV398"
            },
            "coords": [
                [
                    11.86578,
                    57.66002
                ],
                [
                    11.86555,
                    57.65996
                ],
                [
                    11.86519,
                    57.65977
                ],
                [
                    11.86469,
                    57.65947
                ],
                [
                    11.86456,
                    57.65936
                ],
                [
                    11.86448,
                    57.65925
                ],
                [
                    11.86438,
                    57.65889
                ],
                [
                    11.86389,
                    57.65892
                ],
                [
                    11.86357,
                    57.65897
                ],
                [
                    11.8628,
                    57.65915
                ],
                [
                    11.86231,
                    57.65925
                ],
                [
                    11.86138,
                    57.6594
                ],
                [
                    11.86189,
                    57.65987
                ],
                [
                    11.86227,
                    57.66038
                ]
            ]
        }
    ]
}