{
    "city": 2,
    "initialStart": [
        11.97382,
        57.73048
    ],
    "trips": [
        {
            "summary": {
                "distance": 736.7,
                "duration": 137.2
            },
            "user": {
                "id": 1235,
                "token": "eyJhbGciOiJIUzI1NiIsInR5cCI6IkpXVCJ9.eyJpZCI6MTIzNSwicm9sZSI6InVzZXIiLCJpYXQiOjE3MDQzNjAzNzAsImV4cCI6MTczNTg5NjM3MH0.Bim1c7n7wJ4LRxLCFwwcjxu89AW-TmnWQyr8a3Wpwf4"
            },
            "coords": [
                [
                    11.97382,
                    57.73048
                ],
                [
                    11.97379,
                    57.72977
                ],
                [
                    11.97336,
                    57.72977
                ],
                [
                    11.9732,
                    57.72977
                ],
                [
                    11.9732,
                    57.72966
                ],
                [
                    11.97319,
                    57.72949
                ],
                [
                    11.97318,
                    57.72935
                ],
                [
                    11.97317,
                    57.72919
                ],
                [
                    11.97317,
                    57.72901
                ],
                [
                    11.97273,
                    57.72901
                ],
                [
                    11.9726,
                    57.729
                ],
                [
                    11.97253,
                    57.72895
                ],
                [
                    11.97252,
                    57.72881
                ],
                [
                    11.97253,
                    57.72865
                ],
                [
                    11.97253,
                    57.7285
                ],
                [
                    11.97252,
                    57.72835
                ],
                [
                    11.97247,
                    57.72829
                ],
                [
                    11.97235,
                    57.72828
                ],
                [
                    11.97208,
                    57.72828
                ],
                [
                    11.97153,
                    57.72827
                ],
                [
                    11.97151,
                    57.72863
                ],
                [
                    11.97151,
                    57.72867
                ],
                [
                    11.97147,
                    57.72873
                ],
                [
                    11.97144,
                    57.72874
                ],
                [
                    11.9713,
                    57.7288
                ],
                [
                    11.97104,
                    57.72887
                ],
                [
                    11.97076,
                    57.72893
                ],
                [
                    11.97024,
                    57.72904
                ],
                [
                    11.96998,
                    57.72911
                ],
                [
                    11.96994,
                    57.72911
                ],
                [
                    11.96963,
                    57.72918
                ],
                [
                    11.96927,
                    57.72926
                ],
                [
                    11.96914,
                    57.72928
                ],
                [
                    11.96912,
                    57.72933
                ],
                [
                    11.96913,
                    57.72934
                ],
                [
                    11.96933,
                    57.72944
                ],
                [
                    11.96946,
                    57.72955
                ],
                [
                    11.97012,
                    57.73006
                ],
                [
                    11.97033,
                    57.72996
                ],
                [
                    11.97041,
                    57.72992
                ],
                [
                    11.97036,
                    57.72988
                ],
                [
                    11.97037,
                    57.72981
                ],
                [
                    11.97043,
                    57.72981
                ],
                [
                    11.97047,
                    57.72979
                ],
                [
                    11.97043,
                    57.72972
                ],
                [
                    11.97051,
                    57.72968
                ],
                [
                    11.97052,
                    57.72968
                ]
            ]
        }
    ]
}