{
    "city": 2,
    "initialStart": [
        12.01721,
        57.69963
    ],
    "trips": [
        {
            "summary": {
                "distance": 358.8,
                "duration": 62.3
            },
            "user": {
                "id": 1237,
                "token": "eyJhbGciOiJIUzI1NiIsInR5cCI6IkpXVCJ9.eyJpZCI6MTIzNywicm9sZSI6InVzZXIiLCJpYXQiOjE3MDQzNjAzNzAsImV4cCI6MTczNTg5NjM3MH0.WkH5CENUm01yD1ADaxDUv09g6z8o5pynFjlRSb8iwzQ"
            },
            "coords": [
                [
                    12.01721,
                    57.69963
                ],
                [
                    12.01679,
                    57.70006
                ],
                [
                    12.01703,
                    57.70013
                ],
                [
                    12.01698,
                    57.70019
                ],
                [
                    12.01678,
                    57.70042
                ],
                [
                    12.01658,
                    57.70059
                ],
                [
                    12.01669,
                    57.70063
                ],
                [
                    12.01678,
                    57.70068
                ],
                [
                    12.01684,
                    57.70071
                ],
                [
                    12.01689,
                    57.70081
                ],
                [
                    12.01739,
                    57.701
                ],
                [
                    12.01828,
                    57.70125
                ],
                [
                    12.01881,
                    57.7014
                ],
                [
                    12.01884,
                    57.70138
                ],
                [
                    12.01992,
                    57.70131
                ]
            ]
        }
    ]
}