{
    "city": 2,
    "initialStart": [
        11.92748,
        57.65601
    ],
    "trips": [
        {
            "summary": {
                "distance": 650.7,
                "duration": 155.9
            },
            "user": {
                "id": 1239,
                "token": "eyJhbGciOiJIUzI1NiIsInR5cCI6IkpXVCJ9.eyJpZCI6MTIzOSwicm9sZSI6InVzZXIiLCJpYXQiOjE3MDQzNjAzNzAsImV4cCI6MTczNTg5NjM3MH0.8XK-vb37n8c8YJEmSqlhFNPZRhlqA1amNt-scVNoUTU"
            },
            "coords": [
                [
                    11.92748,
                    57.65601
                ],
                [
                    11.92756,
                    57.6562
                ],
                [
                    11.92768,
                    57.65644
                ],
                [
                    11.92711,
                    57.65651
                ],
                [
                    11.9269,
                    57.65657
                ],
                [
                    11.92676,
                    57.6566
                ],
                [
                    11.92635,
                    57.65676
                ],
                [
                    11.92577,
                    57.65709
                ],
                [
                    11.92567,
                    57.65715
                ],
                [
                    11.92538,
                    57.65735
                ],
                [
                    11.92534,
                    57.65738
                ],
                [
                    11.92518,
                    57.65718
                ],
                [
                    11.92499,
                    57.65692
                ],
                [
                    11.92487,
                    57.65689
                ],
                [
                    11.92475,
                    57.65673
                ],
                [
                    11.92493,
                    57.65663
                ],
                [
                    11.92502,
                    57.65653
                ],
                [
                    11.92507,
                    57.65636
                ],
                [
                    11.92511,
                    57.65623
                ],
                [
                    11.92518,
                    57.65574
                ],
                [
                    11.92529,
                    57.65551
                ],
                [
                    11.9255,
                    57.65537
                ],
                [
                    11.92566,
                    57.6553
                ],
                [
                    11.92583,
                    57.65526
                ],
                [
                    11.92605,
                    57.65523
                ],
                [
                    11.9261,
                    57.6552
                ],
                [
                    11.92634,
                    57.65468
                ],
                [
                    11.92643,
                    57.65452
                ],
                [
                    11.92642,
                    57.65444
                ],
                [
                    11.92642,
                    57.65434
                ],
                [
                    11.92652,
                    57.65432
                ],
                [
                    11.92688,
                    57.65429
                ],
                [
                    11.92703,
                    57.65426
                ]
            ]
        }
    ]
}