{
    "city": 2,
    "initialStart": [
        12.01222,
        57.73049
    ],
    "trips": [
        {
            "summary": {
                "distance": 325.6,
                "duration": 53.3
            },
            "user": {
                "id": 1240,
                "token": "eyJhbGciOiJIUzI1NiIsInR5cCI6IkpXVCJ9.eyJpZCI6MTI0MCwicm9sZSI6InVzZXIiLCJpYXQiOjE3MDQzNjAzNzEsImV4cCI6MTczNTg5NjM3MX0.HH8ejBV9Fgcn2vxDYLa_0-7M7wHCzCDgJi9r9JV8S8g"
            },
            "coords": [
                [
                    12.01222,
                    57.73049
                ],
                [
                    12.0125,
                    57.73055
                ],
                [
                    12.01246,
                    57.73059
                ],
                [
                    12.01231,
                    57.73075
                ],
                [
                    12.01177,
                    57.73128
                ],
                [
                    12.01158,
                    57.73148
                ],
                [
                    12.01128,
                    57.73178
                ],
                [
                    12.011,
                    57.73195
                ],
                [
                    12.01104,
                    57.73198
                ],
                [
                    12.01116,
                    57.73217
                ],
                [
                    12.01116,
                    57.73222
                ],
                [
                    12.01111,
                    57.73228
                ],
                [
                    12.01102,
                    57.73231
                ],
                [
                    12.01084,
                    57.73233
                ],
                [
                    12.01072,
                    57.7323
                ],
                [
                    12.01062,
                    57.73235
                ],
                [
                    12.00972,
                    57.73251
                ]
            ]
        }
    ]
}