{
    "city": 2,
    "initialStart": [
        11.93098,
        57.66945
    ],
    "trips": [
        {
            "summary": {
                "distance": 687.3,
                "duration": 113.6
            },
            "user": {
                "id": 1241,
                "token": "eyJhbGciOiJIUzI1NiIsInR5cCI6IkpXVCJ9.eyJpZCI6MTI0MSwicm9sZSI6InVzZXIiLCJpYXQiOjE3MDQzNjAzNzEsImV4cCI6MTczNTg5NjM3MX0.Pj5EtulrKbCrBrSnZUeNgZ7CsIRqhZOYWZPSaTnvuk8"
            },
            "coords": [
                [
                    11.93098,
                    57.66945
                ],
                [
                    11.93099,
                    57.66983
                ],
                [
                    11.93113,
                    57.66991
                ],
                [
                    11.93146,
                    57.66992
                ],
                [
                    11.93146,
                    57.67
                ],
                [
                    11.93146,
                    57.67008
                ],
                [
                    11.93146,
                    57.67026
                ],
                [
                    11.93153,
                    57.67025
                ],
                [
                    11.93154,
                    57.67051
                ],
                [
                    11.93153,
                    57.67113
                ],
                [
                    11.93154,
                    57.67137
                ],
                [
                    11.93154,
                    57.67158
                ],
                [
                    11.93153,
                    57.67206
                ],
                [
                    11.93156,
                    57.67212
                ],
                [
                    11.93164,
                    57.67216
                ],
                [
                    11.93165,
                    57.6722
                ],
                [
                    11.93165,
                    57.67224
                ],
                [
                    11.93159,
                    57.67228
                ],
                [
                    11.93165,
                    57.6726
                ],
                [
                    11.93158,
                    57.67277
                ],
                [
                    11.93154,
                    57.67284
                ],
                [
                    11.93152,
                    57.67286
                ],
                [
                    11.93127,
                    57.67283
                ],
                [
                    11.93096,
                    57.67255
                ],
                [
                    11.93064,
                    57.67225
                ],
                [
                    11.93043,
                    57.67204
                ],
                [
                    11.93015,
                    57.67179
                ],
                [
                    11.92999,
                    57.67163
                ],
                [
                    11.92989,
                    57.67155
                ],
                [
                    11.92967,
                    57.67146
                ],
                [
                    11.92945,
                    57.67141
                ],
                [
                    11.92928,
                    57.67139
                ],
                [
                    11.92899,
                    57.67139
                ],
                [
                    11.92881,
                    57.67141
                ],
                [
                    11.92872,
                    57.67143
                ],
                [
                    11.92853,
                    57.67147
                ],
                [
                    11.92857,
                    57.67151
                ],
                [
                    11.92852,
                    57.67153
                ]
            ]
        }
    ]
}