{
    "city": 2,
    "initialStart": [
        11.90146,
        57.68293
    ],
    "trips": [
        {
            "summary": {
                "distance": 1244.9,
                "duration": 223.1
            },
            "user": {
                "id": 1245,
                "token": "eyJhbGciOiJIUzI1NiIsInR5cCI6IkpXVCJ9.eyJpZCI6MTI0NSwicm9sZSI6InVzZXIiLCJpYXQiOjE3MDQzNjAzNzIsImV4cCI6MTczNTg5NjM3Mn0.v8FlT3y-83cQSRTh_2rf_S6tTKVCl2Gj1KC7mYPSuPQ"
            },
            "coords": [
                [
                    11.90146,
                    57.68293
                ],
                [
                    11.9013,
                    57.68274
                ],
                [
                    11.90092,
                    57.68246
                ],
                [
                    11.90075,
                    57.68234
                ],
                [
                    11.90043,
                    57.68218
                ],
                [
                    11.90026,
                    57.68168
                ],
                [
                    11.90021,
                    57.68164
                ],
                [
                    11.90003,
                    57.68154
                ],
                [
                    11.89987,
                    57.68132
                ],
                [
                    11.89895,
                    57.68125
                ],
                [
                    11.89881,
                    57.68121
                ],
                [
                    11.89851,
                    57.68104
                ],
                [
                    11.89832,
                    57.68091
                ],
                [
                    11.89826,
                    57.68039
                ],
                [
                    11.89818,
                    57.68013
                ],
                [
                    11.898,
                    57.67985
                ],
                [
                    11.89811,
                    57.6798
                ],
                [
                    11.89825,
                    57.67969
                ],
                [
                    11.89861,
                    57.67978
                ],
                [
                    11.89878,
                    57.67982
                ],
                [
                    11.89879,
                    57.67982
                ],
                [
                    11.89895,
                    57.67986
                ],
                [
                    11.89907,
                    57.67989
                ],
                [
                    11.89919,
                    57.67993
                ],
                [
                    11.89936,
                    57.67998
                ],
                [
                    11.89931,
                    57.68003
                ],
                [
                    11.89941,
                    57.68006
                ],
                [
                    11.89954,
                    57.68014
                ],
                [
                    11.89965,
                    57.68026
                ],
                [
                    11.89979,
                    57.68036
                ],
                [
                    11.90159,
                    57.68109
                ],
                [
                    11.90186,
                    57.68119
                ],
                [
                    11.90263,
                    57.68161
                ],
                [
                    11.90332,
                    57.68203
                ],
                [
                    11.90372,
                    57.6822
                ],
                [
                    11.90398,
                    57.68227
                ],
                [
                    11.9043,
                    57.68228
                ],
                [
                    11.90521,
                    57.68227
                ],
                [
                    11.9053,
                    57.68229
                ],
                [
                    11.90541,
                    57.68234
                ],
                [
                    11.90559,
                    57.68235
                ],
                [
                    11.90584,
                    57.68237
                ],
                [
                    11.90588,
                    57.68236
                ],
                [
                    11.90608,
                    57.68234
                ],
                [
                    11.90648,
                    57.68235
                ],
                [
                    11.90677,
                    57.6824
                ],
                [
                    11.9068,
                    57.68236
                ],
                [
                    11.90696,
                    57.68219
                ],
                [
                    11.90701,
                    57.68211
                ],
                [
                    11.90695,
                    57.68206
                ],
                [
                    11.90693,
                    57.68201
                ],
                [
                    11.9068,
                    57.68196
                ],
                [
                    11.90658,
                    57.68193
                ],
                [
                    11.90648,
                    57.68189
                ],
                [
                    11.90549,
                    57.6814
                ]
            ]
        }
    ]
}