{
    "city": 2,
    "initialStart": [
        11.98045,
        57.70945
    ],
    "trips": [
        {
            "summary": {
                "distance": 1795.4,
                "duration": 305.7
            },
            "user": {
                "id": 1253,
                "token": "eyJhbGciOiJIUzI1NiIsInR5cCI6IkpXVCJ9.eyJpZCI6MTI1Mywicm9sZSI6InVzZXIiLCJpYXQiOjE3MDQzNjAzNzMsImV4cCI6MTczNTg5NjM3M30.rsqLJ1ayOv_qTf311pCPWr4vpoo_FYLga2V-XVkEKVc"
            },
            "coords": [
                [
                    11.98045,
                    57.70945
                ],
                [
                    11.98045,
                    57.70941
                ],
                [
                    11.98051,
                    57.70928
                ],
                [
                    11.98051,
                    57.70906
                ],
                [
                    11.98051,
                    57.709
                ],
                [
                    11.9805,
                    57.70894
                ],
                [
                    11.98048,
                    57.70888
                ],
                [
                    11.98016,
                    57.70884
                ],
                [
                    11.97919,
                    57.70867
                ],
                [
                    11.97816,
                    57.70851
                ],
                [
                    11.97789,
                    57.70847
                ],
                [
                    11.97781,
                    57.70845
                ],
                [
                    11.97776,
                    57.7084
                ],
                [
                    11.97781,
                    57.70826
                ],
                [
                    11.97768,
                    57.70825
                ],
                [
                    11.97759,
                    57.70824
                ],
                [
                    11.97738,
                    57.70821
                ],
                [
                    11.97726,
                    57.7082
                ],
                [
                    11.97708,
                    57.70819
                ],
                [
                    11.97691,
                    57.70819
                ],
                [
                    11.97689,
                    57.70821
                ],
                [
                    11.97684,
                    57.70853
                ],
                [
                    11.97679,
                    57.70859
                ],
                [
                    11.97661,
                    57.70864
                ],
                [
                    11.97643,
                    57.70866
                ],
                [
                    11.97609,
                    57.70859
                ],
                [
                    11.97589,
                    57.70857
                ],
                [
                    11.97558,
                    57.7086
                ],
                [
                    11.97564,
                    57.70867
                ],
                [
                    11.97573,
                    57.7088
                ],
                [
                    11.97558,
                    57.7088
                ],
                [
                    11.97537,
                    57.70876
                ],
                [
                    11.97476,
                    57.70867
                ],
                [
                    11.97456,
                    57.70863
                ],
                [
                    11.97426,
                    57.70858
                ],
                [
                    11.97412,
                    57.7086
                ],
                [
                    11.974,
                    57.70859
                ],
                [
                    11.97396,
                    57.70857
                ],
                [
                    11.97391,
                    57.70851
                ],
                [
                    11.97339,
                    57.70839
                ],
                [
                    11.97337,
                    57.70842
                ],
                [
                    11.97305,
                    57.70839
                ],
                [
                    11.97293,
                    57.70839
                ],
                [
                    11.97251,
                    57.70847
                ],
                [
                    11.97242,
                    57.7085
                ],
                [
                    11.97179,
                    57.70862
                ],
                [
                    11.97168,
                    57.70868
                ],
                [
                    11.97163,
                    57.70873
                ],
                [
                    11.97163,
                    57.70878
                ],
                [
                    11.97164,
                    57.70893
                ],
                [
                    11.9716,
                    57.709
                ],
                [
                    11.97158,
                    57.70905
                ],
                [
                    11.97136,
                    57.70946
                ],
                [
                    11.97133,
                    57.70955
                ],
                [
                    11.97123,
                    57.70969
                ],
                [
                    11.97111,
                    57.71008
                ],
                [
                    11.97117,
                    57.71024
                ],
                [
                    11.97125,
                    57.71037
                ],
                [
                    11.97129,
                    57.7104
                ],
                [
                    11.97146,
                    57.71051
                ],
                [
                    11.97134,
                    57.71055
                ],
                [
                    11.97121,
                    57.71067
                ],
                [
                    11.97093,
                    57.7111
                ],
                [
                    11.97095,
                    57.71127
                ],
                [
                    11.97119,
                    57.71136
                ],
                [
                    11.97163,
                    57.71155
                ],
                [
                    11.97196,
                    57.71169
                ],
                [
                    11.97227,
                    57.71184
                ],
                [
                    11.97242,
                    57.71181
                ],
                [
                    11.97265,
                    57.71179
                ],
                [
                    11.97283,
                    57.71179
                ],
                [
                    11.97326,
                    57.71193
                ],
                [
                    11.9734,
                    57.71197
                ],
                [
                    11.97492,
                    57.71254
                ],
                [
                    11.97497,
                    57.71251
                ],
                [
                    11.97526,
                    57.7124
                ],
                [
                    11.97539,
                    57.71248
                ],
                [
                    11.97548,
                    57.71256
                ],
                [
