{
    "city": 2,
    "initialStart": [
        11.89892,
        57.69895
    ],
    "trips": [
        {
            "summary": {
                "distance": 324.2,
                "duration": 64.2
            },
            "user": {
                "id": 1265,
                "token": "eyJhbGciOiJIUzI1NiIsInR5cCI6IkpXVCJ9.eyJpZCI6MTI2NSwicm9sZSI6InVzZXIiLCJpYXQiOjE3MDQzNjAzNzYsImV4cCI6MTczNTg5NjM3Nn0.8o0GtrvohVjhhNtbMBuzK4iGjzIoaSrNgNOEMQR_jdQ"
            },
            "coords": [
                [
                    11.89892,
                    57.69895
                ],
                [
                    11.89885,
                    57.6989
                ],
                [
                    11.89873,
                    57.69894
                ],
                [
                    11.89856,
                    57.69901
                ],
                [
                    11.89857,
                    57.69907
                ],
                [
                    11.89855,
                    57.69911
                ],
                [
                    11.89818,
                    57.69937
                ],
                [
                    11.89809,
                    57.69939
                ],
                [
                    11.89813,
                    57.69944
                ],
                [
                    11.8982,
                    57.6995
                ],
                [
                    11.89825,
                    57.69957
                ],
                [
                    11.89822,
                    57.69962
                ],
                [
                    11.89822,
                    57.69974
                ],
                [
                    11.89811,
                    57.69983
                ],
                [
                    11.89799,
                    57.69987
                ],
                [
                    11.89778,
                    57.69994
                ],
                [
                    11.89772,
                    57.69999
                ],
                [
                    11.89768,
                    57.70007
                ],
                [
                    11.89765,
                    57.70014
                ],
                [
                    11.89767,
                    57.70023
                ],
                [
                    11.89759,
                    57.70026
                ],
                [
                    11.89746,
                    57.70029
                ],
                [
                    11.89744,
                    57.70027
                ],
                [
                    11.89739,
                    57.70028
                ],
                [
                    11.89696,
                    57.7005
                ],
                [
                    11.8966,
                    57.70058
                ],
                [
                    11.89633,
                    57.70073
                ],
                [
                    11.89619,
                    57.70059
                ],
                [
                    11.89596,
                    57.70058
                ]
            ]
        }
    ]
}