{
    "city": 2,
    "initialStart": [
        12.01621,
        57.71795
    ],
    "trips": [
        {
            "summary": {
                "distance": 685.7,
                "duration": 126.6
            },
            "user": {
                "id": 1267,
                "token": "eyJhbGciOiJIUzI1NiIsInR5cCI6IkpXVCJ9.eyJpZCI6MTI2Nywicm9sZSI6InVzZXIiLCJpYXQiOjE3MDQzNjAzNzYsImV4cCI6MTczNTg5NjM3Nn0.86ZX7BdPdu7Mj-Y8Twa6A-3iAvL6aQTKJIQyurA2qR0"
            },
            "coords": [
                [
                    12.01621,
                    57.71795
                ],
                [
                    12.01623,
                    57.71796
                ],
                [
                    12.01615,
                    57.71799
                ],
                [
                    12.01573,
                    57.71778
                ],
                [
                    12.01569,
                    57.71769
                ],
                [
                    12.01575,
                    57.71757
                ],
                [
                    12.01562,
                    57.71755
                ],
                [
                    12.01556,
                    57.7175
                ],
                [
                    12.0153,
                    57.71745
                ],
                [
                    12.01456,
                    57.71735
                ],
                [
                    12.01395,
                    57.7173
                ],
                [
                    12.01343,
                    57.71726
                ],
                [
                    12.01324,
                    57.71725
                ],
                [
                    12.01331,
                    57.71718
                ],
                [
                    12.01342,
                    57.71697
                ],
                [
                    12.01344,
                    57.7169
                ],
                [
                    12.01352,
                    57.71683
                ],
                [
                    12.0137,
                    57.71673
                ],
                [
                    12.01423,
                    57.7166
                ],
                [
                    12.01487,
                    57.71649
                ],
                [
                    12.016,
                    57.71621
                ],
                [
                    12.01638,
                    57.71608
                ],
                [
                    12.01665,
                    57.71591
                ],
                [
                    12.01684,
                    57.71575
                ],
                [
                    12.01711,
                    57.71547
                ],
                [
                    12.01719,
                    57.71549
                ],
                [
                    12.01771,
                    57.7156
                ],
                [
                    12.01816,
                    57.71571
                ],
                [
                    12.01841,
                    57.71576
                ],
                [
                    12.01908,
                    57.71591
                ],
                [
                    12.01908,
                    57.71577
                ]
            ]
        }
    ]
}