{
    "city": 2,
    "initialStart": [
        11.92972,
        57.73036
    ],
    "trips": [
        {
            "summary": {
                "distance": 712.9,
                "duration": 189.2
            },
            "user": {
                "id": 1268,
                "token": "eyJhbGciOiJIUzI1NiIsInR5cCI6IkpXVCJ9.eyJpZCI6MTI2OCwicm9sZSI6InVzZXIiLCJpYXQiOjE3MDQzNjAzNzcsImV4cCI6MTczNTg5NjM3N30.8oTom3X9A0risY-DUEslrjFbcBrRZokeHxNqQ0D_6fo"
            },
            "coords": [
                [
                    11.92972,
                    57.73036
                ],
                [
                    11.9297,
                    57.73028
                ],
                [
                    11.9297,
                    57.73026
                ],
                [
                    11.92862,
                    57.73036
                ],
                [
                    11.92807,
                    57.73041
                ],
                [
                    11.9282,
                    57.73095
                ],
                [
                    11.92822,
                    57.73104
                ],
                [
                    11.92832,
                    57.73146
                ],
                [
                    11.92846,
                    57.73205
                ],
                [
                    11.92862,
                    57.73255
                ],
                [
                    11.92871,
                    57.7326
                ],
                [
                    11.92896,
                    57.73232
                ],
                [
                    11.9296,
                    57.73141
                ],
                [
                    11.93015,
                    57.73112
                ],
                [
                    11.93102,
                    57.73139
                ],
                [
                    11.93122,
                    57.73147
                ],
                [
                    11.93128,
                    57.73155
                ],
                [
                    11.93148,
                    57.7316
                ],
                [
                    11.93156,
                    57.73166
                ],
                [
                    11.93153,
                    57.73172
                ],
                [
                    11.93145,
                    57.73178
                ],
                [
                    11.93149,
                    57.7319
                ],
                [
                    11.93154,
                    57.73195
                ],
                [
                    11.93139,
                    57.73217
                ]
            ]
        }
    ]
}