{
    "city": 2,
    "initialStart": [
        11.99298,
        57.68498
    ],
    "trips": [
        {
            "summary": {
                "distance": 412.2,
                "duration": 67.4
            },
            "user": {
                "id": 1269,
                "token": "eyJhbGciOiJIUzI1NiIsInR5cCI6IkpXVCJ9.eyJpZCI6MTI2OSwicm9sZSI6InVzZXIiLCJpYXQiOjE3MDQzNjAzNzcsImV4cCI6MTczNTg5NjM3N30.TGJpxat39uGwv39tYEZv7MqDFjYuTLVlE9_ZXgGE88k"
            },
            "coords": [
                [
                    11.99298,
                    57.68498
                ],
                [
                    11.99292,
                    57.68502
                ],
                [
                    11.99259,
                    57.6852
                ],
                [
                    11.99224,
                    57.68546
                ],
                [
                    11.9919,
                    57.68561
                ],
                [
                    11.99191,
                    57.68565
                ],
                [
                    11.99178,
                    57.68568
                ],
                [
                    11.99151,
                    57.68554
                ],
                [
                    11.99095,
                    57.68526
                ],
                [
                    11.9905,
                    57.68503
                ],
                [
                    11.99031,
                    57.68493
                ],
                [
                    11.99018,
                    57.68489
                ],
                [
                    11.98993,
                    57.68489
                ],
                [
                    11.98925,
                    57.68487
                ],
                [
                    11.98884,
                    57.68487
                ],
                [
                    11.98865,
                    57.68485
                ],
                [
                    11.9885,
                    57.68478
                ],
                [
                    11.98795,
                    57.68441
                ],
                [
                    11.98819,
                    57.68432
                ]
            ]
        }
    ]
}