{
    "city": 2,
    "initialStart": [
        12.01898,
        57.70095
    ],
    "trips": [
        {
            "summary": {
                "distance": 625.3,
                "duration": 107.3
            },
            "user": {
                "id": 1270,
                "token": "eyJhbGciOiJIUzI1NiIsInR5cCI6IkpXVCJ9.eyJpZCI6MTI3MCwicm9sZSI6InVzZXIiLCJpYXQiOjE3MDQzNjAzNzcsImV4cCI6MTczNTg5NjM3N30.Z_bidzc9Ve-lkMXtfBhbQ7FEv3i1KexywjHtPzXb1JU"
            },
            "coords": [
                [
                    12.01898,
                    57.70095
                ],
                [
                    12.01868,
                    57.70107
                ],
                [
                    12.01828,
                    57.70125
                ],
                [
                    12.01739,
                    57.701
                ],
                [
                    12.01689,
                    57.70081
                ],
                [
                    12.01684,
                    57.70071
                ],
                [
                    12.01678,
                    57.70068
                ],
                [
                    12.01664,
                    57.70078
                ],
                [
                    12.01664,
                    57.70079
                ],
                [
                    12.01661,
                    57.70085
                ],
                [
                    12.0165,
                    57.70089
                ],
                [
                    12.01643,
                    57.7009
                ],
                [
                    12.01623,
                    57.70098
                ],
                [
                    12.0162,
                    57.701
                ],
                [
                    12.01612,
                    57.70107
                ],
                [
                    12.016,
                    57.70117
                ],
                [
                    12.01581,
                    57.70133
                ],
                [
                    12.01589,
                    57.70144
                ],
                [
                    12.01621,
                    57.7019
                ],
                [
                    12.01628,
                    57.702
                ],
                [
                    12.01635,
                    57.70212
                ],
                [
                    12.01664,
                    57.70252
                ],
                [
                    12.01673,
                    57.70264
                ],
                [
                    12.01677,
                    57.7027
                ],
                [
                    12.01689,
                    57.70289
                ],
                [
                    12.01719,
                    57.70333
                ],
                [
                    12.01778,
                    57.70338
                ],
                [
                    12.01808,
                    57.7034
                ],
                [
                    12.01882,
                    57.70356
                ],
                [
                    12.01898,
                    57.70334
                ]
            ]
        }
    ]
}