{
    "city": 2,
    "initialStart": [
        11.92015,
        57.71978
    ],
    "trips": [
        {
            "summary": {
                "distance": 558,
                "duration": 97.9
            },
            "user": {
                "id": 1271,
                "token": "eyJhbGciOiJIUzI1NiIsInR5cCI6IkpXVCJ9.eyJpZCI6MTI3MSwicm9sZSI6InVzZXIiLCJpYXQiOjE3MDQzNjAzNzcsImV4cCI6MTczNTg5NjM3N30.myOVQ86NhJ1t70-9KXAOoFBg0050aeJnZuoiLLlTzr8"
            },
            "coords": [
                [
                    11.92015,
                    57.71978
                ],
                [
                    11.92012,
                    57.71978
                ],
                [
                    11.91964,
                    57.71982
                ],
                [
                    11.9193,
                    57.71981
                ],
                [
                    11.9187,
                    57.7198
                ],
                [
                    11.91813,
                    57.71981
                ],
                [
                    11.918,
                    57.71977
                ],
                [
                    11.91791,
                    57.71974
                ],
                [
                    11.91845,
                    57.71925
                ],
                [
                    11.91873,
                    57.71878
                ],
                [
                    11.91859,
                    57.71877
                ],
                [
                    11.91865,
                    57.71857
                ],
                [
                    11.91871,
                    57.71848
                ],
                [
                    11.91877,
                    57.71837
                ],
                [
                    11.91885,
                    57.71823
                ],
                [
                    11.91891,
                    57.71811
                ],
                [
                    11.91897,
                    57.71803
                ],
                [
                    11.9191,
                    57.71805
                ],
                [
                    11.91919,
                    57.71794
                ],
                [
                    11.91938,
                    57.7178
                ],
                [
                    11.91956,
                    57.71771
                ],
                [
                    11.91949,
                    57.71766
                ],
                [
                    11.9194,
                    57.71762
                ],
                [
                    11.91875,
                    57.71747
                ],
                [
                    11.9184,
                    57.71771
                ],
                [
                    11.9183,
                    57.71771
                ],
                [
                    11.91814,
                    57.7177
                ],
                [
                    11.91786,
                    57.71766
                ],
                [
                    11.91759,
                    57.71762
                ],
                [
                    11.9175,
                    57.7176
                ],
                [
                    11.91754,
                    57.71752
                ]
            ]
        }
    ]
}