{
    "city": 2,
    "initialStart": [
        11.88569,
        57.69532
    ],
    "trips": [
        {
            "summary": {
                "distance": 403.9,
                "duration": 181.8
            },
            "user": {
                "id": 1275,
                "token": "eyJhbGciOiJIUzI1NiIsInR5cCI6IkpXVCJ9.eyJpZCI6MTI3NSwicm9sZSI6InVzZXIiLCJpYXQiOjE3MDQzNjA0MzgsImV4cCI6MTczNTg5NjQzOH0.ZLdyzJmzxtRaxlHi8qqEJ8Fmg1FAAkurmvNEWPCerYQ"
            },
            "coords": [
                [
                    11.88569,
                    57.69532
                ],
                [
                    11.88576,
                    57.69527
                ],
                [
                    11.88602,
                    57.69512
                ],
                [
                    11.8861,
                    57.69504
                ],
                [
                    11.88617,
                    57.69489
                ],
                [
                    11.88635,
                    57.69471
                ],
                [
                    11.88674,
                    57.69444
                ],
                [
                    11.88721,
                    57.69419
                ],
                [
                    11.88731,
                    57.69406
                ],
                [
                    11.88734,
                    57.69388
                ],
                [
                    11.88743,
                    57.69403
                ],
                [
                    11.88751,
                    57.69441
                ],
                [
                    11.88778,
                    57.69448
                ],
                [
                    11.88811,
                    57.69461
                ],
                [
                    11.88842,
                    57.6948
                ],
                [
                    11.88852,
                    57.69489
                ],
                [
                    11.88866,
                    57.69512
                ],
                [
                    11.88866,
                    57.6955
                ]
            ]
        }
    ]
}