{
    "city": 2,
    "initialStart": [
        11.8682,
        57.65494
    ],
    "trips": [
        {
            "summary": {
                "distance": 535.6,
                "duration": 95.6
            },
            "user": {
                "id": 1276,
                "token": "eyJhbGciOiJIUzI1NiIsInR5cCI6IkpXVCJ9.eyJpZCI6MTI3Niwicm9sZSI6InVzZXIiLCJpYXQiOjE3MDQzNjA0MzgsImV4cCI6MTczNTg5NjQzOH0.P5c-DgqZtzEBtFTnnwxoEGCtMxQdrEZBYg_PQHpIh60"
            },
            "coords": [
                [
                    11.8682,
                    57.65494
                ],
                [
                    11.86776,
                    57.65503
                ],
                [
                    11.86765,
                    57.65486
                ],
                [
                    11.86763,
                    57.65482
                ],
                [
                    11.86761,
                    57.6548
                ],
                [
                    11.86744,
                    57.65453
                ],
                [
                    11.86733,
                    57.65442
                ],
                [
                    11.86725,
                    57.65436
                ],
                [
                    11.867,
                    57.65423
                ],
                [
                    11.86673,
                    57.65415
                ],
                [
                    11.86686,
                    57.654
                ],
                [
                    11.86693,
                    57.65387
                ],
                [
                    11.86696,
                    57.65368
                ],
                [
                    11.86695,
                    57.6536
                ],
                [
                    11.86744,
                    57.65351
                ],
                [
                    11.86829,
                    57.65336
                ],
                [
                    11.86885,
                    57.65326
                ],
                [
                    11.86913,
                    57.65321
                ],
                [
                    11.86857,
                    57.65247
                ],
                [
                    11.86872,
                    57.65244
                ],
                [
                    11.86889,
                    57.6524
                ],
                [
                    11.869,
                    57.65238
                ],
                [
                    11.86911,
                    57.65241
                ],
                [
                    11.86926,
                    57.65259
                ],
                [
                    11.86939,
                    57.65274
                ],
                [
                    11.86953,
                    57.65274
                ],
                [
                    11.86943,
                    57.65261
                ]
            ]
        }
    ]
}