{
    "city": 2,
    "initialStart": [
        11.89444,
        57.65224
    ],
    "trips": [
        {
            "summary": {
                "distance": 412,
                "duration": 78.1
            },
            "user": {
                "id": 1277,
                "token": "eyJhbGciOiJIUzI1NiIsInR5cCI6IkpXVCJ9.eyJpZCI6MTI3Nywicm9sZSI6InVzZXIiLCJpYXQiOjE3MDQzNjA0MzksImV4cCI6MTczNTg5NjQzOX0.ZVYA32SJc670Vev0AjlVxBElQ3ks-YTfOyAS_QrIWb8"
            },
            "coords": [
                [
                    11.89444,
                    57.65224
                ],
                [
                    11.89389,
                    57.65207
                ],
                [
                    11.89385,
                    57.65203
                ],
                [
                    11.89385,
                    57.65197
                ],
                [
                    11.89377,
                    57.65188
                ],
                [
                    11.89365,
                    57.6518
                ],
                [
                    11.89347,
                    57.6517
                ],
                [
                    11.89345,
                    57.65165
                ],
                [
                    11.89162,
                    57.6509
                ],
                [
                    11.89151,
                    57.651
                ],
                [
                    11.89119,
                    57.65122
                ],
                [
                    11.89113,
                    57.65124
                ],
                [
                    11.89094,
                    57.65138
                ],
                [
                    11.89055,
                    57.65166
                ],
                [
                    11.89065,
                    57.65173
                ],
                [
                    11.89071,
                    57.65178
                ],
                [
                    11.88999,
                    57.65215
                ]
            ]
        }
    ]
}