{
    "city": 1,
    "initialStart": [
        18.02267,
        59.35106
    ],
    "trips": [
        {
            "summary": {
                "distance": 487.9,
                "duration": 95.1
            },
            "user": {
                "id": 128,
                "token": "eyJhbGciOiJIUzI1NiIsInR5cCI6IkpXVCJ9.eyJpZCI6MTI4LCJyb2xlIjoidXNlciIsImlhdCI6MTcwMjg5MDk1NywiZXhwIjoxNzM0NDI2OTU3fQ.l2wTipRt0KtHhXXGhQ3MX4QpHCK375MJXy6pI7bpcGs"
            },
            "coords": [
                [
                    18.02267,
                    59.35106
                ],
                [
                    18.02406,
                    59.35046
                ],
                [
                    18.02413,
                    59.35043
                ],
                [
                    18.02426,
                    59.35037
                ],
                [
                    18.02393,
                    59.35023
                ],
                [
                    18.02379,
                    59.35019
                ],
                [
                    18.02352,
                    59.35012
                ],
                [
                    18.02275,
                    59.3499
                ],
                [
                    18.02244,
                    59.3498
                ],
                [
                    18.02301,
                    59.34929
                ],
                [
                    18.02315,
                    59.34923
                ],
                [
                    18.02364,
                    59.34904
                ],
                [
                    18.024,
                    59.34891
                ],
                [
                    18.02411,
                    59.34887
                ],
                [
                    18.02429,
                    59.34881
                ],
                [
                    18.02444,
                    59.3487
                ],
                [
                    18.02447,
                    59.34863
                ],
                [
                    18.02447,
                    59.34849
                ],
                [
                    18.02448,
                    59.34839
                ],
                [
                    18.02434,
                    59.3484
                ],
                [
                    18.02424,
                    59.3484
                ],
                [
                    18.02399,
                    59.34832
                ],
                [
                    18.0239,
                    59.34839
                ],
                [
                    18.02387,
                    59.34841
                ]
            ]
        }
    ]
}