{
    "city": 2,
    "initialStart": [
        11.92458,
        57.67453
    ],
    "trips": [
        {
            "summary": {
                "distance": 498.3,
                "duration": 81.5
            },
            "user": {
                "id": 1282,
                "token": "eyJhbGciOiJIUzI1NiIsInR5cCI6IkpXVCJ9.eyJpZCI6MTI4Miwicm9sZSI6InVzZXIiLCJpYXQiOjE3MDQzNjA0NDAsImV4cCI6MTczNTg5NjQ0MH0.A0DePX-COe8BlFQKyyu8gRkmXW5tTgEyI7N3XFGIU18"
            },
            "coords": [
                [
                    11.92458,
                    57.67453
                ],
                [
                    11.92453,
                    57.67458
                ],
                [
                    11.9245,
                    57.6746
                ],
                [
                    11.92442,
                    57.6746
                ],
                [
                    11.92412,
                    57.67457
                ],
                [
                    11.92343,
                    57.6745
                ],
                [
                    11.92318,
                    57.67442
                ],
                [
                    11.92259,
                    57.67418
                ],
                [
                    11.92233,
                    57.67408
                ],
                [
                    11.92217,
                    57.67395
                ],
                [
                    11.92171,
                    57.67407
                ],
                [
                    11.92167,
                    57.67408
                ],
                [
                    11.92149,
                    57.67413
                ],
                [
                    11.92095,
                    57.67428
                ],
                [
                    11.92079,
                    57.67432
                ],
                [
                    11.92067,
                    57.67435
                ],
                [
                    11.92062,
                    57.67437
                ],
                [
                    11.92014,
                    57.67448
                ],
                [
                    11.91991,
                    57.67447
                ],
                [
                    11.91961,
                    57.67441
                ],
                [
                    11.91959,
                    57.6743
                ],
                [
                    11.91962,
                    57.67417
                ],
                [
                    11.91963,
                    57.67414
                ],
                [
                    11.91963,
                    57.67411
                ],
                [
                    11.91965,
                    57.67393
                ],
                [
                    11.91959,
                    57.67347
                ],
                [
                    11.92037,
                    57.67359
                ],
                [
                    11.92046,
                    57.67361
                ]
            ]
        }
    ]
}