{
    "city": 2,
    "initialStart": [
        11.88946,
        57.67811
    ],
    "trips": [
        {
            "summary": {
                "distance": 701.1,
                "duration": 114.7
            },
            "user": {
                "id": 1284,
                "token": "eyJhbGciOiJIUzI1NiIsInR5cCI6IkpXVCJ9.eyJpZCI6MTI4NCwicm9sZSI6InVzZXIiLCJpYXQiOjE3MDQzNjA0NDAsImV4cCI6MTczNTg5NjQ0MH0.YwRdTPEblKmTbmL0Ic1wOv4Q40IlNf3OL_zOW19ClKM"
            },
            "coords": [
                [
                    11.88946,
                    57.67811
                ],
                [
                    11.88952,
                    57.67823
                ],
                [
                    11.88956,
                    57.67826
                ],
                [
                    11.88966,
                    57.67828
                ],
                [
                    11.88991,
                    57.67827
                ],
                [
                    11.88996,
                    57.67829
                ],
                [
                    11.89002,
                    57.67833
                ],
                [
                    11.89008,
                    57.67853
                ],
                [
                    11.89019,
                    57.67889
                ],
                [
                    11.88987,
                    57.67893
                ],
                [
                    11.8898,
                    57.67893
                ],
                [
                    11.88955,
                    57.67896
                ],
                [
                    11.88872,
                    57.67899
                ],
                [
                    11.88829,
                    57.67897
                ],
                [
                    11.88791,
                    57.67893
                ],
                [
                    11.8877,
                    57.67888
                ],
                [
                    11.88755,
                    57.67884
                ],
                [
                    11.88734,
                    57.67878
                ],
                [
                    11.88712,
                    57.67874
                ],
                [
                    11.88718,
                    57.67853
                ],
                [
                    11.88718,
                    57.6785
                ],
                [
                    11.88726,
                    57.67823
                ],
                [
                    11.88729,
                    57.67799
                ],
                [
                    11.88738,
                    57.67785
                ],
                [
                    11.88742,
                    57.6778
                ],
                [
                    11.88744,
                    57.67771
                ],
                [
                    11.88744,
                    57.67765
                ],
                [
                    11.88742,
                    57.6776
                ],
                [
                    11.88707,
                    57.67751
                ],
                [
                    11.88693,
                    57.67748
                ],
                [
                    11.8867,
                    57.67744
                ],
                [
                    11.88659,
                    57.67741
                ],
                [
                    11.88648,
                    57.67739
                ],
                [
                    11.8864,
                    57.67737
                ],
                [
                    11.88639,
                    57.67733
                ],
                [
                    11.88639,
                    57.67725
                ],
                [
                    11.88631,
                    57.67709
                ],
                [
                    11.88634,
                    57.67693
                ],
                [
                    11.88649,
                    57.67675
                ],
                [
                    11.88657,
                    57.67667
                ],
                [
                    11.88665,
                    57.67657
                ],
                [
                    11.88671,
                    57.6765
                ],
                [
                    11.88772,
                    57.67659
                ],
                [
                    11.88786,
                    57.6766
                ],
                [
                    11.88805,
                    57.67643
                ],
                [
                    11.88816,
                    57.67633
                ]
            ]
        }
    ]
}