{
    "city": 2,
    "initialStart": [
        11.95029,
        57.69915
    ],
    "trips": [
        {
            "summary": {
                "distance": 381.7,
                "duration": 101.2
            },
            "user": {
                "id": 1285,
                "token": "eyJhbGciOiJIUzI1NiIsInR5cCI6IkpXVCJ9.eyJpZCI6MTI4NSwicm9sZSI6InVzZXIiLCJpYXQiOjE3MDQzNjA0NDEsImV4cCI6MTczNTg5NjQ0MX0.a42wotamYs96oKUMKiF40_4nEvYujg7IOL3RduY0Bpc"
            },
            "coords": [
                [
                    11.95029,
                    57.69915
                ],
                [
                    11.95016,
                    57.69913
                ],
                [
                    11.95015,
                    57.69914
                ],
                [
                    11.95013,
                    57.69925
                ],
                [
                    11.95012,
                    57.69927
                ],
                [
                    11.94947,
                    57.69921
                ],
                [
                    11.94945,
                    57.69925
                ],
                [
                    11.9493,
                    57.69923
                ],
                [
                    11.94932,
                    57.69919
                ],
                [
                    11.94954,
                    57.69864
                ],
                [
                    11.94956,
                    57.69859
                ],
                [
                    11.94946,
                    57.69858
                ],
                [
                    11.94684,
                    57.69833
                ],
                [
                    11.94685,
                    57.69829
                ],
                [
                    11.94682,
                    57.69827
                ],
                [
                    11.94693,
                    57.69796
                ],
                [
                    11.94714,
                    57.69798
                ],
                [
                    11.94721,
                    57.69796
                ],
                [
                    11.9473,
                    57.69796
                ],
                [
                    11.9473,
                    57.69794
                ]
            ]
        }
    ]
}