{
    "city": 2,
    "initialStart": [
        11.89887,
        57.70389
    ],
    "trips": [
        {
            "summary": {
                "distance": 404.4,
                "duration": 66.9
            },
            "user": {
                "id": 1289,
                "token": "eyJhbGciOiJIUzI1NiIsInR5cCI6IkpXVCJ9.eyJpZCI6MTI4OSwicm9sZSI6InVzZXIiLCJpYXQiOjE3MDQzNjA0NDEsImV4cCI6MTczNTg5NjQ0MX0.XnBaoNnvaD1z3QBYE5dgPv510DgDdkI8af-AikRzyd0"
            },
            "coords": [
                [
                    11.89887,
                    57.70389
                ],
                [
                    11.89883,
                    57.70387
                ],
                [
                    11.89873,
                    57.70381
                ],
                [
                    11.89866,
                    57.70377
                ],
                [
                    11.89829,
                    57.70355
                ],
                [
                    11.89804,
                    57.70341
                ],
                [
                    11.89788,
                    57.70334
                ],
                [
                    11.8979,
                    57.70331
                ],
                [
                    11.89803,
                    57.70316
                ],
                [
                    11.89813,
                    57.70305
                ],
                [
                    11.89827,
                    57.70294
                ],
                [
                    11.89855,
                    57.70281
                ],
                [
                    11.89896,
                    57.70271
                ],
                [
                    11.8988,
                    57.70247
                ],
                [
                    11.89871,
                    57.7024
                ],
                [
                    11.89857,
                    57.70212
                ],
                [
                    11.89854,
                    57.70208
                ],
                [
                    11.89869,
                    57.70204
                ],
                [
                    11.89886,
                    57.702
                ],
                [
                    11.8993,
                    57.70193
                ],
                [
                    11.90021,
                    57.7018
                ],
                [
                    11.9004,
                    57.70214
                ],
                [
                    11.90044,
                    57.70213
                ]
            ]
        }
    ]
}