{
    "city": 2,
    "initialStart": [
        11.89527,
        57.69819
    ],
    "trips": [
        {
            "summary": {
                "distance": 841.6,
                "duration": 137.7
            },
            "user": {
                "id": 1291,
                "token": "eyJhbGciOiJIUzI1NiIsInR5cCI6IkpXVCJ9.eyJpZCI6MTI5MSwicm9sZSI6InVzZXIiLCJpYXQiOjE3MDQzNjA0NDIsImV4cCI6MTczNTg5NjQ0Mn0.fZYdlCCwHYYax_5CRN6r0ovS_fQPGazpPpV06eE7azU"
            },
            "coords": [
                [
                    11.89527,
                    57.69819
                ],
                [
                    11.89551,
                    57.69818
                ],
                [
                    11.89608,
                    57.69808
                ],
                [
                    11.89615,
                    57.69799
                ],
                [
                    11.89696,
                    57.69817
                ],
                [
                    11.89703,
                    57.6981
                ],
                [
                    11.89716,
                    57.69807
                ],
                [
                    11.89736,
                    57.69794
                ],
                [
                    11.89789,
                    57.69767
                ],
                [
                    11.89828,
                    57.69739
                ],
                [
                    11.89834,
                    57.6973
                ],
                [
                    11.89877,
                    57.69707
                ],
                [
                    11.89884,
                    57.69698
                ],
                [
                    11.89896,
                    57.69668
                ],
                [
                    11.89919,
                    57.69631
                ],
                [
                    11.89905,
                    57.69624
                ],
                [
                    11.89891,
                    57.69588
                ],
                [
                    11.89889,
                    57.69575
                ],
                [
                    11.89895,
                    57.69559
                ],
                [
                    11.89917,
                    57.69525
                ],
                [
                    11.89938,
                    57.695
                ],
                [
                    11.89948,
                    57.69494
                ],
                [
                    11.89963,
                    57.69476
                ],
                [
                    11.89965,
                    57.69469
                ],
                [
                    11.89961,
                    57.69462
                ],
                [
                    11.89933,
                    57.69456
                ],
                [
                    11.89902,
                    57.69453
                ],
                [
                    11.89886,
                    57.69454
                ],
                [
                    11.89871,
                    57.6946
                ],
                [
                    11.89861,
                    57.69467
                ],
                [
                    11.8986,
                    57.69469
                ],
                [
                    11.89863,
                    57.69476
                ],
                [
                    11.89867,
                    57.69478
                ],
                [
                    11.89886,
                    57.69482
                ],
                [
                    11.89764,
                    57.69631
                ]
            ]
        }
    ]
}