{
    "city": 2,
    "initialStart": [
        11.94584,
        57.70017
    ],
    "trips": [
        {
            "summary": {
                "distance": 421.9,
                "duration": 74.2
            },
            "user": {
                "id": 1292,
                "token": "eyJhbGciOiJIUzI1NiIsInR5cCI6IkpXVCJ9.eyJpZCI6MTI5Miwicm9sZSI6InVzZXIiLCJpYXQiOjE3MDQzNjA0NDIsImV4cCI6MTczNTg5NjQ0Mn0.W-nmobCMn45dS-4oeKRUOSHVvKokJ8A4e3ktKnpr9-E"
            },
            "coords": [
                [
                    11.94584,
                    57.70017
                ],
                [
                    11.9459,
                    57.70017
                ],
                [
                    11.94597,
                    57.70018
                ],
                [
                    11.94609,
                    57.69984
                ],
                [
                    11.94608,
                    57.6998
                ],
                [
                    11.94608,
                    57.69976
                ],
                [
                    11.94614,
                    57.69961
                ],
                [
                    11.94616,
                    57.69955
                ],
                [
                    11.94622,
                    57.69956
                ],
                [
                    11.94641,
                    57.69958
                ],
                [
                    11.94898,
                    57.69984
                ],
                [
                    11.94903,
                    57.69983
                ],
                [
                    11.9491,
                    57.69983
                ],
                [
                    11.94929,
                    57.69927
                ],
                [
                    11.9493,
                    57.69923
                ],
                [
                    11.94932,
                    57.69919
                ],
                [
                    11.94954,
                    57.69864
                ],
                [
                    11.94956,
                    57.69859
                ],
                [
                    11.94946,
                    57.69858
                ],
                [
                    11.94949,
                    57.69855
                ],
                [
                    11.94926,
                    57.69853
                ]
            ]
        }
    ]
}