{
    "city": 2,
    "initialStart": [
        11.91794,
        57.72592
    ],
    "trips": [
        {
            "summary": {
                "distance": 432.2,
                "duration": 70.7
            },
            "user": {
                "id": 1299,
                "token": "eyJhbGciOiJIUzI1NiIsInR5cCI6IkpXVCJ9.eyJpZCI6MTI5OSwicm9sZSI6InVzZXIiLCJpYXQiOjE3MDQzNjA0NDQsImV4cCI6MTczNTg5NjQ0NH0.AQibC6yIs0waeQgkgjd2A_1nZiyIQ7rACFlco7F1rUY"
            },
            "coords": [
                [
                    11.91794,
                    57.72592
                ],
                [
                    11.91818,
                    57.72638
                ],
                [
                    11.91787,
                    57.72647
                ],
                [
                    11.91783,
                    57.72648
                ],
                [
                    11.91743,
                    57.72658
                ],
                [
                    11.91733,
                    57.72661
                ],
                [
                    11.91717,
                    57.72635
                ],
                [
                    11.91714,
                    57.72631
                ],
                [
                    11.91702,
                    57.72633
                ],
                [
                    11.91698,
                    57.72625
                ],
                [
                    11.91699,
                    57.72621
                ],
                [
                    11.9168,
                    57.72589
                ],
                [
                    11.91673,
                    57.72585
                ],
                [
                    11.91668,
                    57.72577
                ],
                [
                    11.91664,
                    57.7257
                ],
                [
                    11.91665,
                    57.72565
                ],
                [
                    11.91649,
                    57.72537
                ],
                [
                    11.91642,
                    57.72531
                ],
                [
                    11.91638,
                    57.72522
                ],
                [
                    11.91529,
                    57.72519
                ],
                [
                    11.91531,
                    57.72513
                ],
                [
                    11.91542,
                    57.72491
                ],
                [
                    11.91542,
                    57.72489
                ],
                [
                    11.91552,
                    57.72446
                ]
            ]
        }
    ]
}