{
    "city": 1,
    "initialStart": [
        18.0583,
        59.33736
    ],
    "trips": [
        {
            "summary": {
                "distance": 446.8,
                "duration": 107.6
            },
            "user": {
                "id": 130,
                "token": "eyJhbGciOiJIUzI1NiIsInR5cCI6IkpXVCJ9.eyJpZCI6MTMwLCJyb2xlIjoidXNlciIsImlhdCI6MTcwMjg5MDk1OCwiZXhwIjoxNzM0NDI2OTU4fQ.vCEGzBl-hORzpecgH66BjFm-HTCUjCQQZjQjP5ZnJjo"
            },
            "coords": [
                [
                    18.0583,
                    59.33736
                ],
                [
                    18.05802,
                    59.33729
                ],
                [
                    18.05801,
                    59.3373
                ],
                [
                    18.05799,
                    59.33732
                ],
                [
                    18.0582,
                    59.33738
                ],
                [
                    18.0594,
                    59.3377
                ],
                [
                    18.05948,
                    59.33772
                ],
                [
                    18.05992,
                    59.33728
                ],
                [
                    18.05996,
                    59.33722
                ],
                [
                    18.06001,
                    59.33717
                ],
                [
                    18.06034,
                    59.33685
                ],
                [
                    18.06038,
                    59.33676
                ],
                [
                    18.0608,
                    59.33634
                ],
                [
                    18.06093,
                    59.33628
                ],
                [
                    18.06105,
                    59.33616
                ],
                [
                    18.06112,
                    59.33609
                ],
                [
                    18.06104,
                    59.33607
                ],
                [
                    18.06058,
                    59.33595
                ],
                [
                    18.06065,
                    59.33588
                ],
                [
                    18.05935,
                    59.33555
                ]
            ]
        }
    ]
}