{
    "city": 2,
    "initialStart": [
        11.8749,
        57.67683
    ],
    "trips": [
        {
            "summary": {
                "distance": 310,
                "duration": 50.7
            },
            "user": {
                "id": 1300,
                "token": "eyJhbGciOiJIUzI1NiIsInR5cCI6IkpXVCJ9.eyJpZCI6MTMwMCwicm9sZSI6InVzZXIiLCJpYXQiOjE3MDQzNjA0NDQsImV4cCI6MTczNTg5NjQ0NH0.8y_QA2GJQMnXtxOCFQMKqfr_t20wT0-7Xwke3dOcvdQ"
            },
            "coords": [
                [
                    11.8749,
                    57.67683
                ],
                [
                    11.87489,
                    57.67678
                ],
                [
                    11.87487,
                    57.67668
                ],
                [
                    11.87484,
                    57.67657
                ],
                [
                    11.87482,
                    57.67648
                ],
                [
                    11.87439,
                    57.67653
                ],
                [
                    11.87387,
                    57.67663
                ],
                [
                    11.87359,
                    57.67669
                ],
                [
                    11.87319,
                    57.67679
                ],
                [
                    11.87232,
                    57.67696
                ],
                [
                    11.87191,
                    57.67702
                ],
                [
                    11.87146,
                    57.67705
                ],
                [
                    11.87073,
                    57.67711
                ],
                [
                    11.87074,
                    57.6772
                ],
                [
                    11.87078,
                    57.67725
                ]
            ]
        }
    ]
}