{
    "city": 2,
    "initialStart": [
        11.9354,
        57.6846
    ],
    "trips": [
        {
            "summary": {
                "distance": 412.3,
                "duration": 122
            },
            "user": {
                "id": 1305,
                "token": "eyJhbGciOiJIUzI1NiIsInR5cCI6IkpXVCJ9.eyJpZCI6MTMwNSwicm9sZSI6InVzZXIiLCJpYXQiOjE3MDQzNjA0NDUsImV4cCI6MTczNTg5NjQ0NX0.v6PbwyAR4l0SSmAQf6uf4Ql_YrhgSnW-7zxejyoCi24"
            },
            "coords": [
                [
                    11.9354,
                    57.6846
                ],
                [
                    11.93593,
                    57.68464
                ],
                [
                    11.93595,
                    57.68473
                ],
                [
                    11.9357,
                    57.68488
                ],
                [
                    11.93549,
                    57.68504
                ],
                [
                    11.93538,
                    57.68516
                ],
                [
                    11.93537,
                    57.68521
                ],
                [
                    11.93539,
                    57.68542
                ],
                [
                    11.93564,
                    57.68598
                ],
                [
                    11.93566,
                    57.68612
                ],
                [
                    11.93593,
                    57.6862
                ],
                [
                    11.93602,
                    57.6862
                ],
                [
                    11.93614,
                    57.68617
                ],
                [
                    11.93623,
                    57.68617
                ],
                [
                    11.93648,
                    57.6861
                ],
                [
                    11.93667,
                    57.68609
                ],
                [
                    11.93696,
                    57.6861
                ],
                [
                    11.93709,
                    57.68611
                ],
                [
                    11.93719,
                    57.68615
                ],
                [
                    11.93735,
                    57.68623
                ],
                [
                    11.93741,
                    57.68625
                ],
                [
                    11.93754,
                    57.68623
                ],
                [
                    11.93769,
                    57.68622
                ],
                [
                    11.93785,
                    57.68618
                ],
                [
                    11.93799,
                    57.68612
                ],
                [
                    11.93817,
                    57.68598
                ],
                [
                    11.93839,
                    57.68594
                ],
                [
                    11.9384,
                    57.68598
                ],
                [
                    11.93837,
                    57.68604
                ],
                [
                    11.93842,
                    57.68609
                ],
                [
                    11.93842,
                    57.6861
                ]
            ]
        }
    ]
}