{
    "city": 2,
    "initialStart": [
        11.96329,
        57.72674
    ],
    "trips": [
        {
            "summary": {
                "distance": 482.4,
                "duration": 78.9
            },
            "user": {
                "id": 1306,
                "token": "eyJhbGciOiJIUzI1NiIsInR5cCI6IkpXVCJ9.eyJpZCI6MTMwNiwicm9sZSI6InVzZXIiLCJpYXQiOjE3MDQzNjA0NDUsImV4cCI6MTczNTg5NjQ0NX0.injhyO3pCxGJmBkOOy9BqiS5FQElbbp9UZFXUHpaglc"
            },
            "coords": [
                [
                    11.96329,
                    57.72674
                ],
                [
                    11.96262,
                    57.72705
                ],
                [
                    11.96236,
                    57.72712
                ],
                [
                    11.96209,
                    57.72715
                ],
                [
                    11.96186,
                    57.72719
                ],
                [
                    11.96166,
                    57.72718
                ],
                [
                    11.96103,
                    57.72707
                ],
                [
                    11.96093,
                    57.7271
                ],
                [
                    11.96082,
                    57.7271
                ],
                [
                    11.9608,
                    57.72719
                ],
                [
                    11.96084,
                    57.72729
                ],
                [
                    11.96097,
                    57.72737
                ],
                [
                    11.96105,
                    57.7274
                ],
                [
                    11.96173,
                    57.72749
                ],
                [
                    11.96211,
                    57.72755
                ],
                [
                    11.96207,
                    57.7276
                ],
                [
                    11.96253,
                    57.72771
                ],
                [
                    11.9626,
                    57.72778
                ],
                [
                    11.9626,
                    57.72782
                ],
                [
                    11.96257,
                    57.72786
                ],
                [
                    11.96265,
                    57.72792
                ],
                [
                    11.96185,
                    57.72819
                ],
                [
                    11.96128,
                    57.72845
                ],
                [
                    11.96099,
                    57.72861
                ],
                [
                    11.96073,
                    57.7288
                ]
            ]
        }
    ]
}