{
    "city": 2,
    "initialStart": [
        11.93925,
        57.71057
    ],
    "trips": [
        {
            "summary": {
                "distance": 1124,
                "duration": 188.2
            },
            "user": {
                "id": 1308,
                "token": "eyJhbGciOiJIUzI1NiIsInR5cCI6IkpXVCJ9.eyJpZCI6MTMwOCwicm9sZSI6InVzZXIiLCJpYXQiOjE3MDQzNjA0NDYsImV4cCI6MTczNTg5NjQ0Nn0.QxkB3PrEYYmgSjEenK-4pCckc6a4SHBWrFTv-3ZJlGE"
            },
            "coords": [
                [
                    11.93925,
                    57.71057
                ],
                [
                    11.93945,
                    57.71057
                ],
                [
                    11.93959,
                    57.71059
                ],
                [
                    11.93975,
                    57.71065
                ],
                [
                    11.93987,
                    57.71066
                ],
                [
                    11.94164,
                    57.71104
                ],
                [
                    11.94186,
                    57.71113
                ],
                [
                    11.94236,
                    57.71142
                ],
                [
                    11.94228,
                    57.71144
                ],
                [
                    11.94215,
                    57.71147
                ],
                [
                    11.94207,
                    57.71149
                ],
                [
                    11.94198,
                    57.71152
                ],
                [
                    11.94199,
                    57.71155
                ],
                [
                    11.94196,
                    57.71164
                ],
                [
                    11.94193,
                    57.71168
                ],
                [
                    11.94195,
                    57.71172
                ],
                [
                    11.94203,
                    57.71176
                ],
                [
                    11.94228,
                    57.71184
                ],
                [
                    11.94259,
                    57.71186
                ],
                [
                    11.9427,
                    57.71189
                ],
                [
                    11.94314,
                    57.71207
                ],
                [
                    11.94327,
                    57.71215
                ],
                [
                    11.94333,
                    57.71224
                ],
                [
                    11.94335,
                    57.71235
                ],
                [
                    11.94332,
                    57.71309
                ],
                [
                    11.94337,
                    57.71333
                ],
                [
                    11.94346,
                    57.71344
                ],
                [
                    11.94355,
                    57.7135
                ],
                [
                    11.94402,
                    57.71376
                ],
                [
                    11.94407,
                    57.71381
                ],
                [
                    11.94421,
                    57.71404
                ],
                [
                    11.94425,
                    57.7141
                ],
                [
                    11.94397,
                    57.71411
                ],
                [
                    11.9438,
                    57.71409
                ],
                [
                    11.94356,
                    57.71403
                ],
                [
                    11.94346,
                    57.71397
                ],
                [
                    11.94338,
                    57.71393
                ],
                [
                    11.94332,
                    57.71396
                ],
                [
                    11.94282,
                    57.71368
                ],
                [
                    11.94237,
                    57.7134
                ],
                [
                    11.9409,
                    57.71259
                ],
                [
                    11.94077,
                    57.71256
                ],
                [
                    11.94063,
                    57.71255
                ],
                [
                    11.94024,
                    57.71253
                ],
                [
                    11.9401,
                    57.71255
                ],
                [
                    11.93994,
                    57.71255
                ],
                [
                    11.93978,
                    57.71254
                ],
                [
                    11.93963,
                    57.71249
                ],
                [
                    11.93951,
                    57.71248
                ],
                [
                    11.93885,
                    57.71244
                ],
                [
                    11.93784,
                    57.71242
                ],
                [
                    11.93728,
                    57.71237
                ],
                [
                    11.93728,
                    57.71241
                ],
                [
                    11.93737,
                    57.71244
                ],
                [
                    11.93778,
                    57.71249
                ],
                [
                    11.93784,
                    57.71249
                ]
            ]
        }
    ]
}