{
    "city": 2,
    "initialStart": [
        12.03186,
        57.70415
    ],
    "trips": [
        {
            "summary": {
                "distance": 519.1,
                "duration": 105.5
            },
            "user": {
                "id": 1309,
                "token": "eyJhbGciOiJIUzI1NiIsInR5cCI6IkpXVCJ9.eyJpZCI6MTMwOSwicm9sZSI6InVzZXIiLCJpYXQiOjE3MDQzNjA0NDYsImV4cCI6MTczNTg5NjQ0Nn0.0d87aImEDDrL_Ruip86ZWxUZXrGnCxDKT3WVphpbY0o"
            },
            "coords": [
                [
                    12.03186,
                    57.70415
                ],
                [
                    12.03145,
                    57.70446
                ],
                [
                    12.03073,
                    57.70513
                ],
                [
                    12.0305,
                    57.70531
                ],
                [
                    12.02987,
                    57.70562
                ],
                [
                    12.02986,
                    57.70556
                ],
                [
                    12.0299,
                    57.70541
                ],
                [
                    12.02992,
                    57.7051
                ],
                [
                    12.02999,
                    57.70502
                ],
                [
                    12.03002,
                    57.70482
                ],
                [
                    12.03004,
                    57.70469
                ],
                [
                    12.03017,
                    57.7043
                ],
                [
                    12.02993,
                    57.70418
                ],
                [
                    12.02913,
                    57.70409
                ],
                [
                    12.02908,
                    57.70422
                ],
                [
                    12.02898,
                    57.70433
                ],
                [
                    12.02864,
                    57.70449
                ],
                [
                    12.02857,
                    57.70465
                ],
                [
                    12.02866,
                    57.70479
                ],
                [
                    12.02866,
                    57.70485
                ]
            ]
        }
    ]
}