{
    "city": 1,
    "initialStart": [
        18.08284,
        59.3424
    ],
    "trips": [
        {
            "summary": {
                "distance": 385,
                "duration": 101.8
            },
            "user": {
                "id": 131,
                "token": "eyJhbGciOiJIUzI1NiIsInR5cCI6IkpXVCJ9.eyJpZCI6MTMxLCJyb2xlIjoidXNlciIsImlhdCI6MTcwMjg5MDk1OCwiZXhwIjoxNzM0NDI2OTU4fQ.2GZjC_WG_1fjtKHaT60K4dj2dnZoayLJweO1tRApYpg"
            },
            "coords": [
                [
                    18.08284,
                    59.3424
                ],
                [
                    18.08314,
                    59.34232
                ],
                [
                    18.0832,
                    59.34239
                ],
                [
                    18.08326,
                    59.34245
                ],
                [
                    18.08338,
                    59.34242
                ],
                [
                    18.0835,
                    59.34254
                ],
                [
                    18.08337,
                    59.34257
                ],
                [
                    18.08206,
                    59.34289
                ],
                [
                    18.08205,
                    59.3429
                ],
                [
                    18.08183,
                    59.34295
                ],
                [
                    18.08156,
                    59.34302
                ],
                [
                    18.08059,
                    59.34326
                ],
                [
                    18.07925,
                    59.34361
                ],
                [
                    18.07919,
                    59.34362
                ],
                [
                    18.07904,
                    59.34366
                ],
                [
                    18.07902,
                    59.34367
                ],
                [
                    18.07888,
                    59.34371
                ],
                [
                    18.07906,
                    59.34388
                ],
                [
                    18.07913,
                    59.34396
                ],
                [
                    18.07908,
                    59.34397
                ]
            ]
        }
    ]
}