{
    "city": 2,
    "initialStart": [
        11.89153,
        57.71254
    ],
    "trips": [
        {
            "summary": {
                "distance": 378.3,
                "duration": 79.3
            },
            "user": {
                "id": 1310,
                "token": "eyJhbGciOiJIUzI1NiIsInR5cCI6IkpXVCJ9.eyJpZCI6MTMxMCwicm9sZSI6InVzZXIiLCJpYXQiOjE3MDQzNjA0NDYsImV4cCI6MTczNTg5NjQ0Nn0.CdJprSQ5GF39hVsPr318twGBc_GSbAYC1KRUseJDnHA"
            },
            "coords": [
                [
                    11.89153,
                    57.71254
                ],
                [
                    11.89155,
                    57.71256
                ],
                [
                    11.8915,
                    57.71263
                ],
                [
                    11.89126,
                    57.71265
                ],
                [
                    11.89106,
                    57.71229
                ],
                [
                    11.89087,
                    57.71198
                ],
                [
                    11.89102,
                    57.71196
                ],
                [
                    11.89136,
                    57.71185
                ],
                [
                    11.89161,
                    57.71181
                ],
                [
                    11.89164,
                    57.71181
                ],
                [
                    11.89172,
                    57.71179
                ],
                [
                    11.89178,
                    57.71179
                ],
                [
                    11.89189,
                    57.71177
                ],
                [
                    11.89193,
                    57.71176
                ],
                [
                    11.89212,
                    57.71174
                ],
                [
                    11.89286,
                    57.71163
                ],
                [
                    11.89315,
                    57.71159
                ],
                [
                    11.89309,
                    57.7112
                ],
                [
                    11.89304,
                    57.71104
                ],
                [
                    11.89324,
                    57.711
                ],
                [
                    11.89354,
                    57.71094
                ],
                [
                    11.89364,
                    57.71094
                ],
                [
                    11.89371,
                    57.71091
                ],
                [
                    11.89371,
                    57.71087
                ],
                [
                    11.89362,
                    57.71071
                ]
            ]
        }
    ]
}