{
    "city": 2,
    "initialStart": [
        12.01625,
        57.69915
    ],
    "trips": [
        {
            "summary": {
                "distance": 592.5,
                "duration": 123.6
            },
            "user": {
                "id": 1312,
                "token": "eyJhbGciOiJIUzI1NiIsInR5cCI6IkpXVCJ9.eyJpZCI6MTMxMiwicm9sZSI6InVzZXIiLCJpYXQiOjE3MDQzNjA1MDcsImV4cCI6MTczNTg5NjUwN30.ee24roTxC-uagvlMCoIAOWhvb53IPP_odJQnqwjv8Y8"
            },
            "coords": [
                [
                    12.01625,
                    57.69915
                ],
                [
                    12.01621,
                    57.69913
                ],
                [
                    12.01613,
                    57.69916
                ],
                [
                    12.01578,
                    57.69945
                ],
                [
                    12.01569,
                    57.69949
                ],
                [
                    12.01547,
                    57.69971
                ],
                [
                    12.01565,
                    57.69977
                ],
                [
                    12.01607,
                    57.69986
                ],
                [
                    12.01615,
                    57.69988
                ],
                [
                    12.01646,
                    57.69997
                ],
                [
                    12.01679,
                    57.70006
                ],
                [
                    12.01703,
                    57.70013
                ],
                [
                    12.01698,
                    57.70019
                ],
                [
                    12.01678,
                    57.70042
                ],
                [
                    12.01658,
                    57.70059
                ],
                [
                    12.01669,
                    57.70063
                ],
                [
                    12.01678,
                    57.70068
                ],
                [
                    12.01684,
                    57.70071
                ],
                [
                    12.01689,
                    57.70081
                ],
                [
                    12.01739,
                    57.701
                ],
                [
                    12.01828,
                    57.70125
                ],
                [
                    12.01868,
                    57.70107
                ],
                [
                    12.01905,
                    57.70093
                ],
                [
                    12.01952,
                    57.70069
                ],
                [
                    12.01968,
                    57.7006
                ],
                [
                    12.0201,
                    57.70032
                ],
                [
                    12.02049,
                    57.70012
                ],
                [
                    12.02069,
                    57.69986
                ],
                [
                    12.02074,
                    57.69982
                ]
            ]
        }
    ]
}