{
    "city": 3,
    "initialStart": [
        13.05633,
        55.61909
    ],
    "trips": [
        {
            "summary": {
                "distance": 1090.1,
                "duration": 185.7
            },
            "user": {
                "id": 1315,
                "token": "eyJhbGciOiJIUzI1NiIsInR5cCI6IkpXVCJ9.eyJpZCI6MTMxNSwicm9sZSI6InVzZXIiLCJpYXQiOjE3MDQzNjA3NDAsImV4cCI6MTczNTg5Njc0MH0.BB9Jp5YL4wQRIHHwrSzo4d9BDjRmzrM8Dpo-tGpLYJ0"
            },
            "coords": [
                [
                    13.05633,
                    55.61909
                ],
                [
                    13.0567,
                    55.61914
                ],
                [
                    13.05714,
                    55.61917
                ],
                [
                    13.05738,
                    55.61921
                ],
                [
                    13.05752,
                    55.61925
                ],
                [
                    13.05798,
                    55.6193
                ],
                [
                    13.0582,
                    55.61935
                ],
                [
                    13.05831,
                    55.6194
                ],
                [
                    13.05846,
                    55.61949
                ],
                [
                    13.05862,
                    55.61959
                ],
                [
                    13.05869,
                    55.61969
                ],
                [
                    13.05865,
                    55.61997
                ],
                [
                    13.05856,
                    55.62022
                ],
                [
                    13.05847,
                    55.62035
                ],
                [
                    13.05778,
                    55.62107
                ],
                [
                    13.05768,
                    55.62121
                ],
                [
                    13.05744,
                    55.62167
                ],
                [
                    13.05757,
                    55.62206
                ],
                [
                    13.05756,
                    55.62212
                ],
                [
                    13.05751,
                    55.62221
                ],
                [
                    13.05743,
                    55.62225
                ],
                [
                    13.05711,
                    55.62231
                ],
                [
                    13.05688,
                    55.62234
                ],
                [
                    13.05675,
                    55.62228
                ],
                [
                    13.05669,
                    55.62218
                ],
                [
                    13.05669,
                    55.62214
                ],
                [
                    13.05675,
                    55.62207
                ],
                [
                    13.05679,
                    55.62198
                ],
                [
                    13.05679,
                    55.62191
                ],
                [
                    13.0566,
                    55.62186
                ],
                [
                    13.05626,
                    55.62173
                ],
                [
                    13.05617,
                    55.6217
                ],
                [
                    13.05538,
                    55.62139
                ],
                [
                    13.05542,
                    55.62135
                ],
                [
                    13.05602,
                    55.62084
                ],
                [
                    13.05606,
                    55.62078
                ],
                [
                    13.05605,
                    55.62072
                ],
                [
                    13.056,
                    55.62066
                ],
                [
                    13.05335,
                    55.61967
                ],
                [
                    13.05293,
                    55.61952
                ],
                [
                    13.05215,
                    55.61923
                ],
                [
                    13.05179,
                    55.6191
                ],
                [
                    13.05171,
                    55.61915
                ]
            ]
        }
    ]
}