{
    "city": 3,
    "initialStart": [
        13.02365,
        55.56487
    ],
    "trips": [
        {
            "summary": {
                "distance": 795.3,
                "duration": 130.6
            },
            "user": {
                "id": 1317,
                "token": "eyJhbGciOiJIUzI1NiIsInR5cCI6IkpXVCJ9.eyJpZCI6MTMxNywicm9sZSI6InVzZXIiLCJpYXQiOjE3MDQzNjA3NDAsImV4cCI6MTczNTg5Njc0MH0.EWV7rcgYRrENp7S267R5JN11f_3OqcbmMPEau9SH4fw"
            },
            "coords": [
                [
                    13.02365,
                    55.56487
                ],
                [
                    13.02273,
                    55.56482
                ],
                [
                    13.02212,
                    55.56483
                ],
                [
                    13.02182,
                    55.56465
                ],
                [
                    13.02122,
                    55.56459
                ],
                [
                    13.02089,
                    55.56459
                ],
                [
                    13.02052,
                    55.56457
                ],
                [
                    13.02045,
                    55.56439
                ],
                [
                    13.02041,
                    55.56427
                ],
                [
                    13.02032,
                    55.5638
                ],
                [
                    13.02024,
                    55.56341
                ],
                [
                    13.02108,
                    55.5635
                ],
                [
                    13.02169,
                    55.56357
                ],
                [
                    13.02231,
                    55.56371
                ],
                [
                    13.02254,
                    55.56374
                ],
                [
                    13.0249,
                    55.56381
                ],
                [
                    13.02525,
                    55.5638
                ],
                [
                    13.0256,
                    55.56378
                ],
                [
                    13.02594,
                    55.56373
                ],
                [
                    13.02625,
                    55.56364
                ],
                [
                    13.0266,
                    55.56348
                ],
                [
                    13.02683,
                    55.56332
                ],
                [
                    13.02668,
                    55.5633
                ],
                [
                    13.02648,
                    55.56331
                ]
            ]
        }
    ]
}