{
    "city": 3,
    "initialStart": [
        12.97986,
        55.56047
    ],
    "trips": [
        {
            "summary": {
                "distance": 416.8,
                "duration": 92.3
            },
            "user": {
                "id": 1318,
                "token": "eyJhbGciOiJIUzI1NiIsInR5cCI6IkpXVCJ9.eyJpZCI6MTMxOCwicm9sZSI6InVzZXIiLCJpYXQiOjE3MDQzNjA3NDAsImV4cCI6MTczNTg5Njc0MH0.5kP9R1s0axXbnX3WP2s5gC8DKqELwKY2WD0AHZlErcA"
            },
            "coords": [
                [
                    12.97986,
                    55.56047
                ],
                [
                    12.97957,
                    55.56051
                ],
                [
                    12.97948,
                    55.56052
                ],
                [
                    12.97964,
                    55.56101
                ],
                [
                    12.97967,
                    55.5612
                ],
                [
                    12.97953,
                    55.56121
                ],
                [
                    12.97947,
                    55.56124
                ],
                [
                    12.97901,
                    55.56126
                ],
                [
                    12.97879,
                    55.5613
                ],
                [
                    12.97886,
                    55.56134
                ],
                [
                    12.97893,
                    55.56138
                ],
                [
                    12.97901,
                    55.56142
                ],
                [
                    12.97984,
                    55.56189
                ],
                [
                    12.98011,
                    55.56202
                ],
                [
                    12.98037,
                    55.56273
                ],
                [
                    12.9804,
                    55.5628
                ],
                [
                    12.98056,
                    55.56327
                ]
            ]
        }
    ]
}