{
    "city": 3,
    "initialStart": [
        12.98057,
        55.56119
    ],
    "trips": [
        {
            "summary": {
                "distance": 327.8,
                "duration": 59.2
            },
            "user": {
                "id": 1329,
                "token": "eyJhbGciOiJIUzI1NiIsInR5cCI6IkpXVCJ9.eyJpZCI6MTMyOSwicm9sZSI6InVzZXIiLCJpYXQiOjE3MDQzNjA3NDIsImV4cCI6MTczNTg5Njc0Mn0.DI4hdAXIRouFo4lsirQ5TZAsaa4pPiw4gChJZTnwLig"
            },
            "coords": [
                [
                    12.98057,
                    55.56119
                ],
                [
                    12.98097,
                    55.56118
                ],
                [
                    12.98174,
                    55.56115
                ],
                [
                    12.98187,
                    55.5611
                ],
                [
                    12.98201,
                    55.5611
                ],
                [
                    12.9821,
                    55.5611
                ],
                [
                    12.98203,
                    55.56042
                ],
                [
                    12.98198,
                    55.5599
                ],
                [
                    12.98196,
                    55.55969
                ],
                [
                    12.98198,
                    55.55962
                ],
                [
                    12.98205,
                    55.55961
                ],
                [
                    12.9821,
                    55.55958
                ],
                [
                    12.98212,
                    55.55954
                ],
                [
                    12.98211,
                    55.55939
                ],
                [
                    12.98194,
                    55.55939
                ],
                [
                    12.98156,
                    55.55941
                ]
            ]
        }
    ]
}