{
    "city": 3,
    "initialStart": [
        13.029,
        55.55535
    ],
    "trips": [
        {
            "summary": {
                "distance": 851.5,
                "duration": 139.3
            },
            "user": {
                "id": 1353,
                "token": "eyJhbGciOiJIUzI1NiIsInR5cCI6IkpXVCJ9.eyJpZCI6MTM1Mywicm9sZSI6InVzZXIiLCJpYXQiOjE3MDQzNjA4MDgsImV4cCI6MTczNTg5NjgwOH0.uhIKOuswV4LfAd3v6cQ_3C5QDbwBY4_XyE_5kG3psnQ"
            },
            "coords": [
                [
                    13.029,
                    55.55535
                ],
                [
                    13.0292,
                    55.55507
                ],
                [
                    13.02885,
                    55.55499
                ],
                [
                    13.02874,
                    55.55491
                ],
                [
                    13.02871,
                    55.55483
                ],
                [
                    13.02877,
                    55.55477
                ],
                [
                    13.02915,
                    55.55461
                ],
                [
                    13.02924,
                    55.55454
                ],
                [
                    13.0296,
                    55.55402
                ],
                [
                    13.02965,
                    55.55389
                ],
                [
                    13.02964,
                    55.55377
                ],
                [
                    13.02949,
                    55.5535
                ],
                [
                    13.02932,
                    55.55335
                ],
                [
                    13.02915,
                    55.55325
                ],
                [
                    13.02899,
                    55.55318
                ],
                [
                    13.0287,
                    55.55308
                ],
                [
                    13.02841,
                    55.55291
                ],
                [
                    13.02811,
                    55.55258
                ],
                [
                    13.02783,
                    55.55267
                ],
                [
                    13.02738,
                    55.55277
                ],
                [
                    13.02665,
                    55.55284
                ],
                [
                    13.026,
                    55.55292
                ],
                [
                    13.02606,
                    55.55325
                ],
                [
                    13.02615,
                    55.55324
                ],
                [
                    13.02617,
                    55.5535
                ],
                [
                    13.02607,
                    55.55351
                ],
                [
                    13.02618,
                    55.55432
                ],
                [
                    13.0257,
                    55.55434
                ],
                [
                    13.02582,
                    55.55545
                ],
                [
                    13.02573,
                    55.55545
                ],
                [
                    13.02573,
                    55.55546
                ]
            ]
        }
    ]
}