{
    "city": 3,
    "initialStart": [
        12.98748,
        55.58808
    ],
    "trips": [
        {
            "summary": {
                "distance": 276.9,
                "duration": 45.3
            },
            "user": {
                "id": 1364,
                "token": "eyJhbGciOiJIUzI1NiIsInR5cCI6IkpXVCJ9.eyJpZCI6MTM2NCwicm9sZSI6InVzZXIiLCJpYXQiOjE3MDQzNjA4MTAsImV4cCI6MTczNTg5NjgxMH0.3f5wLqTt2LrV0SNDHQgsNGj-QMOappXkR98lzXzqqfg"
            },
            "coords": [
                [
                    12.98748,
                    55.58808
                ],
                [
                    12.98755,
                    55.58804
                ],
                [
                    12.98767,
                    55.58803
                ],
                [
                    12.98783,
                    55.58804
                ],
                [
                    12.98799,
                    55.58801
                ],
                [
                    12.98865,
                    55.5879
                ],
                [
                    12.98875,
                    55.58788
                ],
                [
                    12.98879,
                    55.58794
                ],
                [
                    12.98883,
                    55.58799
                ],
                [
                    12.98882,
                    55.58803
                ],
                [
                    12.9889,
                    55.58815
                ],
                [
                    12.98897,
                    55.58824
                ],
                [
                    12.98909,
                    55.58833
                ],
                [
                    12.98952,
                    55.58863
                ],
                [
                    12.98978,
                    55.58878
                ],
                [
                    12.9904,
                    55.58916
                ],
                [
                    12.99055,
                    55.58925
                ]
            ]
        }
    ]
}