{
    "city": 3,
    "initialStart": [
        12.95885,
        55.55709
    ],
    "trips": [
        {
            "summary": {
                "distance": 871.8,
                "duration": 191.5
            },
            "user": {
                "id": 1370,
                "token": "eyJhbGciOiJIUzI1NiIsInR5cCI6IkpXVCJ9.eyJpZCI6MTM3MCwicm9sZSI6InVzZXIiLCJpYXQiOjE3MDQzNjA4MTQsImV4cCI6MTczNTg5NjgxNH0.Bz0NAkSFkIVNckKZbqQSIV88Q1hF6c88QcZ4_o5_Sno"
            },
            "coords": [
                [
                    12.95885,
                    55.55709
                ],
                [
                    12.95934,
                    55.55718
                ],
                [
                    12.95951,
                    55.55718
                ],
                [
                    12.95959,
                    55.55715
                ],
                [
                    12.95968,
                    55.55706
                ],
                [
                    12.95933,
                    55.55604
                ],
                [
                    12.95917,
                    55.55551
                ],
                [
                    12.95914,
                    55.5553
                ],
                [
                    12.95909,
                    55.55519
                ],
                [
                    12.96054,
                    55.55509
                ],
                [
                    12.96074,
                    55.55511
                ],
                [
                    12.96083,
                    55.55518
                ],
                [
                    12.96131,
                    55.5574
                ],
                [
                    12.96123,
                    55.55757
                ],
                [
                    12.96138,
                    55.55759
                ],
                [
                    12.96195,
                    55.55768
                ],
                [
                    12.96241,
                    55.55772
                ],
                [
                    12.96284,
                    55.55773
                ],
                [
                    12.96367,
                    55.55773
                ],
                [
                    12.96362,
                    55.55752
                ],
                [
                    12.96356,
                    55.55718
                ]
            ]
        }
    ]
}