{
    "city": 3,
    "initialStart": [
        12.93284,
        55.58433
    ],
    "trips": [
        {
            "summary": {
                "distance": 724.9,
                "duration": 118.6
            },
            "user": {
                "id": 1372,
                "token": "eyJhbGciOiJIUzI1NiIsInR5cCI6IkpXVCJ9.eyJpZCI6MTM3Miwicm9sZSI6InVzZXIiLCJpYXQiOjE3MDQzNjA4MTUsImV4cCI6MTczNTg5NjgxNX0.ZOqGUkBTmIdV4FTY14XyP0Jg7DSF_RR8BMMsGyo2rOw"
            },
            "coords": [
                [
                    12.93284,
                    55.58433
                ],
                [
                    12.93311,
                    55.58432
                ],
                [
                    12.93366,
                    55.58431
                ],
                [
                    12.93363,
                    55.58393
                ],
                [
                    12.93361,
                    55.58368
                ],
                [
                    12.93338,
                    55.58267
                ],
                [
                    12.93451,
                    55.58257
                ],
                [
                    12.93461,
                    55.58256
                ],
                [
                    12.9348,
                    55.58255
                ],
                [
                    12.93496,
                    55.58256
                ],
                [
                    12.93589,
                    55.5825
                ],
                [
                    12.93755,
                    55.58225
                ],
                [
                    12.9373,
                    55.58181
                ],
                [
                    12.93663,
                    55.58193
                ],
                [
                    12.93607,
                    55.58203
                ],
                [
                    12.93529,
                    55.58214
                ],
                [
                    12.93511,
                    55.58206
                ],
                [
                    12.93499,
                    55.58207
                ],
                [
                    12.93505,
                    55.58223
                ]
            ]
        }
    ]
}