{
    "city": 3,
    "initialStart": [
        13.09377,
        55.61007
    ],
    "trips": [
        {
            "summary": {
                "distance": 1339.2,
                "duration": 259.4
            },
            "user": {
                "id": 1373,
                "token": "eyJhbGciOiJIUzI1NiIsInR5cCI6IkpXVCJ9.eyJpZCI6MTM3Mywicm9sZSI6InVzZXIiLCJpYXQiOjE3MDQzNjA4MTUsImV4cCI6MTczNTg5NjgxNX0.ZMeyCtsaa5UbXTIAxPRcy-MKXOjbRPFnrBX5QPnBoag"
            },
            "coords": [
                [
                    13.09377,
                    55.61007
                ],
                [
                    13.09361,
                    55.61082
                ],
                [
                    13.09363,
                    55.61085
                ],
                [
                    13.09371,
                    55.61089
                ],
                [
                    13.09728,
                    55.61112
                ],
                [
                    13.09901,
                    55.61126
                ],
                [
                    13.09877,
                    55.61228
                ],
                [
                    13.09882,
                    55.61231
                ],
                [
                    13.09867,
                    55.61237
                ],
                [
                    13.09857,
                    55.61236
                ],
                [
                    13.09681,
                    55.61213
                ],
                [
                    13.09629,
                    55.61206
                ],
                [
                    13.0946,
                    55.61181
                ],
                [
                    13.0932,
                    55.61163
                ],
                [
                    13.09176,
                    55.61143
                ],
                [
                    13.09169,
                    55.6114
                ],
                [
                    13.09161,
                    55.61132
                ],
                [
                    13.09144,
                    55.61129
                ],
                [
                    13.09174,
                    55.61009
                ],
                [
                    13.09186,
                    55.60975
                ],
                [
                    13.09209,
                    55.60921
                ],
                [
                    13.09227,
                    55.60888
                ],
                [
                    13.09246,
                    55.60861
                ]
            ]
        }
    ]
}