{
    "city": 3,
    "initialStart": [
        13.00183,
        55.57026
    ],
    "trips": [
        {
            "summary": {
                "distance": 477.1,
                "duration": 101.8
            },
            "user": {
                "id": 1374,
                "token": "eyJhbGciOiJIUzI1NiIsInR5cCI6IkpXVCJ9.eyJpZCI6MTM3NCwicm9sZSI6InVzZXIiLCJpYXQiOjE3MDQzNjA4MTUsImV4cCI6MTczNTg5NjgxNX0.h-6UR2_s1pRJSI_ifrxPmpulvWLIdtpmdYHGjQQViac"
            },
            "coords": [
                [
                    13.00183,
                    55.57026
                ],
                [
                    13.00179,
                    55.5701
                ],
                [
                    13.0017,
                    55.56994
                ],
                [
                    13.00259,
                    55.56981
                ],
                [
                    13.00316,
                    55.56974
                ],
                [
                    13.00325,
                    55.56975
                ],
                [
                    13.00335,
                    55.56982
                ],
                [
                    13.00356,
                    55.57056
                ],
                [
                    13.00379,
                    55.57139
                ],
                [
                    13.00346,
                    55.57142
                ],
                [
                    13.00295,
                    55.57146
                ],
                [
                    13.00302,
                    55.57173
                ],
                [
                    13.00307,
                    55.57194
                ],
                [
                    13.00234,
                    55.572
                ]
            ]
        }
    ]
}