{
    "city": 3,
    "initialStart": [
        12.9442,
        55.56846
    ],
    "trips": [
        {
            "summary": {
                "distance": 343.1,
                "duration": 68.1
            },
            "user": {
                "id": 1376,
                "token": "eyJhbGciOiJIUzI1NiIsInR5cCI6IkpXVCJ9.eyJpZCI6MTM3Niwicm9sZSI6InVzZXIiLCJpYXQiOjE3MDQzNjA4MTUsImV4cCI6MTczNTg5NjgxNX0.fKC7YzAo59yDx9WUNf7bbkECeSpbHr-tVIluRM6Uy6Y"
            },
            "coords": [
                [
                    12.9442,
                    55.56846
                ],
                [
                    12.94424,
                    55.56856
                ],
                [
                    12.94444,
                    55.56909
                ],
                [
                    12.94454,
                    55.56938
                ],
                [
                    12.94456,
                    55.56959
                ],
                [
                    12.94471,
                    55.5696
                ],
                [
                    12.94484,
                    55.56964
                ],
                [
                    12.94491,
                    55.56971
                ],
                [
                    12.94502,
                    55.56987
                ],
                [
                    12.94539,
                    55.57
                ],
                [
                    12.94561,
                    55.57015
                ],
                [
                    12.94567,
                    55.57012
                ],
                [
                    12.9458,
                    55.56994
                ],
                [
                    12.94581,
                    55.56986
                ],
                [
                    12.9459,
                    55.56985
                ],
                [
                    12.94601,
                    55.56984
                ],
                [
                    12.94613,
                    55.56999
                ],
                [
                    12.94623,
                    55.57001
                ],
                [
                    12.94631,
                    55.57005
                ],
                [
                    12.94634,
                    55.57011
                ],
                [
                    12.94631,
                    55.5702
                ],
                [
                    12.94617,
                    55.57027
                ],
                [
                    12.94601,
                    55.57027
                ]
            ]
        }
    ]
}