{
    "city": 3,
    "initialStart": [
        13.0109,
        55.59147
    ],
    "trips": [
        {
            "summary": {
                "distance": 442.7,
                "duration": 72.4
            },
            "user": {
                "id": 1383,
                "token": "eyJhbGciOiJIUzI1NiIsInR5cCI6IkpXVCJ9.eyJpZCI6MTM4Mywicm9sZSI6InVzZXIiLCJpYXQiOjE3MDQzNjA4MTcsImV4cCI6MTczNTg5NjgxN30.jq7zSCbNGRnLDO6_GEj0OQCfpZFJyUOes8SKmtFjQsY"
            },
            "coords": [
                [
                    13.0109,
                    55.59147
                ],
                [
                    13.00912,
                    55.59177
                ],
                [
                    13.00894,
                    55.59178
                ],
                [
                    13.00867,
                    55.59181
                ],
                [
                    13.00888,
                    55.5923
                ],
                [
                    13.00887,
                    55.59236
                ],
                [
                    13.00768,
                    55.59252
                ],
                [
                    13.00758,
                    55.59254
                ],
                [
                    13.0074,
                    55.59257
                ],
                [
                    13.00738,
                    55.59251
                ],
                [
                    13.00691,
                    55.5917
                ],
                [
                    13.00681,
                    55.59175
                ],
                [
                    13.00676,
                    55.59175
                ],
                [
                    13.00671,
                    55.59176
                ],
                [
                    13.00665,
                    55.59176
                ],
                [
                    13.00649,
                    55.59176
                ],
                [
                    13.00634,
                    55.59179
                ]
            ]
        }
    ]
}