{
    "city": 3,
    "initialStart": [
        12.98083,
        55.6113
    ],
    "trips": [
        {
            "summary": {
                "distance": 328.9,
                "duration": 70.2
            },
            "user": {
                "id": 1384,
                "token": "eyJhbGciOiJIUzI1NiIsInR5cCI6IkpXVCJ9.eyJpZCI6MTM4NCwicm9sZSI6InVzZXIiLCJpYXQiOjE3MDQzNjA4MTcsImV4cCI6MTczNTg5NjgxN30.LkXubsEug27A5vgjxQf7_ln5RrpddfqRnRE5HzEvuA4"
            },
            "coords": [
                [
                    12.98083,
                    55.6113
                ],
                [
                    12.98116,
                    55.61134
                ],
                [
                    12.98142,
                    55.61144
                ],
                [
                    12.98148,
                    55.61141
                ],
                [
                    12.98181,
                    55.61097
                ],
                [
                    12.98189,
                    55.61063
                ],
                [
                    12.98201,
                    55.61065
                ],
                [
                    12.98212,
                    55.61063
                ],
                [
                    12.98222,
                    55.61065
                ],
                [
                    12.98235,
                    55.6107
                ],
                [
                    12.98243,
                    55.61063
                ],
                [
                    12.98253,
                    55.61055
                ],
                [
                    12.9826,
                    55.61049
                ],
                [
                    12.98272,
                    55.61053
                ],
                [
                    12.98277,
                    55.61054
                ],
                [
                    12.98284,
                    55.61051
                ],
                [
                    12.98286,
                    55.61046
                ],
                [
                    12.98299,
                    55.60998
                ],
                [
                    12.98302,
                    55.60989
                ],
                [
                    12.98303,
                    55.60984
                ],
                [
                    12.98318,
                    55.60986
                ],
                [
                    12.98366,
                    55.60991
                ]
            ]
        }
    ]
}