{
    "city": 3,
    "initialStart": [
        12.96703,
        55.5998
    ],
    "trips": [
        {
            "summary": {
                "distance": 598.5,
                "duration": 114.6
            },
            "user": {
                "id": 1385,
                "token": "eyJhbGciOiJIUzI1NiIsInR5cCI6IkpXVCJ9.eyJpZCI6MTM4NSwicm9sZSI6InVzZXIiLCJpYXQiOjE3MDQzNjA4MTcsImV4cCI6MTczNTg5NjgxN30.cu6cWodPUnSOZ6camfPx50vlidWKXj2295-DOs4vdUU"
            },
            "coords": [
                [
                    12.96703,
                    55.5998
                ],
                [
                    12.96731,
                    55.59954
                ],
                [
                    12.96796,
                    55.59973
                ],
                [
                    12.96833,
                    55.59985
                ],
                [
                    12.96951,
                    55.60022
                ],
                [
                    12.96959,
                    55.60025
                ],
                [
                    12.96926,
                    55.60081
                ],
                [
                    12.96911,
                    55.60104
                ],
                [
                    12.96907,
                    55.6011
                ],
                [
                    12.969,
                    55.60122
                ],
                [
                    12.96911,
                    55.60124
                ],
                [
                    12.96906,
                    55.60133
                ],
                [
                    12.96912,
                    55.60144
                ],
                [
                    12.96921,
                    55.60149
                ],
                [
                    12.96918,
                    55.60154
                ],
                [
                    12.96912,
                    55.6016
                ],
                [
                    12.96901,
                    55.60159
                ],
                [
                    12.96894,
                    55.6016
                ],
                [
                    12.96884,
                    55.60165
                ],
                [
                    12.96888,
                    55.6018
                ],
                [
                    12.96879,
                    55.60192
                ],
                [
                    12.96844,
                    55.60235
                ],
                [
                    12.96832,
                    55.60247
                ],
                [
                    12.9683,
                    55.6025
                ],
                [
                    12.96826,
                    55.60254
                ],
                [
                    12.96792,
                    55.60245
                ],
                [
                    12.96782,
                    55.60242
                ],
                [
                    12.96785,
                    55.60238
                ],
                [
                    12.96686,
                    55.60209
                ]
            ]
        }
    ]
}