{
    "city": 3,
    "initialStart": [
        13.04144,
        55.5709
    ],
    "trips": [
        {
            "summary": {
                "distance": 961.2,
                "duration": 181.8
            },
            "user": {
                "id": 1388,
                "token": "eyJhbGciOiJIUzI1NiIsInR5cCI6IkpXVCJ9.eyJpZCI6MTM4OCwicm9sZSI6InVzZXIiLCJpYXQiOjE3MDQzNjA4MTgsImV4cCI6MTczNTg5NjgxOH0.Jee30m6XtKdFvfXTXOs_rLxWApOI32IGwK9bS2xmTnk"
            },
            "coords": [
                [
                    13.04144,
                    55.5709
                ],
                [
                    13.04035,
                    55.57122
                ],
                [
                    13.03924,
                    55.5716
                ],
                [
                    13.03915,
                    55.57164
                ],
                [
                    13.03905,
                    55.57154
                ],
                [
                    13.03869,
                    55.57126
                ],
                [
                    13.03858,
                    55.57115
                ],
                [
                    13.03902,
                    55.57108
                ],
                [
                    13.04013,
                    55.57092
                ],
                [
                    13.04011,
                    55.57098
                ],
                [
                    13.04007,
                    55.57101
                ],
                [
                    13.03949,
                    55.57114
                ],
                [
                    13.03934,
                    55.57118
                ],
                [
                    13.03928,
                    55.57122
                ],
                [
                    13.03925,
                    55.57128
                ],
                [
                    13.03929,
                    55.57138
                ],
                [
                    13.03954,
                    55.57157
                ],
                [
                    13.03971,
                    55.57162
                ],
                [
                    13.03985,
                    55.57161
                ],
                [
                    13.0405,
                    55.5714
                ],
                [
                    13.04063,
                    55.57136
                ],
                [
                    13.04076,
                    55.5714
                ],
                [
                    13.04142,
                    55.57121
                ],
                [
                    13.04218,
                    55.57101
                ],
                [
                    13.04277,
                    55.57096
                ],
                [
                    13.04305,
                    55.57097
                ],
                [
                    13.04361,
                    55.57104
                ],
                [
                    13.04358,
                    55.57106
                ],
                [
                    13.04396,
                    55.57118
                ],
                [
                    13.04434,
                    55.57134
                ],
                [
                    13.0446,
                    55.57151
                ],
                [
                    13.04486,
                    55.57174
                ],
                [
                    13.04399,
                    55.57193
                ],
                [
                    13.04408,
                    55.57206
                ],
                [
                    13.04438,
                    55.5725
                ]
            ]
        }
    ]
}