{
    "city": 3,
    "initialStart": [
        12.98868,
        55.56586
    ],
    "trips": [
        {
            "summary": {
                "distance": 581.1,
                "duration": 126.2
            },
            "user": {
                "id": 1390,
                "token": "eyJhbGciOiJIUzI1NiIsInR5cCI6IkpXVCJ9.eyJpZCI6MTM5MCwicm9sZSI6InVzZXIiLCJpYXQiOjE3MDQzNjA4MTgsImV4cCI6MTczNTg5NjgxOH0.hRdR02qxlvO8OosJaaklVPNHsbmfV1aQwmmm26wMzok"
            },
            "coords": [
                [
                    12.98868,
                    55.56586
                ],
                [
                    12.98955,
                    55.56571
                ],
                [
                    12.99034,
                    55.56558
                ],
                [
                    12.99056,
                    55.56602
                ],
                [
                    12.99067,
                    55.56623
                ],
                [
                    12.99082,
                    55.5665
                ],
                [
                    12.99087,
                    55.56661
                ],
                [
                    12.99129,
                    55.5674
                ],
                [
                    12.99139,
                    55.56758
                ],
                [
                    12.99121,
                    55.56792
                ],
                [
                    12.98929,
                    55.56826
                ],
                [
                    12.98845,
                    55.56841
                ],
                [
                    12.98823,
                    55.56848
                ],
                [
                    12.98819,
                    55.5685
                ]
            ]
        }
    ]
}