{
    "city": 3,
    "initialStart": [
        12.99002,
        55.57649
    ],
    "trips": [
        {
            "summary": {
                "distance": 363.5,
                "duration": 76.7
            },
            "user": {
                "id": 1392,
                "token": "eyJhbGciOiJIUzI1NiIsInR5cCI6IkpXVCJ9.eyJpZCI6MTM5Miwicm9sZSI6InVzZXIiLCJpYXQiOjE3MDQzNjA4MTgsImV4cCI6MTczNTg5NjgxOH0.O6AzELfkHzdJm5cLO36jh2i4ajA0re8DFJ-BmP2YwLs"
            },
            "coords": [
                [
                    12.99002,
                    55.57649
                ],
                [
                    12.98972,
                    55.57598
                ],
                [
                    12.99024,
                    55.57588
                ],
                [
                    12.99066,
                    55.5758
                ],
                [
                    12.99105,
                    55.57571
                ],
                [
                    12.99109,
                    55.57569
                ],
                [
                    12.99115,
                    55.57566
                ],
                [
                    12.99121,
                    55.57568
                ],
                [
                    12.99133,
                    55.57577
                ],
                [
                    12.99161,
                    55.57568
                ],
                [
                    12.99201,
                    55.57557
                ],
                [
                    12.99209,
                    55.57553
                ],
                [
                    12.99213,
                    55.57545
                ],
                [
                    12.99217,
                    55.57541
                ],
                [
                    12.99272,
                    55.57537
                ],
                [
                    12.99286,
                    55.57532
                ],
                [
                    12.99289,
                    55.5754
                ],
                [
                    12.99331,
                    55.57593
                ]
            ]
        }
    ]
}