{
    "city": 3,
    "initialStart": [
        13.02242,
        55.56677
    ],
    "trips": [
        {
            "summary": {
                "distance": 613.3,
                "duration": 105.7
            },
            "user": {
                "id": 1394,
                "token": "eyJhbGciOiJIUzI1NiIsInR5cCI6IkpXVCJ9.eyJpZCI6MTM5NCwicm9sZSI6InVzZXIiLCJpYXQiOjE3MDQzNjA4NzksImV4cCI6MTczNTg5Njg3OX0.6NRwSwFEFXI_-a8rIl0hzUttJWWs4G9kQvZeef1wQow"
            },
            "coords": [
                [
                    13.02242,
                    55.56677
                ],
                [
                    13.02216,
                    55.56681
                ],
                [
                    13.02217,
                    55.5667
                ],
                [
                    13.02217,
                    55.56653
                ],
                [
                    13.02217,
                    55.56649
                ],
                [
                    13.02224,
                    55.56614
                ],
                [
                    13.02224,
                    55.56608
                ],
                [
                    13.02217,
                    55.56607
                ],
                [
                    13.02169,
                    55.56603
                ],
                [
                    13.02159,
                    55.56591
                ],
                [
                    13.02145,
                    55.56469
                ],
                [
                    13.02128,
                    55.56345
                ],
                [
                    13.02127,
                    55.56332
                ],
                [
                    13.02145,
                    55.56331
                ],
                [
                    13.02147,
                    55.56348
                ],
                [
                    13.02164,
                    55.56469
                ],
                [
                    13.02164,
                    55.56478
                ]
            ]
        }
    ]
}