{
    "city": 3,
    "initialStart": [
        12.99396,
        55.60366
    ],
    "trips": [
        {
            "summary": {
                "distance": 498.2,
                "duration": 92.8
            },
            "user": {
                "id": 1399,
                "token": "eyJhbGciOiJIUzI1NiIsInR5cCI6IkpXVCJ9.eyJpZCI6MTM5OSwicm9sZSI6InVzZXIiLCJpYXQiOjE3MDQzNjA4ODAsImV4cCI6MTczNTg5Njg4MH0.v-YrV_oq9yG-QXxPJnPvSLS8Je1tCO99Avjk6L2v4yM"
            },
            "coords": [
                [
                    12.99396,
                    55.60366
                ],
                [
                    12.99363,
                    55.60411
                ],
                [
                    12.99349,
                    55.60411
                ],
                [
                    12.99289,
                    55.60493
                ],
                [
                    12.99241,
                    55.60551
                ],
                [
                    12.99234,
                    55.60556
                ],
                [
                    12.99226,
                    55.60558
                ],
                [
                    12.99224,
                    55.60562
                ],
                [
                    12.99221,
                    55.60564
                ],
                [
                    12.99238,
                    55.60568
                ],
                [
                    12.9925,
                    55.60571
                ],
                [
                    12.99341,
                    55.6059
                ],
                [
                    12.99347,
                    55.60591
                ],
                [
                    12.99466,
                    55.60616
                ],
                [
                    12.99486,
                    55.6058
                ],
                [
                    12.99477,
                    55.60577
                ],
                [
                    12.99475,
                    55.60574
                ],
                [
                    12.99434,
                    55.60563
                ]
            ]
        }
    ]
}