{
    "city": 3,
    "initialStart": [
        12.90987,
        55.57315
    ],
    "trips": [
        {
            "summary": {
                "distance": 665.5,
                "duration": 151.3
            },
            "user": {
                "id": 1414,
                "token": "eyJhbGciOiJIUzI1NiIsInR5cCI6IkpXVCJ9.eyJpZCI6MTQxNCwicm9sZSI6InVzZXIiLCJpYXQiOjE3MDQzNjA4ODMsImV4cCI6MTczNTg5Njg4M30.pdvZ2irAtlZkgGx4MXIL4TQziFqTzYastaRZNMMF9gU"
            },
            "coords": [
                [
                    12.90987,
                    55.57315
                ],
                [
                    12.90961,
                    55.57315
                ],
                [
                    12.90815,
                    55.57332
                ],
                [
                    12.90755,
                    55.57335
                ],
                [
                    12.90731,
                    55.57329
                ],
                [
                    12.90722,
                    55.57319
                ],
                [
                    12.9072,
                    55.57301
                ],
                [
                    12.90723,
                    55.57272
                ],
                [
                    12.90722,
                    55.57254
                ],
                [
                    12.90709,
                    55.57206
                ],
                [
                    12.90692,
                    55.57208
                ],
                [
                    12.90679,
                    55.57209
                ],
                [
                    12.90524,
                    55.57224
                ],
                [
                    12.9042,
                    55.57236
                ],
                [
                    12.90427,
                    55.57252
                ],
                [
                    12.90467,
                    55.57306
                ],
                [
                    12.90491,
                    55.57326
                ],
                [
                    12.90522,
                    55.57348
                ],
                [
                    12.90559,
                    55.57371
                ],
                [
                    12.90562,
                    55.57372
                ]
            ]
        }
    ]
}