{
    "city": 3,
    "initialStart": [
        12.92125,
        55.57392
    ],
    "trips": [
        {
            "summary": {
                "distance": 996.5,
                "duration": 191
            },
            "user": {
                "id": 1416,
                "token": "eyJhbGciOiJIUzI1NiIsInR5cCI6IkpXVCJ9.eyJpZCI6MTQxNiwicm9sZSI6InVzZXIiLCJpYXQiOjE3MDQzNjA4ODQsImV4cCI6MTczNTg5Njg4NH0.-jFaD77pblzNDDbGIX_2ZVB7-pjtyPxIt0ag5ovIeeQ"
            },
            "coords": [
                [
                    12.92125,
                    55.57392
                ],
                [
                    12.92129,
                    55.57392
                ],
                [
                    12.92165,
                    55.57387
                ],
                [
                    12.92193,
                    55.57383
                ],
                [
                    12.92257,
                    55.57375
                ],
                [
                    12.92348,
                    55.57362
                ],
                [
                    12.92342,
                    55.57336
                ],
                [
                    12.9234,
                    55.57326
                ],
                [
                    12.92334,
                    55.57294
                ],
                [
                    12.92345,
                    55.57293
                ],
                [
                    12.92355,
                    55.57293
                ],
                [
                    12.9234,
                    55.5722
                ],
                [
                    12.92324,
                    55.57168
                ],
                [
                    12.92298,
                    55.57105
                ],
                [
                    12.92332,
                    55.57103
                ],
                [
                    12.92353,
                    55.57119
                ],
                [
                    12.92372,
                    55.57126
                ],
                [
                    12.92481,
                    55.57151
                ],
                [
                    12.92514,
                    55.57158
                ],
                [
                    12.92554,
                    55.57163
                ],
                [
                    12.92631,
                    55.57158
                ],
                [
                    12.92656,
                    55.5716
                ],
                [
                    12.9271,
                    55.57174
                ],
                [
                    12.92721,
                    55.57184
                ],
                [
                    12.9273,
                    55.57205
                ],
                [
                    12.92741,
                    55.57261
                ],
                [
                    12.92499,
                    55.57272
                ],
                [
                    12.92502,
                    55.57287
                ]
            ]
        }
    ]
}