{
    "city": 3,
    "initialStart": [
        12.9507,
        55.56962
    ],
    "trips": [
        {
            "summary": {
                "distance": 326.3,
                "duration": 66.4
            },
            "user": {
                "id": 1421,
                "token": "eyJhbGciOiJIUzI1NiIsInR5cCI6IkpXVCJ9.eyJpZCI6MTQyMSwicm9sZSI6InVzZXIiLCJpYXQiOjE3MDQzNjA4ODUsImV4cCI6MTczNTg5Njg4NX0.p_S7b_oa_8E6-CfOjAsVA9Jh_joOh4n3cklQFMJeNjc"
            },
            "coords": [
                [
                    12.9507,
                    55.56962
                ],
                [
                    12.95061,
                    55.56964
                ],
                [
                    12.95089,
                    55.57
                ],
                [
                    12.95098,
                    55.57006
                ],
                [
                    12.95108,
                    55.5701
                ],
                [
                    12.95119,
                    55.57011
                ],
                [
                    12.95122,
                    55.57014
                ],
                [
                    12.95124,
                    55.57017
                ],
                [
                    12.95133,
                    55.57029
                ],
                [
                    12.95146,
                    55.57054
                ],
                [
                    12.9516,
                    55.5707
                ],
                [
                    12.95174,
                    55.57091
                ],
                [
                    12.95225,
                    55.57165
                ],
                [
                    12.95228,
                    55.57167
                ],
                [
                    12.95189,
                    55.57173
                ],
                [
                    12.95178,
                    55.57176
                ],
                [
                    12.95182,
                    55.57183
                ],
                [
                    12.95189,
                    55.57193
                ],
                [
                    12.95196,
                    55.57203
                ]
            ]
        }
    ]
}