{
    "city": 3,
    "initialStart": [
        13.07188,
        55.60435
    ],
    "trips": [
        {
            "summary": {
                "distance": 2040.1,
                "duration": 347.1
            },
            "user": {
                "id": 1424,
                "token": "eyJhbGciOiJIUzI1NiIsInR5cCI6IkpXVCJ9.eyJpZCI6MTQyNCwicm9sZSI6InVzZXIiLCJpYXQiOjE3MDQzNjA4ODUsImV4cCI6MTczNTg5Njg4NX0.QgVunlOQ0Wsgpd3pEWZN5OzfA6mByaYEENZ6-AdlZ3E"
            },
            "coords": [
                [
                    13.07188,
                    55.60435
                ],
                [
                    13.07198,
                    55.60434
                ],
                [
                    13.07247,
                    55.60435
                ],
                [
                    13.07295,
                    55.60439
                ],
                [
                    13.07329,
                    55.60446
                ],
                [
                    13.07378,
                    55.60463
                ],
                [
                    13.074,
                    55.60473
                ],
                [
                    13.07415,
                    55.60488
                ],
                [
                    13.07554,
                    55.60535
                ],
                [
                    13.0753,
                    55.60548
                ],
                [
                    13.07516,
                    55.6056
                ],
                [
                    13.07497,
                    55.60582
                ],
                [
                    13.07462,
                    55.60623
                ],
                [
                    13.07431,
                    55.60647
                ],
                [
                    13.07373,
                    55.60686
                ],
                [
                    13.07358,
                    55.60699
                ],
                [
                    13.07357,
                    55.60703
                ],
                [
                    13.07364,
                    55.6071
                ],
                [
                    13.07365,
                    55.60715
                ],
                [
                    13.07362,
                    55.6072
                ],
                [
                    13.07316,
                    55.60762
                ],
                [
                    13.07319,
                    55.60768
                ],
                [
                    13.07321,
                    55.60791
                ],
                [
                    13.07347,
                    55.60842
                ],
                [
                    13.07284,
                    55.60852
                ],
                [
                    13.07206,
                    55.60866
                ],
                [
                    13.07166,
                    55.60873
                ],
                [
                    13.07152,
                    55.60879
                ],
                [
                    13.07097,
                    55.60931
                ],
                [
                    13.07087,
                    55.60943
                ],
                [
                    13.07022,
                    55.61002
                ],
                [
                    13.0697,
                    55.61044
                ],
                [
                    13.06951,
                    55.61053
                ],
                [
                    13.0694,
                    55.61057
                ],
                [
                    13.06917,
                    55.6106
                ],
                [
                    13.06857,
                    55.61059
                ],
                [
                    13.06847,
                    55.61062
                ],
                [
                    13.06833,
                    55.61061
                ],
                [
                    13.06802,
                    55.61055
                ],
                [
                    13.06766,
                    55.61047
                ],
                [
                    13.06757,
                    55.61047
                ],
                [
                    13.06548,
                    55.61003
                ],
                [
                    13.06481,
                    55.6099
                ],
                [
                    13.06454,
                    55.60985
                ],
                [
                    13.06346,
                    55.60966
                ],
                [
                    13.0631,
                    55.60957
                ],
                [
                    13.06295,
                    55.60955
                ],
                [
                    13.06326,
                    55.60912
                ],
                [
                    13.0634,
                    55.60898
                ],
                [
                    13.06364,
                    55.60878
                ],
                [
                    13.064,
                    55.60852
                ],
                [
                    13.06417,
                    55.60844
                ],
                [
                    13.06472,
                    55.60809
                ],
                [
                    13.06574,
                    55.60739
                ],
                [
                    13.06598,
                    55.60722
                ],
                [
                    13.06635,
                    55.60691
                ],
                [
                    13.06669,
                    55.60655
                ],
                [
                    13.06696,
                    55.60621
                ],
                [
                    13.06708,
                    55.60604
                ],
                [
                    13.06736,
                    55.60539
                ],
                [
                    13.0674,
                    55.60506
                ]
            ]
        }
    ]
}