{
    "city": 3,
    "initialStart": [
        13.04238,
        55.57472
    ],
    "trips": [
        {
            "summary": {
                "distance": 695.3,
                "duration": 147.9
            },
            "user": {
                "id": 1425,
                "token": "eyJhbGciOiJIUzI1NiIsInR5cCI6IkpXVCJ9.eyJpZCI6MTQyNSwicm9sZSI6InVzZXIiLCJpYXQiOjE3MDQzNjA4ODYsImV4cCI6MTczNTg5Njg4Nn0.q3mHYolM7930YO6LjVv_LnfGGmRG0021MB6uqVhnP6o"
            },
            "coords": [
                [
                    13.04238,
                    55.57472
                ],
                [
                    13.04249,
                    55.5747
                ],
                [
                    13.04271,
                    55.57466
                ],
                [
                    13.04301,
                    55.5746
                ],
                [
                    13.04416,
                    55.57419
                ],
                [
                    13.04422,
                    55.57416
                ],
                [
                    13.04652,
                    55.57331
                ],
                [
                    13.04594,
                    55.57282
                ],
                [
                    13.04486,
                    55.57174
                ],
                [
                    13.04399,
                    55.57193
                ],
                [
                    13.04337,
                    55.57207
                ],
                [
                    13.04346,
                    55.5722
                ],
                [
                    13.04388,
                    55.57278
                ]
            ]
        }
    ]
}