{
    "city": 1,
    "initialStart": [
        18.04694,
        59.31639
    ],
    "trips": [
        {
            "summary": {
                "distance": 624.3,
                "duration": 115.8
            },
            "user": {
                "id": 143,
                "token": "eyJhbGciOiJIUzI1NiIsInR5cCI6IkpXVCJ9.eyJpZCI6MTQzLCJyb2xlIjoidXNlciIsImlhdCI6MTcwMjg5MDk2MiwiZXhwIjoxNzM0NDI2OTYyfQ.BB3lfpfu22ICFHT8uus2XotYkVUXPsgCxLaV62izJUc"
            },
            "coords": [
                [
                    18.04694,
                    59.31639
                ],
                [
                    18.04695,
                    59.31638
                ],
                [
                    18.04698,
                    59.31634
                ],
                [
                    18.04731,
                    59.31639
                ],
                [
                    18.04786,
                    59.31638
                ],
                [
                    18.04791,
                    59.31629
                ],
                [
                    18.04857,
                    59.31637
                ],
                [
                    18.05071,
                    59.31664
                ],
                [
                    18.05086,
                    59.31666
                ],
                [
                    18.051,
                    59.31667
                ],
                [
                    18.05097,
                    59.31674
                ],
                [
                    18.0507,
                    59.31726
                ],
                [
                    18.05066,
                    59.31735
                ],
                [
                    18.05063,
                    59.31742
                ],
                [
                    18.05058,
                    59.31752
                ],
                [
                    18.05033,
                    59.318
                ],
                [
                    18.05027,
                    59.31813
                ],
                [
                    18.05008,
                    59.3185
                ],
                [
                    18.04996,
                    59.31857
                ],
                [
                    18.04986,
                    59.31863
                ],
                [
                    18.04969,
                    59.31869
                ],
                [
                    18.04958,
                    59.31872
                ],
                [
                    18.04946,
                    59.31873
                ],
                [
                    18.04927,
                    59.31871
                ],
                [
                    18.04912,
                    59.3188
                ],
                [
                    18.04901,
                    59.31881
                ],
                [
                    18.04784,
                    59.31871
                ],
                [
                    18.04777,
                    59.3187
                ],
                [
                    18.04765,
                    59.31887
                ]
            ]
        }
    ]
}