{
    "city": 3,
    "initialStart": [
        13.08707,
        55.60625
    ],
    "trips": [
        {
            "summary": {
                "distance": 391.7,
                "duration": 83.9
            },
            "user": {
                "id": 1437,
                "token": "eyJhbGciOiJIUzI1NiIsInR5cCI6IkpXVCJ9.eyJpZCI6MTQzNywicm9sZSI6InVzZXIiLCJpYXQiOjE3MDQzNjA5NDgsImV4cCI6MTczNTg5Njk0OH0.H3TWRwer-beDExJcwYZ8Ay01ZaL9xiGEL6m5i9tsVBg"
            },
            "coords": [
                [
                    13.08707,
                    55.60625
                ],
                [
                    13.08695,
                    55.60612
                ],
                [
                    13.08671,
                    55.60572
                ],
                [
                    13.08641,
                    55.60583
                ],
                [
                    13.08624,
                    55.60591
                ],
                [
                    13.0859,
                    55.60615
                ],
                [
                    13.08555,
                    55.60645
                ],
                [
                    13.08543,
                    55.60654
                ],
                [
                    13.08543,
                    55.60649
                ],
                [
                    13.08464,
                    55.60611
                ],
                [
                    13.08431,
                    55.60599
                ],
                [
                    13.08355,
                    55.60589
                ],
                [
                    13.08331,
                    55.60584
                ],
                [
                    13.08285,
                    55.60563
                ],
                [
                    13.08274,
                    55.60559
                ]
            ]
        }
    ]
}