{
    "city": 3,
    "initialStart": [
        13.00929,
        55.55992
    ],
    "trips": [
        {
            "summary": {
                "distance": 751,
                "duration": 170.9
            },
            "user": {
                "id": 1438,
                "token": "eyJhbGciOiJIUzI1NiIsInR5cCI6IkpXVCJ9.eyJpZCI6MTQzOCwicm9sZSI6InVzZXIiLCJpYXQiOjE3MDQzNjA5NDgsImV4cCI6MTczNTg5Njk0OH0.tfwzjM4G5jZtxh3bi4Wtj1-j7ITzLB_VI_pben5nZWA"
            },
            "coords": [
                [
                    13.00929,
                    55.55992
                ],
                [
                    13.009,
                    55.55994
                ],
                [
                    13.00902,
                    55.56019
                ],
                [
                    13.00901,
                    55.56025
                ],
                [
                    13.00887,
                    55.56022
                ],
                [
                    13.00882,
                    55.56032
                ],
                [
                    13.00873,
                    55.56036
                ],
                [
                    13.00856,
                    55.56035
                ],
                [
                    13.00857,
                    55.56043
                ],
                [
                    13.00837,
                    55.56044
                ],
                [
                    13.00818,
                    55.56044
                ],
                [
                    13.00817,
                    55.56039
                ],
                [
                    13.00808,
                    55.55963
                ],
                [
                    13.00809,
                    55.55952
                ],
                [
                    13.00817,
                    55.55937
                ],
                [
                    13.0083,
                    55.55925
                ],
                [
                    13.00848,
                    55.55914
                ],
                [
                    13.00872,
                    55.55905
                ],
                [
                    13.0094,
                    55.55894
                ],
                [
                    13.01023,
                    55.55884
                ],
                [
                    13.01033,
                    55.55882
                ],
                [
                    13.01046,
                    55.55877
                ],
                [
                    13.01049,
                    55.55874
                ],
                [
                    13.01052,
                    55.55861
                ],
                [
                    13.01045,
                    55.55829
                ],
                [
                    13.00985,
                    55.55832
                ],
                [
                    13.00961,
                    55.55833
                ],
                [
                    13.00894,
                    55.55836
                ],
                [
                    13.00801,
                    55.5584
                ],
                [
                    13.008,
                    55.55831
                ],
                [
                    13.00776,
                    55.55833
                ],
                [
                    13.00765,
                    55.55777
                ],
                [
                    13.00779,
                    55.55776
                ],
                [
                    13.00812,
                    55.55775
                ],
                [
                    13.00834,
                    55.55774
                ]
            ]
        }
    ]
}