{
    "city": 3,
    "initialStart": [
        12.93427,
        55.58429
    ],
    "trips": [
        {
            "summary": {
                "distance": 394.9,
                "duration": 64.6
            },
            "user": {
                "id": 1439,
                "token": "eyJhbGciOiJIUzI1NiIsInR5cCI6IkpXVCJ9.eyJpZCI6MTQzOSwicm9sZSI6InVzZXIiLCJpYXQiOjE3MDQzNjA5NDksImV4cCI6MTczNTg5Njk0OX0.LfGVMa0OUbgiWxyoHEu6dHc1aJ1GeM566-eInNoxkTI"
            },
            "coords": [
                [
                    12.93427,
                    55.58429
                ],
                [
                    12.93366,
                    55.58431
                ],
                [
                    12.93311,
                    55.58432
                ],
                [
                    12.93254,
                    55.58433
                ],
                [
                    12.93194,
                    55.58435
                ],
                [
                    12.93193,
                    55.58471
                ],
                [
                    12.93193,
                    55.58505
                ],
                [
                    12.93179,
                    55.58552
                ],
                [
                    12.93162,
                    55.58593
                ],
                [
                    12.93152,
                    55.58617
                ],
                [
                    12.9315,
                    55.58623
                ],
                [
                    12.93148,
                    55.58627
                ],
                [
                    12.93146,
                    55.58632
                ],
                [
                    12.93106,
                    55.58624
                ]
            ]
        }
    ]
}