{
    "city": 3,
    "initialStart": [
        12.94322,
        55.56251
    ],
    "trips": [
        {
            "summary": {
                "distance": 1454.3,
                "duration": 310.5
            },
            "user": {
                "id": 1440,
                "token": "eyJhbGciOiJIUzI1NiIsInR5cCI6IkpXVCJ9.eyJpZCI6MTQ0MCwicm9sZSI6InVzZXIiLCJpYXQiOjE3MDQzNjA5NDksImV4cCI6MTczNTg5Njk0OX0.1dRqERpbnPzNvX87GekxcDij7q-u7asEtiBZ0gN4c3M"
            },
            "coords": [
                [
                    12.94322,
                    55.56251
                ],
                [
                    12.94388,
                    55.56246
                ],
                [
                    12.94389,
                    55.56305
                ],
                [
                    12.94389,
                    55.56317
                ],
                [
                    12.94406,
                    55.56371
                ],
                [
                    12.94431,
                    55.56417
                ],
                [
                    12.94445,
                    55.56444
                ],
                [
                    12.94448,
                    55.56451
                ],
                [
                    12.94459,
                    55.56471
                ],
                [
                    12.94482,
                    55.56517
                ],
                [
                    12.94493,
                    55.56549
                ],
                [
                    12.94507,
                    55.56599
                ],
                [
                    12.94513,
                    55.56644
                ],
                [
                    12.94524,
                    55.56721
                ],
                [
                    12.94534,
                    55.56776
                ],
                [
                    12.94546,
                    55.56805
                ],
                [
                    12.94556,
                    55.56828
                ],
                [
                    12.9456,
                    55.56838
                ],
                [
                    12.94562,
                    55.56845
                ],
                [
                    12.94491,
                    55.56851
                ],
                [
                    12.94424,
                    55.56856
                ],
                [
                    12.94405,
                    55.56803
                ],
                [
                    12.94327,
                    55.56612
                ],
                [
                    12.9433,
                    55.56607
                ],
                [
                    12.94344,
                    55.56601
                ],
                [
                    12.94346,
                    55.56597
                ],
                [
                    12.94295,
                    55.56459
                ],
                [
                    12.94292,
                    55.56454
                ],
                [
                    12.94272,
                    55.56424
                ],
                [
                    12.94265,
                    55.56417
                ],
                [
                    12.94252,
                    55.56411
                ],
                [
                    12.94238,
                    55.5641
                ],
                [
                    12.94226,
                    55.5641
                ],
                [
                    12.94188,
                    55.56416
                ],
                [
                    12.94172,
                    55.56417
                ],
                [
                    12.94158,
                    55.56415
                ],
                [
                    12.94146,
                    55.56411
                ],
                [
                    12.94084,
                    55.5637
                ]
            ]
        }
    ]
}