{
    "city": 3,
    "initialStart": [
        13.00678,
        55.61876
    ],
    "trips": [
        {
            "summary": {
                "distance": 615.6,
                "duration": 141.1
            },
            "user": {
                "id": 1444,
                "token": "eyJhbGciOiJIUzI1NiIsInR5cCI6IkpXVCJ9.eyJpZCI6MTQ0NCwicm9sZSI6InVzZXIiLCJpYXQiOjE3MDQzNjA5NTAsImV4cCI6MTczNTg5Njk1MH0.hlgsKLYFWyCCl30l6pUr0JrpwNNfg0uuqhd10efXc80"
            },
            "coords": [
                [
                    13.00678,
                    55.61876
                ],
                [
                    13.00651,
                    55.61885
                ],
                [
                    13.0064,
                    55.61893
                ],
                [
                    13.00621,
                    55.61919
                ],
                [
                    13.00611,
                    55.61931
                ],
                [
                    13.00606,
                    55.61941
                ],
                [
                    13.00595,
                    55.61983
                ],
                [
                    13.00589,
                    55.62006
                ],
                [
                    13.00584,
                    55.62011
                ],
                [
                    13.00577,
                    55.62014
                ],
                [
                    13.00564,
                    55.62015
                ],
                [
                    13.00275,
                    55.61995
                ],
                [
                    13.00261,
                    55.61998
                ],
                [
                    13.00256,
                    55.62002
                ],
                [
                    13.00247,
                    55.62015
                ],
                [
                    13.00252,
                    55.62013
                ],
                [
                    13.00265,
                    55.62011
                ],
                [
                    13.0031,
                    55.62015
                ],
                [
                    13.00439,
                    55.62028
                ],
                [
                    13.00457,
                    55.62031
                ],
                [
                    13.00444,
                    55.62081
                ],
                [
                    13.00458,
                    55.62082
                ],
                [
                    13.00464,
                    55.62084
                ],
                [
                    13.0049,
                    55.62086
                ]
            ]
        }
    ]
}