{
    "city": 3,
    "initialStart": [
        13.02967,
        55.61415
    ],
    "trips": [
        {
            "summary": {
                "distance": 1512.6,
                "duration": 341.8
            },
            "user": {
                "id": 1453,
                "token": "eyJhbGciOiJIUzI1NiIsInR5cCI6IkpXVCJ9.eyJpZCI6MTQ1Mywicm9sZSI6InVzZXIiLCJpYXQiOjE3MDQzNjA5NTEsImV4cCI6MTczNTg5Njk1MX0.MeojIpJYK1aeEDCNxoL8WVg2wrOHYqlM3j3iAslnbak"
            },
            "coords": [
                [
                    13.02967,
                    55.61415
                ],
                [
                    13.02975,
                    55.6138
                ],
                [
                    13.02777,
                    55.61367
                ],
                [
                    13.02627,
                    55.6137
                ],
                [
                    13.02574,
                    55.61373
                ],
                [
                    13.02564,
                    55.61377
                ],
                [
                    13.02548,
                    55.61423
                ],
                [
                    13.02545,
                    55.61426
                ],
                [
                    13.02427,
                    55.61451
                ],
                [
                    13.02401,
                    55.61454
                ],
                [
                    13.02351,
                    55.61457
                ],
                [
                    13.02332,
                    55.61459
                ],
                [
                    13.02315,
                    55.61466
                ],
                [
                    13.02292,
                    55.61484
                ],
                [
                    13.02304,
                    55.61488
                ],
                [
                    13.02314,
                    55.61494
                ],
                [
                    13.0233,
                    55.61512
                ],
                [
                    13.02303,
                    55.61518
                ],
                [
                    13.02272,
                    55.61523
                ],
                [
                    13.02256,
                    55.61523
                ],
                [
                    13.02186,
                    55.61519
                ],
                [
                    13.02093,
                    55.6151
                ],
                [
                    13.02081,
                    55.6151
                ],
                [
                    13.02081,
                    55.61507
                ],
                [
                    13.0208,
                    55.61505
                ],
                [
                    13.02066,
                    55.61502
                ],
                [
                    13.02061,
                    55.6152
                ],
                [
                    13.02058,
                    55.61535
                ],
                [
                    13.02048,
                    55.61545
                ],
                [
                    13.02071,
                    55.61547
                ],
                [
                    13.02278,
                    55.61564
                ],
                [
                    13.02502,
                    55.61582
                ],
                [
                    13.0274,
                    55.61599
                ],
                [
                    13.02856,
                    55.61608
                ],
                [
                    13.02856,
                    55.61597
                ],
                [
                    13.02887,
                    55.61599
                ],
                [
                    13.02901,
                    55.616
                ],
                [
                    13.03157,
                    55.6162
                ]
            ]
        }
    ]
}