{
    "city": 3,
    "initialStart": [
        12.94317,
        55.59016
    ],
    "trips": [
        {
            "summary": {
                "distance": 506.7,
                "duration": 88.1
            },
            "user": {
                "id": 1454,
                "token": "eyJhbGciOiJIUzI1NiIsInR5cCI6IkpXVCJ9.eyJpZCI6MTQ1NCwicm9sZSI6InVzZXIiLCJpYXQiOjE3MDQzNjA5NTEsImV4cCI6MTczNTg5Njk1MX0.zkiKVrpLysx63GoHIaRdd0kkRBUJ1KKjwr-QlzhXOTM"
            },
            "coords": [
                [
                    12.94317,
                    55.59016
                ],
                [
                    12.94335,
                    55.59008
                ],
                [
                    12.94354,
                    55.59008
                ],
                [
                    12.94357,
                    55.59001
                ],
                [
                    12.94386,
                    55.58989
                ],
                [
                    12.94392,
                    55.58985
                ],
                [
                    12.94396,
                    55.58977
                ],
                [
                    12.94392,
                    55.58969
                ],
                [
                    12.94366,
                    55.58948
                ],
                [
                    12.94388,
                    55.58937
                ],
                [
                    12.94406,
                    55.58926
                ],
                [
                    12.94442,
                    55.58914
                ],
                [
                    12.94459,
                    55.58908
                ],
                [
                    12.94469,
                    55.589
                ],
                [
                    12.94541,
                    55.5897
                ],
                [
                    12.94634,
                    55.58939
                ],
                [
                    12.94669,
                    55.58929
                ],
                [
                    12.94772,
                    55.59028
                ]
            ]
        }
    ]
}