{
    "city": 1,
    "initialStart": [
        18.0758,
        59.32461
    ],
    "trips": [
        {
            "summary": {
                "distance": 354.2,
                "duration": 78.7
            },
            "user": {
                "id": 146,
                "token": "eyJhbGciOiJIUzI1NiIsInR5cCI6IkpXVCJ9.eyJpZCI6MTQ2LCJyb2xlIjoidXNlciIsImlhdCI6MTcwMjg5MDk2MywiZXhwIjoxNzM0NDI2OTYzfQ.vhsQNWzMckNk-DuuvVC7OHFWHftbYY-21IEIANxj12Q"
            },
            "coords": [
                [
                    18.0758,
                    59.32461
                ],
                [
                    18.07575,
                    59.32445
                ],
                [
                    18.07574,
                    59.32441
                ],
                [
                    18.07567,
                    59.32441
                ],
                [
                    18.07562,
                    59.32442
                ],
                [
                    18.07551,
                    59.32443
                ],
                [
                    18.0755,
                    59.32436
                ],
                [
                    18.07542,
                    59.32415
                ],
                [
                    18.07534,
                    59.32394
                ],
                [
                    18.07524,
                    59.32367
                ],
                [
                    18.07515,
                    59.3234
                ],
                [
                    18.07503,
                    59.3231
                ],
                [
                    18.07485,
                    59.32285
                ],
                [
                    18.07465,
                    59.32259
                ],
                [
                    18.0745,
                    59.32239
                ],
                [
                    18.07474,
                    59.32235
                ],
                [
                    18.07479,
                    59.32235
                ],
                [
                    18.07504,
                    59.32231
                ],
                [
                    18.075,
                    59.32218
                ],
                [
                    18.07513,
                    59.32217
                ],
                [
                    18.07518,
                    59.32243
                ]
            ]
        }
    ]
}