{
    "city": 3,
    "initialStart": [
        13.00106,
        55.5785
    ],
    "trips": [
        {
            "summary": {
                "distance": 398.5,
                "duration": 82.5
            },
            "user": {
                "id": 1460,
                "token": "eyJhbGciOiJIUzI1NiIsInR5cCI6IkpXVCJ9.eyJpZCI6MTQ2MCwicm9sZSI6InVzZXIiLCJpYXQiOjE3MDQzNjA5NTMsImV4cCI6MTczNTg5Njk1M30.sV1SK-NvdBF5QnYRNbAfZFEfOLH3zK59agC8UMg3SB4"
            },
            "coords": [
                [
                    13.00106,
                    55.5785
                ],
                [
                    13.00128,
                    55.57909
                ],
                [
                    13.00111,
                    55.57909
                ],
                [
                    13.001,
                    55.57905
                ],
                [
                    13.001,
                    55.57918
                ],
                [
                    13.00086,
                    55.57921
                ],
                [
                    13.00018,
                    55.5793
                ],
                [
                    13.00004,
                    55.5793
                ],
                [
                    12.99988,
                    55.57932
                ],
                [
                    12.99757,
                    55.57965
                ],
                [
                    12.99745,
                    55.57965
                ],
                [
                    12.99737,
                    55.57964
                ],
                [
                    12.99721,
                    55.57954
                ],
                [
                    12.99731,
                    55.57951
                ],
                [
                    12.99737,
                    55.57956
                ],
                [
                    12.99745,
                    55.57959
                ],
                [
                    12.99755,
                    55.5796
                ],
                [
                    12.99767,
                    55.57958
                ],
                [
                    12.99762,
                    55.57947
                ]
            ]
        }
    ]
}