{
    "city": 3,
    "initialStart": [
        12.91595,
        55.5713
    ],
    "trips": [
        {
            "summary": {
                "distance": 442.8,
                "duration": 132.4
            },
            "user": {
                "id": 1461,
                "token": "eyJhbGciOiJIUzI1NiIsInR5cCI6IkpXVCJ9.eyJpZCI6MTQ2MSwicm9sZSI6InVzZXIiLCJpYXQiOjE3MDQzNjA5NTMsImV4cCI6MTczNTg5Njk1M30.jdb5yCQF94VGfG-RAoXmXVja4HPiVQVBcBEQJx01nl0"
            },
            "coords": [
                [
                    12.91595,
                    55.5713
                ],
                [
                    12.91624,
                    55.57128
                ],
                [
                    12.91631,
                    55.57128
                ],
                [
                    12.91661,
                    55.57126
                ],
                [
                    12.91717,
                    55.57116
                ],
                [
                    12.91733,
                    55.5711
                ],
                [
                    12.91739,
                    55.57109
                ],
                [
                    12.91763,
                    55.57104
                ],
                [
                    12.91768,
                    55.5709
                ],
                [
                    12.91836,
                    55.57082
                ],
                [
                    12.91868,
                    55.57001
                ],
                [
                    12.91829,
                    55.57005
                ],
                [
                    12.91763,
                    55.57011
                ],
                [
                    12.91745,
                    55.57013
                ],
                [
                    12.91732,
                    55.5701
                ],
                [
                    12.91728,
                    55.57004
                ],
                [
                    12.91724,
                    55.56992
                ],
                [
                    12.91716,
                    55.56964
                ],
                [
                    12.91711,
                    55.56946
                ],
                [
                    12.91743,
                    55.56943
                ]
            ]
        }
    ]
}