{
    "city": 3,
    "initialStart": [
        13.00692,
        55.58539
    ],
    "trips": [
        {
            "summary": {
                "distance": 422.1,
                "duration": 82
            },
            "user": {
                "id": 1465,
                "token": "eyJhbGciOiJIUzI1NiIsInR5cCI6IkpXVCJ9.eyJpZCI6MTQ2NSwicm9sZSI6InVzZXIiLCJpYXQiOjE3MDQzNjA5NTMsImV4cCI6MTczNTg5Njk1M30.NeaLxZdfJ50A6XwXxEUgCBoV2cwfAUrKq8EMm_gzbnM"
            },
            "coords": [
                [
                    13.00692,
                    55.58539
                ],
                [
                    13.00636,
                    55.58547
                ],
                [
                    13.00634,
                    55.58541
                ],
                [
                    13.00617,
                    55.58544
                ],
                [
                    13.00599,
                    55.58546
                ],
                [
                    13.00602,
                    55.58541
                ],
                [
                    13.006,
                    55.58538
                ],
                [
                    13.00589,
                    55.5852
                ],
                [
                    13.00558,
                    55.58491
                ],
                [
                    13.00556,
                    55.58489
                ],
                [
                    13.00554,
                    55.58487
                ],
                [
                    13.00543,
                    55.58482
                ],
                [
                    13.00527,
                    55.58475
                ],
                [
                    13.00509,
                    55.58468
                ],
                [
                    13.00495,
                    55.58472
                ],
                [
                    13.00381,
                    55.5851
                ],
                [
                    13.00372,
                    55.58513
                ],
                [
                    13.00361,
                    55.58517
                ],
                [
                    13.0034,
                    55.58495
                ],
                [
                    13.00307,
                    55.58505
                ],
                [
                    13.003,
                    55.5851
                ],
                [
                    13.00298,
                    55.58516
                ],
                [
                    13.00299,
                    55.58531
                ],
                [
                    13.00293,
                    55.58538
                ],
                [
                    13.00224,
                    55.58561
                ]
            ]
        }
    ]
}