{
    "city": 3,
    "initialStart": [
        12.98224,
        55.60423
    ],
    "trips": [
        {
            "summary": {
                "distance": 339.8,
                "duration": 79.2
            },
            "user": {
                "id": 1479,
                "token": "eyJhbGciOiJIUzI1NiIsInR5cCI6IkpXVCJ9.eyJpZCI6MTQ3OSwicm9sZSI6InVzZXIiLCJpYXQiOjE3MDQzNjEwMTksImV4cCI6MTczNTg5NzAxOX0.kLpmKnmcgV8lLT_2BaYQDFYx34ISFSK9L_JW2YoquMQ"
            },
            "coords": [
                [
                    12.98224,
                    55.60423
                ],
                [
                    12.98226,
                    55.60418
                ],
                [
                    12.98236,
                    55.60411
                ],
                [
                    12.98214,
                    55.60398
                ],
                [
                    12.98197,
                    55.60388
                ],
                [
                    12.98189,
                    55.60387
                ],
                [
                    12.98181,
                    55.60389
                ],
                [
                    12.98146,
                    55.6039
                ],
                [
                    12.98133,
                    55.60385
                ],
                [
                    12.9812,
                    55.60379
                ],
                [
                    12.9812,
                    55.60369
                ],
                [
                    12.9811,
                    55.60344
                ],
                [
                    12.98108,
                    55.60339
                ],
                [
                    12.98045,
                    55.60303
                ],
                [
                    12.98034,
                    55.60298
                ],
                [
                    12.98026,
                    55.60299
                ],
                [
                    12.9796,
                    55.60302
                ],
                [
                    12.97964,
                    55.60298
                ],
                [
                    12.97958,
                    55.60286
                ],
                [
                    12.97951,
                    55.60284
                ],
                [
                    12.97937,
                    55.60281
                ],
                [
                    12.97908,
                    55.60282
                ],
                [
                    12.97894,
                    55.60281
                ],
                [
                    12.97869,
                    55.60273
                ]
            ]
        }
    ]
}