{
    "city": 1,
    "initialStart": [
        18.10157,
        59.33609
    ],
    "trips": [
        {
            "summary": {
                "distance": 766,
                "duration": 143
            },
            "user": {
                "id": 148,
                "token": "eyJhbGciOiJIUzI1NiIsInR5cCI6IkpXVCJ9.eyJpZCI6MTQ4LCJyb2xlIjoidXNlciIsImlhdCI6MTcwMjg5MDk2NCwiZXhwIjoxNzM0NDI2OTY0fQ.bNsmGZdTiNnbWdPa4hfKJcHaMmKg6jmnbfXzkrGnQd4"
            },
            "coords": [
                [
                    18.10157,
                    59.33609
                ],
                [
                    18.10199,
                    59.33659
                ],
                [
                    18.10194,
                    59.3366
                ],
                [
                    18.10204,
                    59.3367
                ],
                [
                    18.10282,
                    59.33764
                ],
                [
                    18.10284,
                    59.33766
                ],
                [
                    18.10296,
                    59.33774
                ],
                [
                    18.10312,
                    59.33778
                ],
                [
                    18.10329,
                    59.33774
                ],
                [
                    18.10359,
                    59.33765
                ],
                [
                    18.10439,
                    59.33739
                ],
                [
                    18.10537,
                    59.33701
                ],
                [
                    18.10592,
                    59.33676
                ],
                [
                    18.10632,
                    59.33653
                ],
                [
                    18.10682,
                    59.33618
                ],
                [
                    18.10721,
                    59.33588
                ],
                [
                    18.10728,
                    59.33578
                ],
                [
                    18.1072,
                    59.33569
                ],
                [
                    18.10695,
                    59.33552
                ],
                [
                    18.1064,
                    59.33516
                ],
                [
                    18.10613,
                    59.33498
                ],
                [
                    18.10605,
                    59.33493
                ],
                [
                    18.10601,
                    59.33491
                ],
                [
                    18.10545,
                    59.33452
                ],
                [
                    18.1051,
                    59.33418
                ],
                [
                    18.10505,
                    59.33415
                ]
            ]
        }
    ]
}