{
    "city": 3,
    "initialStart": [
        13.07932,
        55.60265
    ],
    "trips": [
        {
            "summary": {
                "distance": 496.4,
                "duration": 86.2
            },
            "user": {
                "id": 1488,
                "token": "eyJhbGciOiJIUzI1NiIsInR5cCI6IkpXVCJ9.eyJpZCI6MTQ4OCwicm9sZSI6InVzZXIiLCJpYXQiOjE3MDQzNjEwMjEsImV4cCI6MTczNTg5NzAyMX0.lJmEpywEOm3NNC35Apvy5TQGzeFL0JjrDsJHUKGrDTg"
            },
            "coords": [
                [
                    13.07932,
                    55.60265
                ],
                [
                    13.07815,
                    55.6029
                ],
                [
                    13.07837,
                    55.60298
                ],
                [
                    13.07898,
                    55.60342
                ],
                [
                    13.07926,
                    55.60357
                ],
                [
                    13.07963,
                    55.6037
                ],
                [
                    13.08005,
                    55.60375
                ],
                [
                    13.08126,
                    55.60386
                ],
                [
                    13.08177,
                    55.60394
                ],
                [
                    13.08229,
                    55.60406
                ],
                [
                    13.08238,
                    55.60395
                ],
                [
                    13.08209,
                    55.60383
                ],
                [
                    13.08297,
                    55.60382
                ],
                [
                    13.08332,
                    55.60385
                ]
            ]
        }
    ]
}