{
    "city": 1,
    "initialStart": [
        18.03327,
        59.35415
    ],
    "trips": [
        {
            "summary": {
                "distance": 769.7,
                "duration": 149.6
            },
            "user": {
                "id": 149,
                "token": "eyJhbGciOiJIUzI1NiIsInR5cCI6IkpXVCJ9.eyJpZCI6MTQ5LCJyb2xlIjoidXNlciIsImlhdCI6MTcwMjg5MDk2NSwiZXhwIjoxNzM0NDI2OTY1fQ.g1MBxmJiPT27uIO-P55M3GKlspAXA8XNhs7OCk0ZrRc"
            },
            "coords": [
                [
                    18.03327,
                    59.35415
                ],
                [
                    18.03375,
                    59.35423
                ],
                [
                    18.03479,
                    59.3544
                ],
                [
                    18.03486,
                    59.35431
                ],
                [
                    18.03255,
                    59.35391
                ],
                [
                    18.03235,
                    59.35385
                ],
                [
                    18.03237,
                    59.35376
                ],
                [
                    18.03239,
                    59.35369
                ],
                [
                    18.03259,
                    59.35366
                ],
                [
                    18.03267,
                    59.35363
                ],
                [
                    18.03269,
                    59.35347
                ],
                [
                    18.03261,
                    59.35334
                ],
                [
                    18.03284,
                    59.3533
                ],
                [
                    18.03301,
                    59.35332
                ],
                [
                    18.03324,
                    59.35346
                ],
                [
                    18.03339,
                    59.3535
                ],
                [
                    18.03357,
                    59.35349
                ],
                [
                    18.03368,
                    59.35346
                ],
                [
                    18.03377,
                    59.35341
                ],
                [
                    18.03383,
                    59.35335
                ],
                [
                    18.03387,
                    59.35328
                ],
                [
                    18.03402,
                    59.35291
                ],
                [
                    18.03406,
                    59.35282
                ],
                [
                    18.03411,
                    59.35269
                ],
                [
                    18.03425,
                    59.35267
                ],
                [
                    18.03438,
                    59.35267
                ],
                [
                    18.03481,
                    59.35266
                ],
                [
                    18.03492,
                    59.35266
                ],
                [
                    18.03507,
                    59.35264
                ],
                [
                    18.03554,
                    59.35254
                ],
                [
                    18.03569,
                    59.35252
                ],
                [
                    18.03582,
                    59.35252
                ],
                [
                    18.03628,
                    59.35251
                ],
                [
                    18.03638,
                    59.35269
                ],
                [
                    18.03647,
                    59.35278
                ],
                [
                    18.03678,
                    59.35296
                ],
                [
                    18.037,
                    59.35303
                ],
                [
                    18.03708,
                    59.35309
                ],
                [
                    18.03711,
                    59.3532
                ],
                [
                    18.03709,
                    59.3534
                ],
                [
                    18.03711,
                    59.35345
                ],
                [
                    18.03717,
                    59.35348
                ],
                [
                    18.03731,
                    59.35349
                ],
                [
                    18.03761,
                    59.35349
                ],
                [
                    18.03772,
                    59.35343
                ]
            ]
        }
    ]
}