{
    "city": 3,
    "initialStart": [
        13.0349,
        55.62184
    ],
    "trips": [
        {
            "summary": {
                "distance": 755.8,
                "duration": 136.5
            },
            "user": {
                "id": 1491,
                "token": "eyJhbGciOiJIUzI1NiIsInR5cCI6IkpXVCJ9.eyJpZCI6MTQ5MSwicm9sZSI6InVzZXIiLCJpYXQiOjE3MDQzNjEwMjEsImV4cCI6MTczNTg5NzAyMX0.ZZh1Z3bK-Bw5Wmy1JqClCvn9FSFNGJ9lYLfLlh_XY2A"
            },
            "coords": [
                [
                    13.0349,
                    55.62184
                ],
                [
                    13.03464,
                    55.62317
                ],
                [
                    13.03746,
                    55.62342
                ],
                [
                    13.0375,
                    55.62327
                ],
                [
                    13.03756,
                    55.62304
                ],
                [
                    13.03774,
                    55.62228
                ],
                [
                    13.03778,
                    55.62212
                ],
                [
                    13.03782,
                    55.62197
                ],
                [
                    13.03808,
                    55.62088
                ],
                [
                    13.03811,
                    55.62073
                ],
                [
                    13.0382,
                    55.62074
                ],
                [
                    13.03851,
                    55.62076
                ],
                [
                    13.03847,
                    55.62092
                ],
                [
                    13.03831,
                    55.62167
                ]
            ]
        }
    ]
}