{
    "city": 3,
    "initialStart": [
        12.94378,
        55.57096
    ],
    "trips": [
        {
            "summary": {
                "distance": 586.4,
                "duration": 135.4
            },
            "user": {
                "id": 1493,
                "token": "eyJhbGciOiJIUzI1NiIsInR5cCI6IkpXVCJ9.eyJpZCI6MTQ5Mywicm9sZSI6InVzZXIiLCJpYXQiOjE3MDQzNjEwMjIsImV4cCI6MTczNTg5NzAyMn0.-V6gkQ700aboMA2cmyXh9a-6zhMz9c6Q4JjGG-k0di8"
            },
            "coords": [
                [
                    12.94378,
                    55.57096
                ],
                [
                    12.94389,
                    55.57095
                ],
                [
                    12.94384,
                    55.57078
                ],
                [
                    12.94294,
                    55.57087
                ],
                [
                    12.94261,
                    55.5709
                ],
                [
                    12.94203,
                    55.57099
                ],
                [
                    12.942,
                    55.57103
                ],
                [
                    12.94202,
                    55.57109
                ],
                [
                    12.94192,
                    55.5711
                ],
                [
                    12.94205,
                    55.57156
                ],
                [
                    12.94193,
                    55.57157
                ],
                [
                    12.94205,
                    55.57196
                ],
                [
                    12.94249,
                    55.57191
                ],
                [
                    12.94253,
                    55.57197
                ],
                [
                    12.94232,
                    55.57199
                ],
                [
                    12.94178,
                    55.57205
                ],
                [
                    12.9417,
                    55.57169
                ],
                [
                    12.94167,
                    55.57159
                ],
                [
                    12.94147,
                    55.57094
                ],
                [
                    12.94164,
                    55.57093
                ],
                [
                    12.94168,
                    55.57089
                ],
                [
                    12.94166,
                    55.57083
                ],
                [
                    12.94161,
                    55.57075
                ],
                [
                    12.9416,
                    55.57072
                ],
                [
                    12.94157,
                    55.57066
                ],
                [
                    12.94152,
                    55.57063
                ],
                [
                    12.94138,
                    55.57057
                ],
                [
                    12.94129,
                    55.57054
                ],
                [
                    12.9414,
                    55.57043
                ],
                [
                    12.94153,
                    55.57035
                ],
                [
                    12.94172,
                    55.57028
                ],
                [
                    12.94187,
                    55.57025
                ]
            ]
        }
    ]
}