{
    "city": 3,
    "initialStart": [
        13.01676,
        55.57906
    ],
    "trips": [
        {
            "summary": {
                "distance": 624.4,
                "duration": 108.6
            },
            "user": {
                "id": 1499,
                "token": "eyJhbGciOiJIUzI1NiIsInR5cCI6IkpXVCJ9.eyJpZCI6MTQ5OSwicm9sZSI6InVzZXIiLCJpYXQiOjE3MDQzNjEwMjMsImV4cCI6MTczNTg5NzAyM30.YYbMnWsYauTkPGTPLdzj7xUhjSZFkgQi5o-A7fy9HGI"
            },
            "coords": [
                [
                    13.01676,
                    55.57906
                ],
                [
                    13.01581,
                    55.57945
                ],
                [
                    13.01566,
                    55.57947
                ],
                [
                    13.01557,
                    55.57945
                ],
                [
                    13.01549,
                    55.57941
                ],
                [
                    13.01499,
                    55.57894
                ],
                [
                    13.01493,
                    55.57885
                ],
                [
                    13.01491,
                    55.57877
                ],
                [
                    13.01497,
                    55.57862
                ],
                [
                    13.01502,
                    55.57855
                ],
                [
                    13.01509,
                    55.5785
                ],
                [
                    13.01571,
                    55.57825
                ],
                [
                    13.01578,
                    55.57822
                ],
                [
                    13.01577,
                    55.57819
                ],
                [
                    13.01566,
                    55.57819
                ],
                [
                    13.01561,
                    55.57817
                ],
                [
                    13.01475,
                    55.57749
                ],
                [
                    13.01452,
                    55.57765
                ],
                [
                    13.01148,
                    55.57882
                ]
            ]
        }
    ]
}