{
    "city": 3,
    "initialStart": [
        12.98383,
        55.58742
    ],
    "trips": [
        {
            "summary": {
                "distance": 558.9,
                "duration": 91.5
            },
            "user": {
                "id": 1502,
                "token": "eyJhbGciOiJIUzI1NiIsInR5cCI6IkpXVCJ9.eyJpZCI6MTUwMiwicm9sZSI6InVzZXIiLCJpYXQiOjE3MDQzNjEwMjMsImV4cCI6MTczNTg5NzAyM30.RcclKY7E78e-2ffpGXRB3P3G3UeY8T6wcp2nm90Sm34"
            },
            "coords": [
                [
                    12.98383,
                    55.58742
                ],
                [
                    12.98366,
                    55.58712
                ],
                [
                    12.98351,
                    55.58687
                ],
                [
                    12.98328,
                    55.58648
                ],
                [
                    12.98294,
                    55.58656
                ],
                [
                    12.98266,
                    55.58663
                ],
                [
                    12.98235,
                    55.58671
                ],
                [
                    12.9824,
                    55.58679
                ],
                [
                    12.98241,
                    55.58688
                ],
                [
                    12.98241,
                    55.58708
                ],
                [
                    12.98253,
                    55.58732
                ],
                [
                    12.98292,
                    55.58798
                ],
                [
                    12.98308,
                    55.58822
                ],
                [
                    12.98336,
                    55.58844
                ],
                [
                    12.98338,
                    55.58847
                ],
                [
                    12.98336,
                    55.58853
                ],
                [
                    12.98331,
                    55.58858
                ],
                [
                    12.98343,
                    55.5886
                ],
                [
                    12.98357,
                    55.58865
                ],
                [
                    12.98365,
                    55.58868
                ],
                [
                    12.98372,
                    55.58869
                ],
                [
                    12.98384,
                    55.58869
                ],
                [
                    12.98394,
                    55.58887
                ],
                [
                    12.98375,
                    55.58891
                ],
                [
                    12.98347,
                    55.58897
                ],
                [
                    12.98343,
                    55.58912
                ],
                [
                    12.9834,
                    55.58926
                ],
                [
                    12.98338,
                    55.58933
                ],
                [
                    12.98352,
                    55.58962
                ]
            ]
        }
    ]
}