{
    "city": 3,
    "initialStart": [
        12.95862,
        55.59579
    ],
    "trips": [
        {
            "summary": {
                "distance": 762.9,
                "duration": 134.8
            },
            "user": {
                "id": 1506,
                "token": "eyJhbGciOiJIUzI1NiIsInR5cCI6IkpXVCJ9.eyJpZCI6MTUwNiwicm9sZSI6InVzZXIiLCJpYXQiOjE3MDQzNjEwMjQsImV4cCI6MTczNTg5NzAyNH0.6wRJqkjR5M57s6DokTRtFflAWzekxqZg_E9HJZPKoVo"
            },
            "coords": [
                [
                    12.95862,
                    55.59579
                ],
                [
                    12.96022,
                    55.59542
                ],
                [
                    12.96051,
                    55.59535
                ],
                [
                    12.96063,
                    55.5953
                ],
                [
                    12.96072,
                    55.59524
                ],
                [
                    12.96077,
                    55.59529
                ],
                [
                    12.96081,
                    55.59534
                ],
                [
                    12.96085,
                    55.59539
                ],
                [
                    12.96107,
                    55.59538
                ],
                [
                    12.96123,
                    55.59541
                ],
                [
                    12.96128,
                    55.59539
                ],
                [
                    12.96135,
                    55.59537
                ],
                [
                    12.96144,
                    55.59544
                ],
                [
                    12.96193,
                    55.59571
                ],
                [
                    12.96224,
                    55.59588
                ],
                [
                    12.9623,
                    55.59592
                ],
                [
                    12.96237,
                    55.59633
                ],
                [
                    12.96238,
                    55.5964
                ],
                [
                    12.96261,
                    55.59744
                ],
                [
                    12.96257,
                    55.5976
                ],
                [
                    12.9625,
                    55.59772
                ],
                [
                    12.96201,
                    55.59814
                ],
                [
                    12.96136,
                    55.59791
                ],
                [
                    12.96116,
                    55.59807
                ],
                [
                    12.96045,
                    55.59779
                ],
                [
                    12.95963,
                    55.5975
                ],
                [
                    12.95946,
                    55.59764
                ],
                [
                    12.95943,
                    55.59769
                ],
                [
                    12.95949,
                    55.59778
                ]
            ]
        }
    ]
}