{
    "city": 3,
    "initialStart": [
        13.00039,
        55.58692
    ],
    "trips": [
        {
            "summary": {
                "distance": 419.7,
                "duration": 70.3
            },
            "user": {
                "id": 1510,
                "token": "eyJhbGciOiJIUzI1NiIsInR5cCI6IkpXVCJ9.eyJpZCI6MTUxMCwicm9sZSI6InVzZXIiLCJpYXQiOjE3MDQzNjEwMjUsImV4cCI6MTczNTg5NzAyNX0.bKL0ZbBUhT5w9rERPZ4ZKyVQj_MW2VFfti1lhFCOGaM"
            },
            "coords": [
                [
                    13.00039,
                    55.58692
                ],
                [
                    13.00035,
                    55.58716
                ],
                [
                    13.00003,
                    55.58712
                ],
                [
                    12.99995,
                    55.58707
                ],
                [
                    13,
                    55.58686
                ],
                [
                    12.99999,
                    55.58673
                ],
                [
                    12.99994,
                    55.58667
                ],
                [
                    13.00095,
                    55.58632
                ],
                [
                    13.00211,
                    55.58593
                ],
                [
                    13.00224,
                    55.58592
                ],
                [
                    13.00362,
                    55.58545
                ],
                [
                    13.0037,
                    55.58544
                ],
                [
                    13.00372,
                    55.58544
                ],
                [
                    13.00377,
                    55.58544
                ],
                [
                    13.00387,
                    55.58541
                ],
                [
                    13.00415,
                    55.58567
                ]
            ]
        }
    ]
}