{
    "city": 3,
    "initialStart": [
        13.04388,
        55.57465
    ],
    "trips": [
        {
            "summary": {
                "distance": 991.3,
                "duration": 168.3
            },
            "user": {
                "id": 1531,
                "token": "eyJhbGciOiJIUzI1NiIsInR5cCI6IkpXVCJ9.eyJpZCI6MTUzMSwicm9sZSI6InVzZXIiLCJpYXQiOjE3MDQzNjEwOTIsImV4cCI6MTczNTg5NzA5Mn0.ioOYIbRsbX5CXZIbiEIYbVpm-rYS-kYaTAac3jvySG0"
            },
            "coords": [
                [
                    13.04388,
                    55.57465
                ],
                [
                    13.04395,
                    55.57462
                ],
                [
                    13.04459,
                    55.57443
                ],
                [
                    13.04603,
                    55.57387
                ],
                [
                    13.04629,
                    55.57374
                ],
                [
                    13.04639,
                    55.57368
                ],
                [
                    13.04658,
                    55.57361
                ],
                [
                    13.04672,
                    55.57358
                ],
                [
                    13.04679,
                    55.57356
                ],
                [
                    13.04675,
                    55.57348
                ],
                [
                    13.04664,
                    55.57335
                ],
                [
                    13.046,
                    55.5728
                ],
                [
                    13.04529,
                    55.57206
                ],
                [
                    13.04472,
                    55.57154
                ],
                [
                    13.04441,
                    55.57134
                ],
                [
                    13.04425,
                    55.57126
                ],
                [
                    13.04397,
                    55.57114
                ],
                [
                    13.04361,
                    55.57104
                ],
                [
                    13.04305,
                    55.57097
                ],
                [
                    13.04277,
                    55.57096
                ],
                [
                    13.04218,
                    55.57101
                ],
                [
                    13.04142,
                    55.57121
                ],
                [
                    13.04076,
                    55.5714
                ],
                [
                    13.03986,
                    55.57172
                ],
                [
                    13.03985,
                    55.57178
                ],
                [
                    13.03987,
                    55.5718
                ],
                [
                    13.0398,
                    55.57185
                ],
                [
                    13.04088,
                    55.57272
                ],
                [
                    13.04109,
                    55.57295
                ]
            ]
        }
    ]
}