{
    "city": 3,
    "initialStart": [
        12.96842,
        55.56091
    ],
    "trips": [
        {
            "summary": {
                "distance": 552.1,
                "duration": 91.8
            },
            "user": {
                "id": 1532,
                "token": "eyJhbGciOiJIUzI1NiIsInR5cCI6IkpXVCJ9.eyJpZCI6MTUzMiwicm9sZSI6InVzZXIiLCJpYXQiOjE3MDQzNjEwOTIsImV4cCI6MTczNTg5NzA5Mn0.iNUSBEqDdtCYGmutrsKwVnwFX7F1X0RXhmFbthdMcN4"
            },
            "coords": [
                [
                    12.96842,
                    55.56091
                ],
                [
                    12.96847,
                    55.56138
                ],
                [
                    12.96823,
                    55.56141
                ],
                [
                    12.9681,
                    55.56144
                ],
                [
                    12.96796,
                    55.5615
                ],
                [
                    12.96792,
                    55.56156
                ],
                [
                    12.96788,
                    55.56161
                ],
                [
                    12.96783,
                    55.56178
                ],
                [
                    12.96676,
                    55.56176
                ],
                [
                    12.96636,
                    55.56176
                ],
                [
                    12.96613,
                    55.56176
                ],
                [
                    12.96613,
                    55.56182
                ],
                [
                    12.96607,
                    55.56189
                ],
                [
                    12.96599,
                    55.56193
                ],
                [
                    12.96588,
                    55.56195
                ],
                [
                    12.96571,
                    55.56194
                ],
                [
                    12.96558,
                    55.56187
                ],
                [
                    12.96544,
                    55.56183
                ],
                [
                    12.96465,
                    55.56186
                ],
                [
                    12.96452,
                    55.56188
                ],
                [
                    12.96436,
                    55.56194
                ],
                [
                    12.96423,
                    55.56209
                ],
                [
                    12.96423,
                    55.56218
                ],
                [
                    12.96417,
                    55.5623
                ],
                [
                    12.96409,
                    55.56235
                ],
                [
                    12.96402,
                    55.56239
                ],
                [
                    12.96381,
                    55.56243
                ],
                [
                    12.96358,
                    55.56243
                ],
                [
                    12.96337,
                    55.56238
                ],
                [
                    12.96322,
                    55.56229
                ],
                [
                    12.96316,
                    55.56219
                ],
                [
                    12.96316,
                    55.56212
                ],
                [
                    12.96319,
                    55.56202
                ],
                [
                    12.96328,
                    55.56193
                ],
                [
                    12.96339,
                    55.56188
                ],
                [
                    12.96364,
                    55.56183
                ],
                [
                    12.96376,
                    55.56183
                ],
                [
                    12.96385,
                    55.56183
                ]
            ]
        }
    ]
}