{
    "city": 3,
    "initialStart": [
        13.02273,
        55.57553
    ],
    "trips": [
        {
            "summary": {
                "distance": 454.8,
                "duration": 83.5
            },
            "user": {
                "id": 1539,
                "token": "eyJhbGciOiJIUzI1NiIsInR5cCI6IkpXVCJ9.eyJpZCI6MTUzOSwicm9sZSI6InVzZXIiLCJpYXQiOjE3MDQzNjEwOTMsImV4cCI6MTczNTg5NzA5M30.RhLn8HORYXArbOvMDqE0daOExYoMJXU_K6cAZDEoc68"
            },
            "coords": [
                [
                    13.02273,
                    55.57553
                ],
                [
                    13.02233,
                    55.57539
                ],
                [
                    13.02229,
                    55.57541
                ],
                [
                    13.02236,
                    55.57547
                ],
                [
                    13.023,
                    55.57607
                ],
                [
                    13.02326,
                    55.57634
                ],
                [
                    13.02327,
                    55.57635
                ],
                [
                    13.02363,
                    55.5769
                ],
                [
                    13.02366,
                    55.57694
                ],
                [
                    13.02359,
                    55.57713
                ],
                [
                    13.02359,
                    55.57719
                ],
                [
                    13.02363,
                    55.57726
                ],
                [
                    13.02371,
                    55.57734
                ],
                [
                    13.02372,
                    55.57747
                ],
                [
                    13.02375,
                    55.57751
                ],
                [
                    13.02395,
                    55.57743
                ],
                [
                    13.02409,
                    55.57737
                ],
                [
                    13.02422,
                    55.57738
                ],
                [
                    13.02426,
                    55.57743
                ],
                [
                    13.02587,
                    55.5768
                ],
                [
                    13.02588,
                    55.57679
                ]
            ]
        }
    ]
}