{
    "city": 1,
    "initialStart": [
        18.07336,
        59.34098
    ],
    "trips": [
        {
            "summary": {
                "distance": 475.7,
                "duration": 84.3
            },
            "user": {
                "id": 154,
                "token": "eyJhbGciOiJIUzI1NiIsInR5cCI6IkpXVCJ9.eyJpZCI6MTU0LCJyb2xlIjoidXNlciIsImlhdCI6MTcwMjg5MTE0MiwiZXhwIjoxNzM0NDI3MTQyfQ.aLJ9LXrUujOZ_PLeDA9bifl5szcHGsVG_hKhx_4Q4Pw"
            },
            "coords": [
                [
                    18.07336,
                    59.34098
                ],
                [
                    18.07409,
                    59.34083
                ],
                [
                    18.07421,
                    59.3408
                ],
                [
                    18.07435,
                    59.34077
                ],
                [
                    18.07608,
                    59.34041
                ],
                [
                    18.07621,
                    59.34039
                ],
                [
                    18.07629,
                    59.34037
                ],
                [
                    18.07648,
                    59.3406
                ],
                [
                    18.07655,
                    59.34067
                ],
                [
                    18.07693,
                    59.34116
                ],
                [
                    18.07752,
                    59.34192
                ],
                [
                    18.07765,
                    59.34189
                ],
                [
                    18.07779,
                    59.34185
                ],
                [
                    18.07894,
                    59.34162
                ],
                [
                    18.07889,
                    59.34156
                ],
                [
                    18.07864,
                    59.34161
                ]
            ]
        }
    ]
}