{
    "city": 3,
    "initialStart": [
        13.09417,
        55.60544
    ],
    "trips": [
        {
            "summary": {
                "distance": 862.3,
                "duration": 222
            },
            "user": {
                "id": 1544,
                "token": "eyJhbGciOiJIUzI1NiIsInR5cCI6IkpXVCJ9.eyJpZCI6MTU0NCwicm9sZSI6InVzZXIiLCJpYXQiOjE3MDQzNjEwOTQsImV4cCI6MTczNTg5NzA5NH0.ePzagQ3LMElbr8tDx6H54LMNGZdPodNEu2rme_XaWkU"
            },
            "coords": [
                [
                    13.09417,
                    55.60544
                ],
                [
                    13.09408,
                    55.6056
                ],
                [
                    13.09399,
                    55.60563
                ],
                [
                    13.09385,
                    55.60562
                ],
                [
                    13.09322,
                    55.60556
                ],
                [
                    13.0935,
                    55.60596
                ],
                [
                    13.09351,
                    55.60606
                ],
                [
                    13.09338,
                    55.60655
                ],
                [
                    13.09337,
                    55.60668
                ],
                [
                    13.09381,
                    55.60671
                ],
                [
                    13.09412,
                    55.60679
                ],
                [
                    13.0942,
                    55.60683
                ],
                [
                    13.09431,
                    55.6068
                ],
                [
                    13.0944,
                    55.60681
                ],
                [
                    13.09447,
                    55.60688
                ],
                [
                    13.09445,
                    55.60694
                ],
                [
                    13.09454,
                    55.60697
                ],
                [
                    13.09485,
                    55.60704
                ],
                [
                    13.09521,
                    55.60708
                ],
                [
                    13.09564,
                    55.60707
                ],
                [
                    13.09677,
                    55.60698
                ],
                [
                    13.09821,
                    55.60689
                ],
                [
                    13.0986,
                    55.60691
                ],
                [
                    13.09872,
                    55.60725
                ],
                [
                    13.09881,
                    55.60754
                ],
                [
                    13.09879,
                    55.6076
                ],
                [
                    13.09879,
                    55.60763
                ],
                [
                    13.0987,
                    55.60762
                ],
                [
                    13.09859,
                    55.60806
                ],
                [
                    13.0983,
                    55.60808
                ],
                [
                    13.09759,
                    55.60814
                ],
                [
                    13.09764,
                    55.60799
                ],
                [
                    13.09765,
                    55.60795
                ],
                [
                    13.09766,
                    55.60791
                ],
                [
                    13.09768,
                    55.60787
                ],
                [
                    13.09769,
                    55.60783
                ],
                [
                    13.0977,
                    55.60779
                ],
                [
                    13.09772,
                    55.60775
                ],
                [
                    13.09773,
                    55.60771
                ],
                [
                    13.09774,
                    55.60767
                ],
                [
                    13.09776,
                    55.60763
                ],
                [
                    13.09777,
                    55.60759
                ],
                [
                    13.09778,
                    55.60755
                ],
                [
                    13.0978,
                    55.60751
                ],
                [
                    13.09781,
                    55.60747
                ],
                [
                    13.09782,
                    55.60743
                ],
                [
                    13.09783,
                    55.60739
                ],
                [
                    13.09785,
                    55.60735
                ],
                [
                    13.09786,
                    55.60731
                ],
                [
                    13.09787,
                    55.60727
                ],
                [
                    13.09789,
                    55.60723
                ],
                [
                    13.0979,
                    55.60719
                ],
                [
                    13.09785,
                    55.60719
                ]
            ]
        }
    ]
}