{
    "city": 3,
    "initialStart": [
        13.07235,
        55.58767
    ],
    "trips": [
        {
            "summary": {
                "distance": 373,
                "duration": 89.4
            },
            "user": {
                "id": 1546,
                "token": "eyJhbGciOiJIUzI1NiIsInR5cCI6IkpXVCJ9.eyJpZCI6MTU0Niwicm9sZSI6InVzZXIiLCJpYXQiOjE3MDQzNjEwOTQsImV4cCI6MTczNTg5NzA5NH0.1LJL9K8V56C6yHvvRC5QswjPnyv-7ImhRYdM5FnxdxI"
            },
            "coords": [
                [
                    13.07235,
                    55.58767
                ],
                [
                    13.07219,
                    55.58767
                ],
                [
                    13.07207,
                    55.58772
                ],
                [
                    13.07166,
                    55.58781
                ],
                [
                    13.07185,
                    55.58816
                ],
                [
                    13.07157,
                    55.5882
                ],
                [
                    13.07,
                    55.58841
                ],
                [
                    13.06988,
                    55.58843
                ],
                [
                    13.06977,
                    55.58844
                ],
                [
                    13.06957,
                    55.58804
                ],
                [
                    13.06948,
                    55.58806
                ],
                [
                    13.06941,
                    55.58793
                ],
                [
                    13.06928,
                    55.58769
                ],
                [
                    13.06842,
                    55.58783
                ]
            ]
        }
    ]
}