{
    "city": 3,
    "initialStart": [
        13.00837,
        55.57262
    ],
    "trips": [
        {
            "summary": {
                "distance": 586.8,
                "duration": 96
            },
            "user": {
                "id": 1555,
                "token": "eyJhbGciOiJIUzI1NiIsInR5cCI6IkpXVCJ9.eyJpZCI6MTU1NSwicm9sZSI6InVzZXIiLCJpYXQiOjE3MDQzNjExNTYsImV4cCI6MTczNTg5NzE1Nn0.ZTdoWlEqdZNEyGWnIADRqq3u6CzaueOf20ieML2dJHI"
            },
            "coords": [
                [
                    13.00837,
                    55.57262
                ],
                [
                    13.00805,
                    55.57269
                ],
                [
                    13.00782,
                    55.57235
                ],
                [
                    13.00765,
                    55.57212
                ],
                [
                    13.00754,
                    55.57195
                ],
                [
                    13.00684,
                    55.57094
                ],
                [
                    13.00629,
                    55.57115
                ],
                [
                    13.00615,
                    55.57118
                ],
                [
                    13.00597,
                    55.5712
                ],
                [
                    13.00569,
                    55.57123
                ],
                [
                    13.0054,
                    55.57124
                ],
                [
                    13.00524,
                    55.57126
                ],
                [
                    13.00379,
                    55.57139
                ],
                [
                    13.00399,
                    55.57222
                ],
                [
                    13.00412,
                    55.57276
                ]
            ]
        }
    ]
}