{
    "city": 3,
    "initialStart": [
        13.02193,
        55.58464
    ],
    "trips": [
        {
            "summary": {
                "distance": 548.8,
                "duration": 105.6
            },
            "user": {
                "id": 1556,
                "token": "eyJhbGciOiJIUzI1NiIsInR5cCI6IkpXVCJ9.eyJpZCI6MTU1Niwicm9sZSI6InVzZXIiLCJpYXQiOjE3MDQzNjExNTYsImV4cCI6MTczNTg5NzE1Nn0.w2fLoMnkj96bkX5f4G43CeDWobEotTDRVCRibxrVOYs"
            },
            "coords": [
                [
                    13.02193,
                    55.58464
                ],
                [
                    13.02155,
                    55.58467
                ],
                [
                    13.02128,
                    55.58471
                ],
                [
                    13.0203,
                    55.58485
                ],
                [
                    13.01975,
                    55.5849
                ],
                [
                    13.01895,
                    55.58518
                ],
                [
                    13.01895,
                    55.58508
                ],
                [
                    13.01878,
                    55.58509
                ],
                [
                    13.0189,
                    55.5844
                ],
                [
                    13.01892,
                    55.58423
                ],
                [
                    13.01863,
                    55.58433
                ],
                [
                    13.01833,
                    55.58441
                ],
                [
                    13.01686,
                    55.58496
                ],
                [
                    13.01691,
                    55.58499
                ],
                [
                    13.01726,
                    55.58529
                ],
                [
                    13.01736,
                    55.58529
                ],
                [
                    13.01776,
                    55.58515
                ]
            ]
        }
    ]
}