{
    "city": 1,
    "initialStart": [
        18.03942,
        59.31552
    ],
    "trips": [
        {
            "summary": {
                "distance": 611.3,
                "duration": 100
            },
            "user": {
                "id": 156,
                "token": "eyJhbGciOiJIUzI1NiIsInR5cCI6IkpXVCJ9.eyJpZCI6MTU2LCJyb2xlIjoidXNlciIsImlhdCI6MTcwMjg5MTE0MywiZXhwIjoxNzM0NDI3MTQzfQ.EmddGuFZjM1xZJyvjpZcus0hY3gpPCdxGZa61ZLaqKo"
            },
            "coords": [
                [
                    18.03942,
                    59.31552
                ],
                [
                    18.03927,
                    59.3155
                ],
                [
                    18.03764,
                    59.31529
                ],
                [
                    18.03743,
                    59.31527
                ],
                [
                    18.0373,
                    59.31525
                ],
                [
                    18.03714,
                    59.31556
                ],
                [
                    18.03734,
                    59.31559
                ],
                [
                    18.03899,
                    59.3158
                ],
                [
                    18.04064,
                    59.31601
                ],
                [
                    18.04071,
                    59.31602
                ],
                [
                    18.04084,
                    59.31604
                ],
                [
                    18.0408,
                    59.31611
                ],
                [
                    18.04077,
                    59.31617
                ],
                [
                    18.04075,
                    59.31621
                ],
                [
                    18.04073,
                    59.31626
                ],
                [
                    18.0405,
                    59.31678
                ],
                [
                    18.0401,
                    59.31762
                ],
                [
                    18.04001,
                    59.31779
                ],
                [
                    18.03999,
                    59.31782
                ],
                [
                    18.03987,
                    59.31809
                ]
            ]
        }
    ]
}