{
    "city": 3,
    "initialStart": [
        13.01787,
        55.61094
    ],
    "trips": [
        {
            "summary": {
                "distance": 377.8,
                "duration": 61.8
            },
            "user": {
                "id": 1560,
                "token": "eyJhbGciOiJIUzI1NiIsInR5cCI6IkpXVCJ9.eyJpZCI6MTU2MCwicm9sZSI6InVzZXIiLCJpYXQiOjE3MDQzNjExNTcsImV4cCI6MTczNTg5NzE1N30.XozLIFIg165Q9Yu6bDWzJK7rPiereEWtWNSOROgTIXQ"
            },
            "coords": [
                [
                    13.01787,
                    55.61094
                ],
                [
                    13.01738,
                    55.60957
                ],
                [
                    13.01736,
                    55.60954
                ],
                [
                    13.0173,
                    55.60949
                ],
                [
                    13.01736,
                    55.60944
                ],
                [
                    13.01744,
                    55.6094
                ],
                [
                    13.01749,
                    55.60935
                ],
                [
                    13.01755,
                    55.60928
                ],
                [
                    13.01751,
                    55.6092
                ],
                [
                    13.01749,
                    55.60916
                ],
                [
                    13.01704,
                    55.60921
                ],
                [
                    13.01646,
                    55.60922
                ],
                [
                    13.01499,
                    55.6092
                ],
                [
                    13.0148,
                    55.60919
                ]
            ]
        }
    ]
}