{
    "city": 3,
    "initialStart": [
        12.99298,
        55.56474
    ],
    "trips": [
        {
            "summary": {
                "distance": 447.3,
                "duration": 104.1
            },
            "user": {
                "id": 1569,
                "token": "eyJhbGciOiJIUzI1NiIsInR5cCI6IkpXVCJ9.eyJpZCI6MTU2OSwicm9sZSI6InVzZXIiLCJpYXQiOjE3MDQzNjExNjIsImV4cCI6MTczNTg5NzE2Mn0.FfcrqqYyrgZ3OFQhw0TJuCOQtGRQpxk3C7KQW6erqUc"
            },
            "coords": [
                [
                    12.99298,
                    55.56474
                ],
                [
                    12.99333,
                    55.56468
                ],
                [
                    12.99327,
                    55.56456
                ],
                [
                    12.9931,
                    55.56423
                ],
                [
                    12.99294,
                    55.56395
                ],
                [
                    12.99299,
                    55.5639
                ],
                [
                    12.99107,
                    55.5642
                ],
                [
                    12.99053,
                    55.56424
                ],
                [
                    12.99053,
                    55.56423
                ],
                [
                    12.99041,
                    55.56389
                ],
                [
                    12.99038,
                    55.5639
                ],
                [
                    12.98992,
                    55.56403
                ],
                [
                    12.98941,
                    55.56419
                ],
                [
                    12.98853,
                    55.56445
                ]
            ]
        }
    ]
}