{
    "city": 3,
    "initialStart": [
        13.08012,
        55.60564
    ],
    "trips": [
        {
            "summary": {
                "distance": 439.8,
                "duration": 97.3
            },
            "user": {
                "id": 1571,
                "token": "eyJhbGciOiJIUzI1NiIsInR5cCI6IkpXVCJ9.eyJpZCI6MTU3MSwicm9sZSI6InVzZXIiLCJpYXQiOjE3MDQzNjExNjIsImV4cCI6MTczNTg5NzE2Mn0.p0L8bnsTJF3YJoYnKnsOn0KfmIjOfadQVRzTrh9DUeo"
            },
            "coords": [
                [
                    13.08012,
                    55.60564
                ],
                [
                    13.0785,
                    55.60506
                ],
                [
                    13.07826,
                    55.60489
                ],
                [
                    13.07804,
                    55.60478
                ],
                [
                    13.07732,
                    55.60446
                ],
                [
                    13.07714,
                    55.60439
                ],
                [
                    13.07665,
                    55.60466
                ],
                [
                    13.07623,
                    55.60497
                ],
                [
                    13.07605,
                    55.60511
                ],
                [
                    13.07595,
                    55.60518
                ],
                [
                    13.07561,
                    55.60532
                ],
                [
                    13.07554,
                    55.60535
                ],
                [
                    13.07563,
                    55.60546
                ],
                [
                    13.07578,
                    55.60548
                ],
                [
                    13.07576,
                    55.60552
                ],
                [
                    13.07565,
                    55.60555
                ],
                [
                    13.07546,
                    55.60572
                ]
            ]
        }
    ]
}