{
    "city": 3,
    "initialStart": [
        13.02634,
        55.60873
    ],
    "trips": [
        {
            "summary": {
                "distance": 1576.3,
                "duration": 261.4
            },
            "user": {
                "id": 1591,
                "token": "eyJhbGciOiJIUzI1NiIsInR5cCI6IkpXVCJ9.eyJpZCI6MTU5MSwicm9sZSI6InVzZXIiLCJpYXQiOjE3MDQzNjExNjYsImV4cCI6MTczNTg5NzE2Nn0.yid6O9CwzekFSRnhd20gT-oYl0HZHzOblKKrRJyINQw"
            },
            "coords": [
                [
                    13.02634,
                    55.60873
                ],
                [
                    13.02633,
                    55.60859
                ],
                [
                    13.02615,
                    55.60842
                ],
                [
                    13.02568,
                    55.60837
                ],
                [
                    13.02466,
                    55.60842
                ],
                [
                    13.02371,
                    55.60847
                ],
                [
                    13.02327,
                    55.6085
                ],
                [
                    13.02292,
                    55.60851
                ],
                [
                    13.0225,
                    55.60849
                ],
                [
                    13.02216,
                    55.60842
                ],
                [
                    13.02174,
                    55.60828
                ],
                [
                    13.02167,
                    55.60819
                ],
                [
                    13.02167,
                    55.60811
                ],
                [
                    13.02194,
                    55.60798
                ],
                [
                    13.02221,
                    55.60792
                ],
                [
                    13.0225,
                    55.60786
                ],
                [
                    13.02245,
                    55.6078
                ],
                [
                    13.02359,
                    55.60754
                ],
                [
                    13.02368,
                    55.60752
                ],
                [
                    13.02418,
                    55.60741
                ],
                [
                    13.02478,
                    55.60728
                ],
                [
                    13.0261,
                    55.60698
                ],
                [
                    13.02624,
                    55.60688
                ],
                [
                    13.02629,
                    55.60688
                ],
                [
                    13.02635,
                    55.60689
                ],
                [
                    13.02645,
                    55.60692
                ],
                [
                    13.02648,
                    55.60698
                ],
                [
                    13.02648,
                    55.60702
                ],
                [
                    13.02664,
                    55.60704
                ],
                [
                    13.02675,
                    55.60709
                ],
                [
                    13.027,
                    55.60721
                ],
                [
                    13.02713,
                    55.60729
                ],
                [
                    13.02719,
                    55.60735
                ],
                [
                    13.02735,
                    55.60732
                ],
                [
                    13.02741,
                    55.60729
                ],
                [
                    13.02756,
                    55.6072
                ],
                [
                    13.02765,
                    55.60714
                ],
                [
                    13.02784,
                    55.60722
                ],
                [
                    13.02799,
                    55.60729
                ],
                [
                    13.02814,
                    55.60737
                ],
                [
                    13.02903,
                    55.60781
                ],
                [
                    13.02942,
                    55.60801
                ],
                [
                    13.0303,
                    55.60842
                ],
                [
                    13.03047,
                    55.6085
                ],
                [
                    13.03084,
                    55.60867
                ],
                [
                    13.03105,
                    55.60877
                ],
                [
                    13.03253,
                    55.60948
                ],
                [
                    13.03263,
                    55.60953
                ],
                [
                    13.03309,
                    55.60974
                ],
                [
                    13.03322,
                    55.60977
                ],
                [
                    13.03332,
                    55.60982
                ],
                [
                    13.03323,
                    55.60988
                ],
                [
                    13.03317,
                    55.60999
                ],
                [
                    13.03308,
                    55.61004
                ],
                [
                    13.03188,
                    55.61086
                ],
                [
                    13.03102,
                    55.61049
                ],
                [
                    13.03099,
                    55.61047
                ],
                [
                    13.03099,
                    55.61041
                ],
                [
                    13.03119,
                    55.61028
                ],
                [
                    13.03082,
                    55.61012
                ],
                [
                    13.03077,
                    55.61008
                ],
                [
                    13.03077,
                    55.61004
                ],
                [
                    13.03083,
                    55.60971
                ]
            ]
        }
    ]
}