{
    "city": 3,
    "initialStart": [
        12.95686,
        55.59043
    ],
    "trips": [
        {
            "summary": {
                "distance": 615.9,
                "duration": 100.8
            },
            "user": {
                "id": 1592,
                "token": "eyJhbGciOiJIUzI1NiIsInR5cCI6IkpXVCJ9.eyJpZCI6MTU5Miwicm9sZSI6InVzZXIiLCJpYXQiOjE3MDQzNjExNjYsImV4cCI6MTczNTg5NzE2Nn0.jYHNsxnEk8trTCi-JFmidaFJsYXzZxEMkDMBF_dV3lw"
            },
            "coords": [
                [
                    12.95686,
                    55.59043
                ],
                [
                    12.95728,
                    55.59097
                ],
                [
                    12.95793,
                    55.5917
                ],
                [
                    12.95858,
                    55.59249
                ],
                [
                    12.96004,
                    55.59212
                ],
                [
                    12.96145,
                    55.59176
                ],
                [
                    12.96247,
                    55.5915
                ],
                [
                    12.96202,
                    55.59117
                ],
                [
                    12.96151,
                    55.59084
                ]
            ]
        }
    ]
}