{
    "city": 1,
    "initialStart": [
        18.06039,
        59.31163
    ],
    "trips": [
        {
            "summary": {
                "distance": 480.6,
                "duration": 89.8
            },
            "user": {
                "id": 1594,
                "token": "eyJhbGciOiJIUzI1NiIsInR5cCI6IkpXVCJ9.eyJpZCI6MTU5NCwicm9sZSI6InVzZXIiLCJpYXQiOjE3MDQzNjEyNTQsImV4cCI6MTczNTg5NzI1NH0.3fw1bjUoW5X_QELU1Yc69N9RaTjFhncF6ik1i73mhPo"
            },
            "coords": [
                [
                    18.06039,
                    59.31163
                ],
                [
                    18.06032,
                    59.3118
                ],
                [
                    18.06177,
                    59.31199
                ],
                [
                    18.06197,
                    59.31201
                ],
                [
                    18.06292,
                    59.31213
                ],
                [
                    18.06304,
                    59.31215
                ],
                [
                    18.06435,
                    59.31231
                ],
                [
                    18.06415,
                    59.3127
                ],
                [
                    18.06412,
                    59.31277
                ],
                [
                    18.06408,
                    59.31286
                ],
                [
                    18.06401,
                    59.313
                ],
                [
                    18.06372,
                    59.31296
                ],
                [
                    18.0628,
                    59.31284
                ],
                [
                    18.06272,
                    59.31283
                ],
                [
                    18.0627,
                    59.31288
                ],
                [
                    18.06315,
                    59.31296
                ],
                [
                    18.06323,
                    59.31299
                ],
                [
                    18.06328,
                    59.31305
                ],
                [
                    18.06312,
                    59.31307
                ],
                [
                    18.06314,
                    59.31315
                ],
                [
                    18.06309,
                    59.31321
                ]
            ]
        }
    ]
}