{
    "city": 1,
    "initialStart": [
        18.07361,
        59.33254
    ],
    "trips": [
        {
            "summary": {
                "distance": 495.7,
                "duration": 114.8
            },
            "user": {
                "id": 1596,
                "token": "eyJhbGciOiJIUzI1NiIsInR5cCI6IkpXVCJ9.eyJpZCI6MTU5Niwicm9sZSI6InVzZXIiLCJpYXQiOjE3MDQzNjEyNTUsImV4cCI6MTczNTg5NzI1NX0.yewe0w8dg69S7uz5TD5BWqR9GU9psL71vX5bbvn2Uoc"
            },
            "coords": [
                [
                    18.07361,
                    59.33254
                ],
                [
                    18.07355,
                    59.3329
                ],
                [
                    18.07344,
                    59.3329
                ],
                [
                    18.07343,
                    59.33294
                ],
                [
                    18.07343,
                    59.33301
                ],
                [
                    18.07249,
                    59.33298
                ],
                [
                    18.07179,
                    59.3329
                ],
                [
                    18.07151,
                    59.33287
                ],
                [
                    18.07129,
                    59.33286
                ],
                [
                    18.06993,
                    59.33279
                ],
                [
                    18.06993,
                    59.33277
                ],
                [
                    18.06994,
                    59.33274
                ],
                [
                    18.06995,
                    59.33269
                ],
                [
                    18.06996,
                    59.33266
                ],
                [
                    18.06996,
                    59.33264
                ],
                [
                    18.06996,
                    59.33263
                ],
                [
                    18.06996,
                    59.33261
                ],
                [
                    18.06954,
                    59.33258
                ],
                [
                    18.06967,
                    59.33201
                ],
                [
                    18.06987,
                    59.33141
                ],
                [
                    18.06994,
                    59.33119
                ],
                [
                    18.06999,
                    59.33119
                ],
                [
                    18.06996,
                    59.33131
                ],
                [
                    18.07028,
                    59.33135
                ]
            ]
        }
    ]
}