{
    "city": 1,
    "initialStart": [
        18.05116,
        59.33007
    ],
    "trips": [
        {
            "summary": {
                "distance": 371.4,
                "duration": 68.4
            },
            "user": {
                "id": 1597,
                "token": "eyJhbGciOiJIUzI1NiIsInR5cCI6IkpXVCJ9.eyJpZCI6MTU5Nywicm9sZSI6InVzZXIiLCJpYXQiOjE3MDQzNjEyNTUsImV4cCI6MTczNTg5NzI1NX0.EGRkPuKF94i722l22xjyNoRvLHqFdRYcN6Fl79euWcc"
            },
            "coords": [
                [
                    18.05116,
                    59.33007
                ],
                [
                    18.05156,
                    59.33019
                ],
                [
                    18.05121,
                    59.33049
                ],
                [
                    18.05086,
                    59.33079
                ],
                [
                    18.05064,
                    59.33099
                ],
                [
                    18.05059,
                    59.33103
                ],
                [
                    18.0503,
                    59.33128
                ],
                [
                    18.05026,
                    59.33131
                ],
                [
                    18.05018,
                    59.3314
                ],
                [
                    18.04991,
                    59.33168
                ],
                [
                    18.04993,
                    59.33175
                ],
                [
                    18.04993,
                    59.33178
                ],
                [
                    18.04993,
                    59.33185
                ],
                [
                    18.04998,
                    59.33187
                ],
                [
                    18.05122,
                    59.33229
                ],
                [
                    18.05127,
                    59.33224
                ],
                [
                    18.0516,
                    59.3319
                ]
            ]
        }
    ]
}