{
    "city": 1,
    "initialStart": [
        18.07191,
        59.3313
    ],
    "trips": [
        {
            "summary": {
                "distance": 303.2,
                "duration": 86.2
            },
            "user": {
                "id": 160,
                "token": "eyJhbGciOiJIUzI1NiIsInR5cCI6IkpXVCJ9.eyJpZCI6MTYwLCJyb2xlIjoidXNlciIsImlhdCI6MTcwMjg5MTE0NCwiZXhwIjoxNzM0NDI3MTQ0fQ.gwRzp3Yfec0eTnuzjXgPWklPwM_yClX3Gt8FEMDDF7c"
            },
            "coords": [
                [
                    18.07191,
                    59.3313
                ],
                [
                    18.07195,
                    59.33129
                ],
                [
                    18.0722,
                    59.33133
                ],
                [
                    18.07229,
                    59.33134
                ],
                [
                    18.07233,
                    59.33141
                ],
                [
                    18.07244,
                    59.33142
                ],
                [
                    18.07248,
                    59.33136
                ],
                [
                    18.07289,
                    59.33061
                ],
                [
                    18.07291,
                    59.33056
                ],
                [
                    18.07299,
                    59.33058
                ],
                [
                    18.07302,
                    59.33059
                ],
                [
                    18.07346,
                    59.33069
                ],
                [
                    18.07434,
                    59.33094
                ],
                [
                    18.07448,
                    59.331
                ],
                [
                    18.07455,
                    59.33107
                ],
                [
                    18.07456,
                    59.33107
                ],
                [
                    18.0746,
                    59.33105
                ],
                [
                    18.0746,
                    59.33105
                ],
                [
                    18.07533,
                    59.33076
                ]
            ]
        }
    ]
}