{
    "city": 1,
    "initialStart": [
        18.0921,
        59.34025
    ],
    "trips": [
        {
            "summary": {
                "distance": 557.6,
                "duration": 160.8
            },
            "user": {
                "id": 1601,
                "token": "eyJhbGciOiJIUzI1NiIsInR5cCI6IkpXVCJ9.eyJpZCI6MTYwMSwicm9sZSI6InVzZXIiLCJpYXQiOjE3MDQzNjEyNTYsImV4cCI6MTczNTg5NzI1Nn0.146s94rdHogcGUN2luF7Vzl_PcUpN5xKdJSjTPM3iwM"
            },
            "coords": [
                [
                    18.0921,
                    59.34025
                ],
                [
                    18.09241,
                    59.34032
                ],
                [
                    18.09219,
                    59.34038
                ],
                [
                    18.09063,
                    59.34076
                ],
                [
                    18.09052,
                    59.3408
                ],
                [
                    18.09067,
                    59.34096
                ],
                [
                    18.09056,
                    59.34099
                ],
                [
                    18.09052,
                    59.341
                ],
                [
                    18.09057,
                    59.34106
                ],
                [
                    18.0906,
                    59.34109
                ],
                [
                    18.09123,
                    59.34189
                ],
                [
                    18.0913,
                    59.34199
                ],
                [
                    18.09138,
                    59.34209
                ],
                [
                    18.09202,
                    59.34298
                ],
                [
                    18.09206,
                    59.34297
                ],
                [
                    18.09216,
                    59.34296
                ],
                [
                    18.09282,
                    59.34282
                ],
                [
                    18.09389,
                    59.34257
                ],
                [
                    18.094,
                    59.34254
                ],
                [
                    18.0938,
                    59.34229
                ]
            ]
        }
    ]
}