{
    "city": 1,
    "initialStart": [
        18.00166,
        59.33175
    ],
    "trips": [
        {
            "summary": {
                "distance": 557.6,
                "duration": 94.4
            },
            "user": {
                "id": 1602,
                "token": "eyJhbGciOiJIUzI1NiIsInR5cCI6IkpXVCJ9.eyJpZCI6MTYwMiwicm9sZSI6InVzZXIiLCJpYXQiOjE3MDQzNjEyNTcsImV4cCI6MTczNTg5NzI1N30.yZ5aqKxAiQ6YQuIE6J-sSiIGQ9vAiuqInaMmfl94wLA"
            },
            "coords": [
                [
                    18.00166,
                    59.33175
                ],
                [
                    18.00172,
                    59.33179
                ],
                [
                    18.00175,
                    59.33182
                ],
                [
                    18.00176,
                    59.33187
                ],
                [
                    18.00219,
                    59.33186
                ],
                [
                    18.00231,
                    59.33178
                ],
                [
                    18.00331,
                    59.33147
                ],
                [
                    18.00355,
                    59.33139
                ],
                [
                    18.00278,
                    59.33028
                ],
                [
                    18.00236,
                    59.32968
                ],
                [
                    18.00166,
                    59.32981
                ],
                [
                    18.00149,
                    59.32955
                ],
                [
                    18.00124,
                    59.32918
                ],
                [
                    18.00113,
                    59.32911
                ],
                [
                    18.00099,
                    59.32908
                ],
                [
                    18.00085,
                    59.32908
                ],
                [
                    18.00073,
                    59.32911
                ],
                [
                    18.00008,
                    59.32929
                ],
                [
                    17.99963,
                    59.32943
                ]
            ]
        }
    ]
}