{
    "city": 1,
    "initialStart": [
        18.0527,
        59.33888
    ],
    "trips": [
        {
            "summary": {
                "distance": 305.1,
                "duration": 54.6
            },
            "user": {
                "id": 1603,
                "token": "eyJhbGciOiJIUzI1NiIsInR5cCI6IkpXVCJ9.eyJpZCI6MTYwMywicm9sZSI6InVzZXIiLCJpYXQiOjE3MDQzNjEyNTcsImV4cCI6MTczNTg5NzI1N30.rpLM_GzPycT3_i7nsLzvSCB0EXCUC4GZyjyWJeSBU30"
            },
            "coords": [
                [
                    18.0527,
                    59.33888
                ],
                [
                    18.05253,
                    59.33883
                ],
                [
                    18.05257,
                    59.33879
                ],
                [
                    18.05243,
                    59.33876
                ],
                [
                    18.05233,
                    59.33884
                ],
                [
                    18.05145,
                    59.33974
                ],
                [
                    18.05137,
                    59.3398
                ],
                [
                    18.05123,
                    59.33977
                ],
                [
                    18.05006,
                    59.33947
                ],
                [
                    18.0499,
                    59.33943
                ],
                [
                    18.04983,
                    59.33951
                ],
                [
                    18.04946,
                    59.33988
                ]
            ]
        }
    ]
}