{
    "city": 1,
    "initialStart": [
        18.01996,
        59.33762
    ],
    "trips": [
        {
            "summary": {
                "distance": 1373.4,
                "duration": 230.1
            },
            "user": {
                "id": 1604,
                "token": "eyJhbGciOiJIUzI1NiIsInR5cCI6IkpXVCJ9.eyJpZCI6MTYwNCwicm9sZSI6InVzZXIiLCJpYXQiOjE3MDQzNjEyNTcsImV4cCI6MTczNTg5NzI1N30.LFf_713COFE1Q-Cz4tqKnL__6cf1tNU8EWc7gulSOIc"
            },
            "coords": [
                [
                    18.01996,
                    59.33762
                ],
                [
                    18.01994,
                    59.33759
                ],
                [
                    18.01993,
                    59.3375
                ],
                [
                    18.0199,
                    59.33746
                ],
                [
                    18.0199,
                    59.33724
                ],
                [
                    18.02005,
                    59.33715
                ],
                [
                    18.02028,
                    59.33702
                ],
                [
                    18.02056,
                    59.3369
                ],
                [
                    18.02096,
                    59.33672
                ],
                [
                    18.02123,
                    59.3366
                ],
                [
                    18.02127,
                    59.33658
                ],
                [
                    18.02165,
                    59.3364
                ],
                [
                    18.02214,
                    59.33618
                ],
                [
                    18.02226,
                    59.33612
                ],
                [
                    18.02263,
                    59.33596
                ],
                [
                    18.02326,
                    59.33579
                ],
                [
                    18.02342,
                    59.33574
                ],
                [
                    18.0236,
                    59.33565
                ],
                [
                    18.02369,
                    59.33553
                ],
                [
                    18.02371,
                    59.33545
                ],
                [
                    18.02355,
                    59.33512
                ],
                [
                    18.02346,
                    59.33493
                ],
                [
                    18.0234,
                    59.3348
                ],
                [
                    18.02328,
                    59.33455
                ],
                [
                    18.02326,
                    59.33447
                ],
                [
                    18.024,
                    59.33436
                ],
                [
                    18.02473,
                    59.33425
                ],
                [
                    18.02493,
                    59.33422
                ],
                [
                    18.02499,
                    59.33432
                ],
                [
                    18.02502,
                    59.33437
                ],
                [
                    18.02522,
                    59.33471
                ],
                [
                    18.02525,
                    59.33476
                ],
                [
                    18.02553,
                    59.33524
                ],
                [
                    18.02556,
                    59.33529
                ],
                [
                    18.02565,
                    59.33533
                ],
                [
                    18.02577,
                    59.33534
                ],
                [
                    18.02612,
                    59.3353
                ],
                [
                    18.02624,
                    59.33552
                ],
                [
                    18.02597,
                    59.33578
                ],
                [
                    18.02558,
                    59.33612
                ],
                [
                    18.02516,
                    59.33649
                ],
                [
                    18.02395,
                    59.33749
                ],
                [
                    18.02325,
                    59.33805
                ],
                [
                    18.02269,
                    59.33829
                ],
                [
                    18.02194,
                    59.33856
                ],
                [
                    18.02115,
                    59.33862
                ],
                [
                    18.02103,
                    59.33864
                ],
                [
                    18.02085,
                    59.33874
                ],
                [
                    18.02103,
                    59.33878
                ],
                [
                    18.02138,
                    59.33883
                ],
                [
                    18.02205,
                    59.33888
                ],
                [
                    18.02239,
                    59.33887
                ],
                [
                    18.02306,
                    59.33882
                ],
                [
                    18.02337,
                    59.33877
                ]
            ]
        }
    ]
}