{
    "city": 1,
    "initialStart": [
        18.05605,
        59.34819
    ],
    "trips": [
        {
            "summary": {
                "distance": 316.3,
                "duration": 132.2
            },
            "user": {
                "id": 1610,
                "token": "eyJhbGciOiJIUzI1NiIsInR5cCI6IkpXVCJ9.eyJpZCI6MTYxMCwicm9sZSI6InVzZXIiLCJpYXQiOjE3MDQzNjEyNjEsImV4cCI6MTczNTg5NzI2MX0.GojoWEr86-pzdD38f6gkDNiA_LqUxgDYsT5tzWzawlQ"
            },
            "coords": [
                [
                    18.05605,
                    59.34819
                ],
                [
                    18.05637,
                    59.34778
                ],
                [
                    18.0565,
                    59.34761
                ],
                [
                    18.05645,
                    59.34751
                ],
                [
                    18.05591,
                    59.34733
                ],
                [
                    18.05519,
                    59.34721
                ],
                [
                    18.05523,
                    59.34717
                ],
                [
                    18.0554,
                    59.34698
                ],
                [
                    18.05543,
                    59.34694
                ],
                [
                    18.05551,
                    59.34686
                ],
                [
                    18.05561,
                    59.34689
                ],
                [
                    18.05649,
                    59.34604
                ]
            ]
        }
    ]
}