{
    "city": 1,
    "initialStart": [
        18.05064,
        59.33277
    ],
    "trips": [
        {
            "summary": {
                "distance": 834.6,
                "duration": 168.7
            },
            "user": {
                "id": 1612,
                "token": "eyJhbGciOiJIUzI1NiIsInR5cCI6IkpXVCJ9.eyJpZCI6MTYxMiwicm9sZSI6InVzZXIiLCJpYXQiOjE3MDQzNjEyNjIsImV4cCI6MTczNTg5NzI2Mn0.OwZT5liHs4xVvsDihQxO893Ucmy2tYrFaponoZUKbvU"
            },
            "coords": [
                [
                    18.05064,
                    59.33277
                ],
                [
                    18.05057,
                    59.33276
                ],
                [
                    18.0505,
                    59.33272
                ],
                [
                    18.0505,
                    59.33264
                ],
                [
                    18.05062,
                    59.3326
                ],
                [
                    18.05094,
                    59.33263
                ],
                [
                    18.05098,
                    59.33255
                ],
                [
                    18.05103,
                    59.33256
                ],
                [
                    18.0511,
                    59.33258
                ],
                [
                    18.05118,
                    59.33251
                ],
                [
                    18.05131,
                    59.33247
                ],
                [
                    18.05141,
                    59.33246
                ],
                [
                    18.05174,
                    59.33248
                ],
                [
                    18.05245,
                    59.33267
                ],
                [
                    18.05258,
                    59.33271
                ],
                [
                    18.05372,
                    59.33299
                ],
                [
                    18.05396,
                    59.33305
                ],
                [
                    18.05512,
                    59.33335
                ],
                [
                    18.05635,
                    59.33367
                ],
                [
                    18.05649,
                    59.33371
                ],
                [
                    18.05658,
                    59.33377
                ],
                [
                    18.05664,
                    59.33379
                ],
                [
                    18.05654,
                    59.3339
                ],
                [
                    18.0558,
                    59.33472
                ],
                [
                    18.05572,
                    59.33482
                ],
                [
                    18.05565,
                    59.33494
                ],
                [
                    18.0553,
                    59.33555
                ],
                [
                    18.05518,
                    59.33559
                ],
                [
                    18.05506,
                    59.33561
                ],
                [
                    18.05467,
                    59.33567
                ],
                [
                    18.05458,
                    59.33566
                ],
                [
                    18.05451,
                    59.33569
                ],
                [
                    18.05419,
                    59.33576
                ],
                [
                    18.05346,
                    59.33601
                ],
                [
                    18.05323,
                    59.33609
                ],
                [
                    18.05305,
                    59.33612
                ],
                [
                    18.05286,
                    59.33611
                ],
                [
                    18.05287,
                    59.33604
                ],
                [
                    18.05213,
                    59.33601
                ]
            ]
        }
    ]
}