{
    "city": 1,
    "initialStart": [
        18.0288,
        59.33783
    ],
    "trips": [
        {
            "summary": {
                "distance": 2378.2,
                "duration": 455.6
            },
            "user": {
                "id": 1616,
                "token": "eyJhbGciOiJIUzI1NiIsInR5cCI6IkpXVCJ9.eyJpZCI6MTYxNiwicm9sZSI6InVzZXIiLCJpYXQiOjE3MDQzNjEyNjcsImV4cCI6MTczNTg5NzI2N30.NiUTA0NO--dGkm484OfARVgthyJW33B9oSU6q0vCgRg"
            },
            "coords": [
                [
                    18.0288,
                    59.33783
                ],
                [
                    18.02882,
                    59.33782
                ],
                [
                    18.03247,
                    59.33721
                ],
                [
                    18.03246,
                    59.33719
                ],
                [
                    18.03243,
                    59.33714
                ],
                [
                    18.02953,
                    59.33761
                ],
                [
                    18.0285,
                    59.33778
                ],
                [
                    18.0276,
                    59.33795
                ],
                [
                    18.02717,
                    59.33804
                ],
                [
                    18.02519,
                    59.33843
                ],
                [
                    18.0239,
                    59.33868
                ],
                [
                    18.02306,
                    59.33882
                ],
                [
                    18.02239,
                    59.33887
                ],
                [
                    18.02205,
                    59.33888
                ],
                [
                    18.02138,
                    59.33883
                ],
                [
                    18.02103,
                    59.33878
                ],
                [
                    18.02085,
                    59.33874
                ],
                [
                    18.02051,
                    59.33872
                ],
                [
                    18.0202,
                    59.33867
                ],
                [
                    18.01998,
                    59.33866
                ],
                [
                    18.01959,
                    59.33865
                ],
                [
                    18.01898,
                    59.33869
                ],
                [
                    18.01875,
                    59.33871
                ],
                [
                    18.01837,
                    59.33877
                ],
                [
                    18.01806,
                    59.33887
                ],
                [
                    18.01734,
                    59.33901
                ],
                [
                    18.01635,
                    59.33911
                ],
                [
                    18.01612,
                    59.33915
                ],
                [
                    18.01589,
                    59.33924
                ],
                [
                    18.01574,
                    59.33933
                ],
                [
                    18.01534,
                    59.33963
                ],
                [
                    18.01459,
                    59.34002
                ],
                [
                    18.01424,
                    59.34014
                ],
                [
                    18.01389,
                    59.34022
                ],
                [
                    18.01322,
                    59.34033
                ],
                [
                    18.01311,
                    59.34035
                ],
                [
                    18.01304,
                    59.34038
                ],
                [
                    18.01302,
                    59.34044
                ],
                [
                    18.0132,
                    59.34093
                ],
                [
                    18.01323,
                    59.34097
                ],
                [
                    18.01348,
                    59.34098
                ],
                [
                    18.01463,
                    59.34071
                ],
                [
                    18.01516,
                    59.34058
                ],
                [
                    18.01581,
                    59.34033
                ],
                [
                    18.01615,
                    59.34023
                ],
                [
                    18.01674,
                    59.34016
                ],
                [
                    18.01724,
                    59.34016
                ],
                [
                    18.01766,
                    59.34021
                ],
                [
                    18.01847,
                    59.34031
                ],
                [
                    18.02015,
                    59.34036
                ],
                [
                    18.02038,
                    59.34037
                ],
                [
                    18.02211,
                    59.34049
                ],
                [
                    18.02383,
                    59.34061
                ],
                [
                    18.02398,
                    59.34062
                ],
                [
                    18.02524,
                    59.34072
                ],
                [
                    18.02542,
                    59.34064
                ],
                [
                    18.02536,
                    59.34033
                ],
                [
                    18.02545,
                    59.34023
                ],
                [
                    18.0256,
                    59.3402
                ],
                [
                    18.02636,
                    59.34012
                ],
                [
                    18.0266,
                    59.34008
                ],
                [
                    18.0269,
                    59.34019
                ],
                [
                    18.02664,
                    59.34037
                ]
            ]
        }
    ]
}