{
    "city": 1,
    "initialStart": [
        18.02255,
        59.31852
    ],
    "trips": [
        {
            "summary": {
                "distance": 1176.2,
                "duration": 208.7
            },
            "user": {
                "id": 1618,
                "token": "eyJhbGciOiJIUzI1NiIsInR5cCI6IkpXVCJ9.eyJpZCI6MTYxOCwicm9sZSI6InVzZXIiLCJpYXQiOjE3MDQzNjEyNjcsImV4cCI6MTczNTg5NzI2N30.mAhWo3_TJoRCG7zTqXKTn-id1gPdanjVcLybeq5xNcc"
            },
            "coords": [
                [
                    18.02255,
                    59.31852
                ],
                [
                    18.02277,
                    59.31846
                ],
                [
                    18.02273,
                    59.3183
                ],
                [
                    18.02269,
                    59.31823
                ],
                [
                    18.02262,
                    59.31817
                ],
                [
                    18.02209,
                    59.31803
                ],
                [
                    18.02202,
                    59.31797
                ],
                [
                    18.02204,
                    59.31791
                ],
                [
                    18.02222,
                    59.31794
                ],
                [
                    18.02295,
                    59.31804
                ],
                [
                    18.02373,
                    59.31814
                ],
                [
                    18.02388,
                    59.31817
                ],
                [
                    18.02435,
                    59.31826
                ],
                [
                    18.02459,
                    59.31833
                ],
                [
                    18.02554,
                    59.31855
                ],
                [
                    18.02573,
                    59.31856
                ],
                [
                    18.02586,
                    59.31854
                ],
                [
                    18.0265,
                    59.31842
                ],
                [
                    18.02665,
                    59.3184
                ],
                [
                    18.02676,
                    59.31853
                ],
                [
                    18.02704,
                    59.31861
                ],
                [
                    18.02721,
                    59.31876
                ],
                [
                    18.02731,
                    59.31881
                ],
                [
                    18.02749,
                    59.31885
                ],
                [
                    18.02801,
                    59.31899
                ],
                [
                    18.02823,
                    59.31899
                ],
                [
                    18.02822,
                    59.31903
                ],
                [
                    18.02808,
                    59.31963
                ],
                [
                    18.02813,
                    59.3197
                ],
                [
                    18.02861,
                    59.31996
                ],
                [
                    18.02863,
                    59.31998
                ],
                [
                    18.0286,
                    59.32013
                ],
                [
                    18.02796,
                    59.3201
                ],
                [
                    18.02693,
                    59.32006
                ],
                [
                    18.02621,
                    59.32002
                ],
                [
                    18.02603,
                    59.32004
                ],
                [
                    18.02492,
                    59.32018
                ],
                [
                    18.02482,
                    59.32021
                ],
                [
                    18.02453,
                    59.32028
                ],
                [
                    18.02418,
                    59.32027
                ],
                [
                    18.02372,
                    59.32033
                ],
                [
                    18.02264,
                    59.32036
                ],
                [
                    18.01967,
                    59.3204
                ],
                [
                    18.01908,
                    59.32039
                ]
            ]
        }
    ]
}