{
    "city": 1,
    "initialStart": [
        17.99958,
        59.32945
    ],
    "trips": [
        {
            "summary": {
                "distance": 396.9,
                "duration": 64.9
            },
            "user": {
                "id": 1619,
                "token": "eyJhbGciOiJIUzI1NiIsInR5cCI6IkpXVCJ9.eyJpZCI6MTYxOSwicm9sZSI6InVzZXIiLCJpYXQiOjE3MDQzNjEyNjgsImV4cCI6MTczNTg5NzI2OH0.Xj2cPkysKDFVc59UaPaYs3_vwv32nwvSIHSyeRIZEQs"
            },
            "coords": [
                [
                    17.99958,
                    59.32945
                ],
                [
                    18.00008,
                    59.32929
                ],
                [
                    18.00073,
                    59.32911
                ],
                [
                    18.00085,
                    59.32908
                ],
                [
                    18.00099,
                    59.32908
                ],
                [
                    18.00113,
                    59.32911
                ],
                [
                    18.00124,
                    59.32918
                ],
                [
                    18.00149,
                    59.32955
                ],
                [
                    18.00166,
                    59.32981
                ],
                [
                    18.00126,
                    59.3299
                ],
                [
                    18.00117,
                    59.32992
                ],
                [
                    18.00056,
                    59.33008
                ],
                [
                    18.00027,
                    59.32965
                ],
                [
                    18.00018,
                    59.32959
                ],
                [
                    18.00005,
                    59.3296
                ],
                [
                    17.99939,
                    59.32979
                ],
                [
                    17.99888,
                    59.32994
                ]
            ]
        }
    ]
}