{
    "city": 1,
    "initialStart": [
        18.03372,
        59.31694
    ],
    "trips": [
        {
            "summary": {
                "distance": 385.8,
                "duration": 94
            },
            "user": {
                "id": 1620,
                "token": "eyJhbGciOiJIUzI1NiIsInR5cCI6IkpXVCJ9.eyJpZCI6MTYyMCwicm9sZSI6InVzZXIiLCJpYXQiOjE3MDQzNjEyNjgsImV4cCI6MTczNTg5NzI2OH0.91Ov61NpdsNg59XJ-aWibI1gQvYarhYz4DK2ti0qqyc"
            },
            "coords": [
                [
                    18.03372,
                    59.31694
                ],
                [
                    18.03367,
                    59.31693
                ],
                [
                    18.03336,
                    59.31689
                ],
                [
                    18.03252,
                    59.31677
                ],
                [
                    18.03253,
                    59.31673
                ],
                [
                    18.03242,
                    59.31654
                ],
                [
                    18.0325,
                    59.31646
                ],
                [
                    18.03243,
                    59.31635
                ],
                [
                    18.0323,
                    59.31629
                ],
                [
                    18.03214,
                    59.31624
                ],
                [
                    18.03175,
                    59.31619
                ],
                [
                    18.03129,
                    59.31614
                ],
                [
                    18.03108,
                    59.31615
                ],
                [
                    18.03093,
                    59.31621
                ],
                [
                    18.03059,
                    59.31648
                ],
                [
                    18.03014,
                    59.3168
                ],
                [
                    18.02917,
                    59.31669
                ],
                [
                    18.02912,
                    59.31672
                ],
                [
                    18.02898,
                    59.31699
                ]
            ]
        }
    ]
}