{
    "city": 1,
    "initialStart": [
        18.02665,
        59.34036
    ],
    "trips": [
        {
            "summary": {
                "distance": 564.2,
                "duration": 110
            },
            "user": {
                "id": 1623,
                "token": "eyJhbGciOiJIUzI1NiIsInR5cCI6IkpXVCJ9.eyJpZCI6MTYyMywicm9sZSI6InVzZXIiLCJpYXQiOjE3MDQzNjEyNjksImV4cCI6MTczNTg5NzI2OX0.Q-p1OpBeiKi5QKBbgPBs8obdNd830q34agyAGCzHAuM"
            },
            "coords": [
                [
                    18.02665,
                    59.34036
                ],
                [
                    18.02645,
                    59.34051
                ],
                [
                    18.02619,
                    59.34077
                ],
                [
                    18.02734,
                    59.34096
                ],
                [
                    18.02777,
                    59.34099
                ],
                [
                    18.02816,
                    59.34093
                ],
                [
                    18.02824,
                    59.34087
                ],
                [
                    18.0291,
                    59.34073
                ],
                [
                    18.03009,
                    59.34056
                ],
                [
                    18.03029,
                    59.34061
                ],
                [
                    18.03072,
                    59.34142
                ],
                [
                    18.03113,
                    59.34221
                ],
                [
                    18.03117,
                    59.34228
                ],
                [
                    18.031,
                    59.34233
                ],
                [
                    18.03095,
                    59.34228
                ],
                [
                    18.03009,
                    59.34252
                ]
            ]
        }
    ]
}