{
    "city": 1,
    "initialStart": [
        18.07906,
        59.31799
    ],
    "trips": [
        {
            "summary": {
                "distance": 465.4,
                "duration": 97.1
            },
            "user": {
                "id": 1625,
                "token": "eyJhbGciOiJIUzI1NiIsInR5cCI6IkpXVCJ9.eyJpZCI6MTYyNSwicm9sZSI6InVzZXIiLCJpYXQiOjE3MDQzNjEyNzAsImV4cCI6MTczNTg5NzI3MH0.QVVSlCptCNvh_1PtG-1c27o71N2bIcFQKGwt1ND8-m8"
            },
            "coords": [
                [
                    18.07906,
                    59.31799
                ],
                [
                    18.07912,
                    59.31798
                ],
                [
                    18.07953,
                    59.31792
                ],
                [
                    18.07994,
                    59.31784
                ],
                [
                    18.08002,
                    59.3178
                ],
                [
                    18.08013,
                    59.31761
                ],
                [
                    18.0803,
                    59.31734
                ],
                [
                    18.08063,
                    59.3167
                ],
                [
                    18.08108,
                    59.3158
                ],
                [
                    18.07942,
                    59.31558
                ],
                [
                    18.07926,
                    59.31589
                ],
                [
                    18.07924,
                    59.31592
                ],
                [
                    18.07922,
                    59.31596
                ],
                [
                    18.07898,
                    59.31596
                ],
                [
                    18.07863,
                    59.316
                ]
            ]
        }
    ]
}