{
    "city": 1,
    "initialStart": [
        18.04728,
        59.33413
    ],
    "trips": [
        {
            "summary": {
                "distance": 646.2,
                "duration": 109.4
            },
            "user": {
                "id": 1629,
                "token": "eyJhbGciOiJIUzI1NiIsInR5cCI6IkpXVCJ9.eyJpZCI6MTYyOSwicm9sZSI6InVzZXIiLCJpYXQiOjE3MDQzNjEyNzEsImV4cCI6MTczNTg5NzI3MX0.80kR8Qcp3KFT5IZAU8rGx5F4JgZZvwujcDbAGGR5wxI"
            },
            "coords": [
                [
                    18.04728,
                    59.33413
                ],
                [
                    18.04758,
                    59.33398
                ],
                [
                    18.04747,
                    59.33379
                ],
                [
                    18.04743,
                    59.33374
                ],
                [
                    18.04737,
                    59.33362
                ],
                [
                    18.04733,
                    59.33355
                ],
                [
                    18.04727,
                    59.33342
                ],
                [
                    18.04687,
                    59.3327
                ],
                [
                    18.04682,
                    59.33263
                ],
                [
                    18.04666,
                    59.33265
                ],
                [
                    18.04553,
                    59.33281
                ],
                [
                    18.04527,
                    59.33284
                ],
                [
                    18.04497,
                    59.33288
                ],
                [
                    18.04358,
                    59.33306
                ],
                [
                    18.04341,
                    59.33308
                ],
                [
                    18.04345,
                    59.33316
                ],
                [
                    18.04355,
                    59.33337
                ],
                [
                    18.04365,
                    59.33358
                ],
                [
                    18.04388,
                    59.33404
                ],
                [
                    18.04383,
                    59.33409
                ],
                [
                    18.04287,
                    59.33422
                ],
                [
                    18.04272,
                    59.3342
                ],
                [
                    18.04273,
                    59.33411
                ],
                [
                    18.04268,
                    59.33398
                ],
                [
                    18.0426,
                    59.33385
                ],
                [
                    18.0425,
                    59.33377
                ],
                [
                    18.04219,
                    59.33365
                ],
                [
                    18.04232,
                    59.33356
                ]
            ]
        }
    ]
}