{
    "city": 1,
    "initialStart": [
        18.04283,
        59.33093
    ],
    "trips": [
        {
            "summary": {
                "distance": 460.7,
                "duration": 81.6
            },
            "user": {
                "id": 163,
                "token": "eyJhbGciOiJIUzI1NiIsInR5cCI6IkpXVCJ9.eyJpZCI6MTYzLCJyb2xlIjoidXNlciIsImlhdCI6MTcwMjg5MTE0NSwiZXhwIjoxNzM0NDI3MTQ1fQ.9zLO6bjeqIfyGI43mYf6nRqYxcOfeN88iPybZAzu_jo"
            },
            "coords": [
                [
                    18.04283,
                    59.33093
                ],
                [
                    18.04246,
                    59.33099
                ],
                [
                    18.04241,
                    59.33089
                ],
                [
                    18.04215,
                    59.33038
                ],
                [
                    18.04205,
                    59.33019
                ],
                [
                    18.04202,
                    59.33018
                ],
                [
                    18.0419,
                    59.33012
                ],
                [
                    18.04179,
                    59.33003
                ],
                [
                    18.04169,
                    59.32986
                ],
                [
                    18.0417,
                    59.32975
                ],
                [
                    18.04143,
                    59.32924
                ],
                [
                    18.04306,
                    59.32902
                ],
                [
                    18.04318,
                    59.329
                ],
                [
                    18.04332,
                    59.32898
                ],
                [
                    18.04482,
                    59.32878
                ],
                [
                    18.04497,
                    59.32906
                ]
            ]
        }
    ]
}