{
    "city": 1,
    "initialStart": [
        18.07068,
        59.33134
    ],
    "trips": [
        {
            "summary": {
                "distance": 373.6,
                "duration": 79
            },
            "user": {
                "id": 1631,
                "token": "eyJhbGciOiJIUzI1NiIsInR5cCI6IkpXVCJ9.eyJpZCI6MTYzMSwicm9sZSI6InVzZXIiLCJpYXQiOjE3MDQzNjEyNzEsImV4cCI6MTczNTg5NzI3MX0.cf2ouDJwQZOCZpLoGxJlYqFjeIV_LlMQuGYf0GWKbmg"
            },
            "coords": [
                [
                    18.07068,
                    59.33134
                ],
                [
                    18.07044,
                    59.33131
                ],
                [
                    18.07038,
                    59.33137
                ],
                [
                    18.06996,
                    59.33131
                ],
                [
                    18.06999,
                    59.33119
                ],
                [
                    18.06994,
                    59.33119
                ],
                [
                    18.06999,
                    59.33099
                ],
                [
                    18.06994,
                    59.33043
                ],
                [
                    18.06991,
                    59.33001
                ],
                [
                    18.06994,
                    59.32997
                ],
                [
                    18.06955,
                    59.32987
                ],
                [
                    18.06913,
                    59.32971
                ],
                [
                    18.06898,
                    59.32967
                ],
                [
                    18.06877,
                    59.32962
                ],
                [
                    18.06871,
                    59.32964
                ],
                [
                    18.06802,
                    59.32944
                ],
                [
                    18.0679,
                    59.32945
                ],
                [
                    18.06782,
                    59.32944
                ],
                [
                    18.06793,
                    59.32937
                ],
                [
                    18.06813,
                    59.32928
                ],
                [
                    18.06831,
                    59.3292
                ]
            ]
        }
    ]
}