{
    "city": 1,
    "initialStart": [
        18.05609,
        59.33961
    ],
    "trips": [
        {
            "summary": {
                "distance": 456,
                "duration": 104.1
            },
            "user": {
                "id": 1636,
                "token": "eyJhbGciOiJIUzI1NiIsInR5cCI6IkpXVCJ9.eyJpZCI6MTYzNiwicm9sZSI6InVzZXIiLCJpYXQiOjE3MDQzNjEzMzMsImV4cCI6MTczNTg5NzMzM30.x5rKsmtUUslqRzS7usFD8T2ssgqibDU0hnPbwL-vadA"
            },
            "coords": [
                [
                    18.05609,
                    59.33961
                ],
                [
                    18.05579,
                    59.33953
                ],
                [
                    18.05574,
                    59.33958
                ],
                [
                    18.05593,
                    59.33962
                ],
                [
                    18.05716,
                    59.33994
                ],
                [
                    18.0572,
                    59.3399
                ],
                [
                    18.05801,
                    59.33909
                ],
                [
                    18.05807,
                    59.33903
                ],
                [
                    18.05811,
                    59.33898
                ],
                [
                    18.05876,
                    59.33833
                ],
                [
                    18.0589,
                    59.33828
                ],
                [
                    18.05943,
                    59.33776
                ],
                [
                    18.05946,
                    59.33777
                ],
                [
                    18.05964,
                    59.33782
                ],
                [
                    18.05986,
                    59.3376
                ],
                [
                    18.06027,
                    59.33769
                ]
            ]
        }
    ]
}