{
    "city": 1,
    "initialStart": [
        18.0447,
        59.31385
    ],
    "trips": [
        {
            "summary": {
                "distance": 438,
                "duration": 151.9
            },
            "user": {
                "id": 1638,
                "token": "eyJhbGciOiJIUzI1NiIsInR5cCI6IkpXVCJ9.eyJpZCI6MTYzOCwicm9sZSI6InVzZXIiLCJpYXQiOjE3MDQzNjEzMzQsImV4cCI6MTczNTg5NzMzNH0.LK82S6-7H9iwR9Q6G6iQ8g45IHAWHuJYmUosWhRzEt8"
            },
            "coords": [
                [
                    18.0447,
                    59.31385
                ],
                [
                    18.04564,
                    59.31396
                ],
                [
                    18.04604,
                    59.31403
                ],
                [
                    18.04558,
                    59.31458
                ],
                [
                    18.04541,
                    59.31458
                ],
                [
                    18.04504,
                    59.31458
                ],
                [
                    18.04429,
                    59.31449
                ],
                [
                    18.04414,
                    59.31451
                ],
                [
                    18.04405,
                    59.31456
                ],
                [
                    18.044,
                    59.31461
                ],
                [
                    18.04394,
                    59.31474
                ],
                [
                    18.04392,
                    59.31477
                ],
                [
                    18.04381,
                    59.31483
                ],
                [
                    18.0438,
                    59.31494
                ],
                [
                    18.04387,
                    59.31509
                ],
                [
                    18.04391,
                    59.31512
                ],
                [
                    18.04384,
                    59.31519
                ],
                [
                    18.04371,
                    59.31524
                ],
                [
                    18.04324,
                    59.31519
                ],
                [
                    18.04304,
                    59.31558
                ],
                [
                    18.0433,
                    59.31561
                ],
                [
                    18.04309,
                    59.31586
                ]
            ]
        }
    ]
}