{
    "city": 1,
    "initialStart": [
        18.00792,
        59.32418
    ],
    "trips": [
        {
            "summary": {
                "distance": 869.2,
                "duration": 217.1
            },
            "user": {
                "id": 164,
                "token": "eyJhbGciOiJIUzI1NiIsInR5cCI6IkpXVCJ9.eyJpZCI6MTY0LCJyb2xlIjoidXNlciIsImlhdCI6MTcwMjg5MTE0NiwiZXhwIjoxNzM0NDI3MTQ2fQ.krDCEjNuAJ72XN8GwC3E44TommZkyIjH_Vs5PvU11Uo"
            },
            "coords": [
                [
                    18.00792,
                    59.32418
                ],
                [
                    18.00835,
                    59.32441
                ],
                [
                    18.00853,
                    59.32454
                ],
                [
                    18.00725,
                    59.32484
                ],
                [
                    18.00709,
                    59.32487
                ],
                [
                    18.007,
                    59.32495
                ],
                [
                    18.00691,
                    59.32504
                ],
                [
                    18.00709,
                    59.32508
                ],
                [
                    18.00823,
                    59.32537
                ],
                [
                    18.00846,
                    59.32542
                ],
                [
                    18.00871,
                    59.32549
                ],
                [
                    18.0088,
                    59.32551
                ],
                [
                    18.00934,
                    59.32564
                ],
                [
                    18.00948,
                    59.32561
                ],
                [
                    18.01059,
                    59.32589
                ],
                [
                    18.01234,
                    59.3263
                ],
                [
                    18.01228,
                    59.32635
                ],
                [
                    18.01224,
                    59.3264
                ],
                [
                    18.01166,
                    59.32626
                ],
                [
                    18.01071,
                    59.32603
                ],
                [
                    18.0105,
                    59.32614
                ],
                [
                    18.01031,
                    59.3262
                ],
                [
                    18.0102,
                    59.32624
                ],
                [
                    18.00985,
                    59.32628
                ],
                [
                    18.00939,
                    59.3264
                ],
                [
                    18.00903,
                    59.3266
                ],
                [
                    18.0086,
                    59.32672
                ],
                [
                    18.00814,
                    59.3268
                ],
                [
                    18.00777,
                    59.32687
                ],
                [
                    18.00704,
                    59.32713
                ],
                [
                    18.00688,
                    59.32717
                ]
            ]
        }
    ]
}