{
    "city": 1,
    "initialStart": [
        18.03391,
        59.31887
    ],
    "trips": [
        {
            "summary": {
                "distance": 514.4,
                "duration": 114.1
            },
            "user": {
                "id": 1641,
                "token": "eyJhbGciOiJIUzI1NiIsInR5cCI6IkpXVCJ9.eyJpZCI6MTY0MSwicm9sZSI6InVzZXIiLCJpYXQiOjE3MDQzNjEzMzUsImV4cCI6MTczNTg5NzMzNX0.E6EKVdvxXxAzoBALqmZPrtOqdEthbo4zOfBGa3nTH90"
            },
            "coords": [
                [
                    18.03391,
                    59.31887
                ],
                [
                    18.03289,
                    59.31877
                ],
                [
                    18.03264,
                    59.31875
                ],
                [
                    18.03245,
                    59.31876
                ],
                [
                    18.0323,
                    59.3188
                ],
                [
                    18.03224,
                    59.3188
                ],
                [
                    18.03211,
                    59.31878
                ],
                [
                    18.03197,
                    59.31876
                ],
                [
                    18.03183,
                    59.31874
                ],
                [
                    18.03189,
                    59.31861
                ],
                [
                    18.0319,
                    59.31848
                ],
                [
                    18.03199,
                    59.3183
                ],
                [
                    18.03221,
                    59.3179
                ],
                [
                    18.03234,
                    59.31781
                ],
                [
                    18.03249,
                    59.31775
                ],
                [
                    18.03256,
                    59.3177
                ],
                [
                    18.03305,
                    59.31679
                ],
                [
                    18.03297,
                    59.31678
                ],
                [
                    18.03269,
                    59.31673
                ],
                [
                    18.0325,
                    59.31646
                ],
                [
                    18.03243,
                    59.31635
                ],
                [
                    18.0323,
                    59.31629
                ],
                [
                    18.03214,
                    59.31624
                ],
                [
                    18.03175,
                    59.31619
                ],
                [
                    18.03172,
                    59.31628
                ],
                [
                    18.0317,
                    59.31633
                ],
                [
                    18.0316,
                    59.31636
                ],
                [
                    18.03156,
                    59.3164
                ],
                [
                    18.03153,
                    59.31645
                ],
                [
                    18.03145,
                    59.31661
                ],
                [
                    18.03148,
                    59.31661
                ]
            ]
        }
    ]
}