{
    "city": 1,
    "initialStart": [
        18.0616,
        59.32605
    ],
    "trips": [
        {
            "summary": {
                "distance": 684.2,
                "duration": 149.6
            },
            "user": {
                "id": 1642,
                "token": "eyJhbGciOiJIUzI1NiIsInR5cCI6IkpXVCJ9.eyJpZCI6MTY0Miwicm9sZSI6InVzZXIiLCJpYXQiOjE3MDQzNjEzMzUsImV4cCI6MTczNTg5NzMzNX0.dfxwk6rY0KrJeH3RxwlJQEl8N1L-51qTcUIz4itATW8"
            },
            "coords": [
                [
                    18.0616,
                    59.32605
                ],
                [
                    18.06148,
                    59.32601
                ],
                [
                    18.06132,
                    59.32591
                ],
                [
                    18.06134,
                    59.32586
                ],
                [
                    18.06183,
                    59.32535
                ],
                [
                    18.0619,
                    59.32521
                ],
                [
                    18.06214,
                    59.32465
                ],
                [
                    18.06262,
                    59.32472
                ],
                [
                    18.06362,
                    59.32485
                ],
                [
                    18.06374,
                    59.32487
                ],
                [
                    18.06477,
                    59.32502
                ],
                [
                    18.06481,
                    59.32502
                ],
                [
                    18.06486,
                    59.32503
                ],
                [
                    18.06493,
                    59.32505
                ],
                [
                    18.0651,
                    59.32515
                ],
                [
                    18.06516,
                    59.32518
                ],
                [
                    18.06565,
                    59.32539
                ],
                [
                    18.06573,
                    59.3254
                ],
                [
                    18.06583,
                    59.32544
                ],
                [
                    18.06585,
                    59.32544
                ],
                [
                    18.066,
                    59.32545
                ],
                [
                    18.06618,
                    59.32547
                ],
                [
                    18.06624,
                    59.32552
                ],
                [
                    18.06678,
                    59.32574
                ],
                [
                    18.06687,
                    59.32578
                ],
                [
                    18.06696,
                    59.32583
                ],
                [
                    18.06713,
                    59.32593
                ],
                [
                    18.0672,
                    59.32604
                ],
                [
                    18.0672,
                    59.32609
                ],
                [
                    18.06631,
                    59.32665
                ],
                [
                    18.0662,
                    59.32669
                ],
                [
                    18.06603,
                    59.32672
                ],
                [
                    18.06588,
                    59.32672
                ],
                [
                    18.06557,
                    59.32668
                ],
                [
                    18.06555,
                    59.32673
                ],
                [
                    18.06547,
                    59.32673
                ],
                [
                    18.06541,
                    59.32676
                ],
                [
                    18.06508,
                    59.32696
                ]
            ]
        }
    ]
}