{
    "city": 1,
    "initialStart": [
        18.0589,
        59.31379
    ],
    "trips": [
        {
            "summary": {
                "distance": 516,
                "duration": 90.7
            },
            "user": {
                "id": 1643,
                "token": "eyJhbGciOiJIUzI1NiIsInR5cCI6IkpXVCJ9.eyJpZCI6MTY0Mywicm9sZSI6InVzZXIiLCJpYXQiOjE3MDQzNjEzMzYsImV4cCI6MTczNTg5NzMzNn0.6D8sWt1bmYVxH-IMDtel6FZaGI0ThM4BA0nVrcRX-N8"
            },
            "coords": [
                [
                    18.0589,
                    59.31379
                ],
                [
                    18.05893,
                    59.31374
                ],
                [
                    18.05883,
                    59.3137
                ],
                [
                    18.05872,
                    59.31363
                ],
                [
                    18.05861,
                    59.31361
                ],
                [
                    18.05802,
                    59.31356
                ],
                [
                    18.0574,
                    59.3136
                ],
                [
                    18.05727,
                    59.3136
                ],
                [
                    18.05724,
                    59.31367
                ],
                [
                    18.05719,
                    59.31375
                ],
                [
                    18.05714,
                    59.31386
                ],
                [
                    18.05691,
                    59.31437
                ],
                [
                    18.05688,
                    59.31442
                ],
                [
                    18.05683,
                    59.31453
                ],
                [
                    18.05678,
                    59.31462
                ],
                [
                    18.05647,
                    59.31525
                ],
                [
                    18.05657,
                    59.3153
                ],
                [
                    18.05779,
                    59.31546
                ],
                [
                    18.05928,
                    59.31565
                ],
                [
                    18.05941,
                    59.31561
                ],
                [
                    18.06019,
                    59.31571
                ]
            ]
        }
    ]
}