{
    "city": 1,
    "initialStart": [
        18.05497,
        59.31887
    ],
    "trips": [
        {
            "summary": {
                "distance": 645.5,
                "duration": 126.5
            },
            "user": {
                "id": 1644,
                "token": "eyJhbGciOiJIUzI1NiIsInR5cCI6IkpXVCJ9.eyJpZCI6MTY0NCwicm9sZSI6InVzZXIiLCJpYXQiOjE3MDQzNjEzMzYsImV4cCI6MTczNTg5NzMzNn0.C9VZAUGlerjfqtShVnmTkyjzQWXV7dY0Fie4WL5Q5hs"
            },
            "coords": [
                [
                    18.05497,
                    59.31887
                ],
                [
                    18.05506,
                    59.31866
                ],
                [
                    18.05526,
                    59.31863
                ],
                [
                    18.05642,
                    59.31878
                ],
                [
                    18.05603,
                    59.31958
                ],
                [
                    18.05594,
                    59.31965
                ],
                [
                    18.05564,
                    59.31974
                ],
                [
                    18.05532,
                    59.31981
                ],
                [
                    18.05519,
                    59.31987
                ],
                [
                    18.05499,
                    59.31991
                ],
                [
                    18.05487,
                    59.31992
                ],
                [
                    18.05359,
                    59.32012
                ],
                [
                    18.05299,
                    59.32024
                ],
                [
                    18.0529,
                    59.32028
                ],
                [
                    18.05291,
                    59.32034
                ],
                [
                    18.05346,
                    59.32044
                ],
                [
                    18.05373,
                    59.32047
                ],
                [
                    18.05401,
                    59.3205
                ],
                [
                    18.05429,
                    59.32054
                ],
                [
                    18.05483,
                    59.32056
                ],
                [
                    18.05491,
                    59.32062
                ],
                [
                    18.05491,
                    59.32088
                ],
                [
                    18.05491,
                    59.32096
                ],
                [
                    18.05492,
                    59.32106
                ],
                [
                    18.05492,
                    59.3211
                ],
                [
                    18.05561,
                    59.32111
                ],
                [
                    18.05591,
                    59.32113
                ],
                [
                    18.05567,
                    59.32116
                ],
                [
                    18.05563,
                    59.32116
                ]
            ]
        }
    ]
}