{
    "city": 1,
    "initialStart": [
        18.04178,
        59.32061
    ],
    "trips": [
        {
            "summary": {
                "distance": 888.4,
                "duration": 243.7
            },
            "user": {
                "id": 1646,
                "token": "eyJhbGciOiJIUzI1NiIsInR5cCI6IkpXVCJ9.eyJpZCI6MTY0Niwicm9sZSI6InVzZXIiLCJpYXQiOjE3MDQzNjEzMzcsImV4cCI6MTczNTg5NzMzN30.LOg8VzYlUBiMHjs_ZMGd4DqYos9xlCnM25cuZh_7rP4"
            },
            "coords": [
                [
                    18.04178,
                    59.32061
                ],
                [
                    18.04412,
                    59.32077
                ],
                [
                    18.04413,
                    59.3207
                ],
                [
                    18.04313,
                    59.32056
                ],
                [
                    18.04259,
                    59.32053
                ],
                [
                    18.04183,
                    59.32052
                ],
                [
                    18.04122,
                    59.3205
                ],
                [
                    18.03911,
                    59.32029
                ],
                [
                    18.03885,
                    59.32031
                ],
                [
                    18.03873,
                    59.32029
                ],
                [
                    18.03859,
                    59.32025
                ],
                [
                    18.03841,
                    59.32023
                ],
                [
                    18.03616,
                    59.32002
                ],
                [
                    18.03549,
                    59.32002
                ],
                [
                    18.03516,
                    59.31996
                ],
                [
                    18.03472,
                    59.31995
                ],
                [
                    18.03437,
                    59.3199
                ],
                [
                    18.0344,
                    59.31984
                ],
                [
                    18.0343,
                    59.31982
                ],
                [
                    18.03432,
                    59.3198
                ],
                [
                    18.03434,
                    59.31978
                ],
                [
                    18.03484,
                    59.31986
                ],
                [
                    18.0349,
                    59.31979
                ],
                [
                    18.03591,
                    59.31972
                ],
                [
                    18.03708,
                    59.31983
                ],
                [
                    18.03709,
                    59.31983
                ]
            ]
        }
    ]
}