{
    "city": 1,
    "initialStart": [
        18.08158,
        59.34025
    ],
    "trips": [
        {
            "summary": {
                "distance": 285.9,
                "duration": 59
            },
            "user": {
                "id": 1648,
                "token": "eyJhbGciOiJIUzI1NiIsInR5cCI6IkpXVCJ9.eyJpZCI6MTY0OCwicm9sZSI6InVzZXIiLCJpYXQiOjE3MDQzNjEzMzcsImV4cCI6MTczNTg5NzMzN30.tUPBbJ9nqQ1mL9RqduDNBfsyvSvi28GjQVolBUuhGMI"
            },
            "coords": [
                [
                    18.08158,
                    59.34025
                ],
                [
                    18.08159,
                    59.34027
                ],
                [
                    18.08165,
                    59.34022
                ],
                [
                    18.08173,
                    59.34027
                ],
                [
                    18.08172,
                    59.34031
                ],
                [
                    18.08215,
                    59.34087
                ],
                [
                    18.08221,
                    59.34094
                ],
                [
                    18.08231,
                    59.34104
                ],
                [
                    18.08307,
                    59.34201
                ],
                [
                    18.08304,
                    59.3421
                ],
                [
                    18.08306,
                    59.34212
                ],
                [
                    18.08317,
                    59.34225
                ],
                [
                    18.08322,
                    59.34231
                ],
                [
                    18.08314,
                    59.34232
                ],
                [
                    18.0832,
                    59.34239
                ],
                [
                    18.08326,
                    59.34245
                ],
                [
                    18.0833,
                    59.3425
                ]
            ]
        }
    ]
}