{
    "city": 1,
    "initialStart": [
        18.02052,
        59.32837
    ],
    "trips": [
        {
            "summary": {
                "distance": 429.6,
                "duration": 73.7
            },
            "user": {
                "id": 1654,
                "token": "eyJhbGciOiJIUzI1NiIsInR5cCI6IkpXVCJ9.eyJpZCI6MTY1NCwicm9sZSI6InVzZXIiLCJpYXQiOjE3MDQzNjEzMzksImV4cCI6MTczNTg5NzMzOX0.MUi6RQmRlFmx-EMZO5kBHdxlmzDY3m_uBv0PGJor9So"
            },
            "coords": [
                [
                    18.02052,
                    59.32837
                ],
                [
                    18.02004,
                    59.32839
                ],
                [
                    18.01982,
                    59.32831
                ],
                [
                    18.01958,
                    59.32832
                ],
                [
                    18.01929,
                    59.32833
                ],
                [
                    18.01895,
                    59.32833
                ],
                [
                    18.01911,
                    59.32823
                ],
                [
                    18.01922,
                    59.32821
                ],
                [
                    18.01931,
                    59.32815
                ],
                [
                    18.01941,
                    59.32809
                ],
                [
                    18.02103,
                    59.32805
                ],
                [
                    18.02123,
                    59.32799
                ],
                [
                    18.02133,
                    59.32786
                ],
                [
                    18.02185,
                    59.32785
                ],
                [
                    18.0222,
                    59.32778
                ],
                [
                    18.02241,
                    59.32773
                ],
                [
                    18.0226,
                    59.32767
                ],
                [
                    18.02312,
                    59.32747
                ],
                [
                    18.02351,
                    59.32726
                ],
                [
                    18.02374,
                    59.32713
                ],
                [
                    18.02362,
                    59.32708
                ],
                [
                    18.02365,
                    59.32705
                ]
            ]
        }
    ]
}