{
    "city": 1,
    "initialStart": [
        18.02636,
        59.31724
    ],
    "trips": [
        {
            "summary": {
                "distance": 273.3,
                "duration": 59.1
            },
            "user": {
                "id": 1655,
                "token": "eyJhbGciOiJIUzI1NiIsInR5cCI6IkpXVCJ9.eyJpZCI6MTY1NSwicm9sZSI6InVzZXIiLCJpYXQiOjE3MDQzNjEzMzksImV4cCI6MTczNTg5NzMzOX0.S5yBs7hbsXKFXPxcWxbnu2smXoDAT_AUdNL2UNWM-gw"
            },
            "coords": [
                [
                    18.02636,
                    59.31724
                ],
                [
                    18.02639,
                    59.31706
                ],
                [
                    18.02645,
                    59.31706
                ],
                [
                    18.02652,
                    59.31707
                ],
                [
                    18.02659,
                    59.31708
                ],
                [
                    18.02657,
                    59.31712
                ],
                [
                    18.0263,
                    59.3178
                ],
                [
                    18.02638,
                    59.31799
                ],
                [
                    18.0265,
                    59.31821
                ],
                [
                    18.02665,
                    59.3184
                ],
                [
                    18.02676,
                    59.31853
                ],
                [
                    18.02704,
                    59.31861
                ],
                [
                    18.02721,
                    59.31876
                ],
                [
                    18.02731,
                    59.31881
                ],
                [
                    18.02749,
                    59.31885
                ],
                [
                    18.02776,
                    59.31892
                ]
            ]
        }
    ]
}