{
    "city": 1,
    "initialStart": [
        18.05313,
        59.3086
    ],
    "trips": [
        {
            "summary": {
                "distance": 490.6,
                "duration": 114.2
            },
            "user": {
                "id": 1656,
                "token": "eyJhbGciOiJIUzI1NiIsInR5cCI6IkpXVCJ9.eyJpZCI6MTY1Niwicm9sZSI6InVzZXIiLCJpYXQiOjE3MDQzNjEzNDAsImV4cCI6MTczNTg5NzM0MH0.7zD9iHeLp12lPVMRg4LeFlu7Q1Xk7Bbvan5Z4Kd0zdc"
            },
            "coords": [
                [
                    18.05313,
                    59.3086
                ],
                [
                    18.05326,
                    59.30859
                ],
                [
                    18.05333,
                    59.30885
                ],
                [
                    18.05336,
                    59.30902
                ],
                [
                    18.05332,
                    59.30905
                ],
                [
                    18.05326,
                    59.3091
                ],
                [
                    18.05215,
                    59.30921
                ],
                [
                    18.05205,
                    59.30926
                ],
                [
                    18.05207,
                    59.3094
                ],
                [
                    18.05198,
                    59.3095
                ],
                [
                    18.05182,
                    59.30966
                ],
                [
                    18.05172,
                    59.30983
                ],
                [
                    18.05167,
                    59.30992
                ],
                [
                    18.05139,
                    59.31044
                ],
                [
                    18.05094,
                    59.31037
                ],
                [
                    18.05089,
                    59.31034
                ],
                [
                    18.05087,
                    59.31029
                ],
                [
                    18.05089,
                    59.31023
                ],
                [
                    18.05095,
                    59.31008
                ],
                [
                    18.05094,
                    59.31001
                ],
                [
                    18.05089,
                    59.30994
                ],
                [
                    18.05064,
                    59.30982
                ],
                [
                    18.05061,
                    59.3098
                ],
                [
                    18.05017,
                    59.30961
                ],
                [
                    18.05005,
                    59.30954
                ],
                [
                    18.05,
                    59.30941
                ],
                [
                    18.05002,
                    59.30936
                ],
                [
                    18.04998,
                    59.30933
                ],
                [
                    18.04998,
                    59.30925
                ],
                [
                    18.04963,
                    59.30923
                ],
                [
                    18.04957,
                    59.30936
                ]
            ]
        }
    ]
}