{
    "city": 1,
    "initialStart": [
        18.09917,
        59.34312
    ],
    "trips": [
        {
            "summary": {
                "distance": 923.3,
                "duration": 172.4
            },
            "user": {
                "id": 1657,
                "token": "eyJhbGciOiJIUzI1NiIsInR5cCI6IkpXVCJ9.eyJpZCI6MTY1Nywicm9sZSI6InVzZXIiLCJpYXQiOjE3MDQzNjEzNDAsImV4cCI6MTczNTg5NzM0MH0.4eWsBYiwPpCeBtmIt3TcKQckkKqrb5XdvinGBTcP1aY"
            },
            "coords": [
                [
                    18.09917,
                    59.34312
                ],
                [
                    18.09806,
                    59.34238
                ],
                [
                    18.09722,
                    59.34179
                ],
                [
                    18.09691,
                    59.34156
                ],
                [
                    18.09607,
                    59.34099
                ],
                [
                    18.09588,
                    59.34086
                ],
                [
                    18.09574,
                    59.34075
                ],
                [
                    18.09554,
                    59.34082
                ],
                [
                    18.09559,
                    59.34086
                ],
                [
                    18.09566,
                    59.3409
                ],
                [
                    18.09411,
                    59.34128
                ],
                [
                    18.09401,
                    59.34131
                ],
                [
                    18.09465,
                    59.34183
                ],
                [
                    18.09517,
                    59.34226
                ],
                [
                    18.09616,
                    59.34314
                ],
                [
                    18.09704,
                    59.34388
                ],
                [
                    18.09713,
                    59.34392
                ],
                [
                    18.09723,
                    59.34396
                ],
                [
                    18.09728,
                    59.34399
                ],
                [
                    18.0977,
                    59.34425
                ],
                [
                    18.0972,
                    59.34437
                ],
                [
                    18.09656,
                    59.34454
                ],
                [
                    18.09648,
                    59.34456
                ]
            ]
        }
    ]
}