{
    "city": 1,
    "initialStart": [
        18.03855,
        59.32178
    ],
    "trips": [
        {
            "summary": {
                "distance": 1135.3,
                "duration": 253.4
            },
            "user": {
                "id": 1661,
                "token": "eyJhbGciOiJIUzI1NiIsInR5cCI6IkpXVCJ9.eyJpZCI6MTY2MSwicm9sZSI6InVzZXIiLCJpYXQiOjE3MDQzNjEzNDEsImV4cCI6MTczNTg5NzM0MX0.jBvrvD1xqo1X6aLizDmMU8Zz6NazglDBS0JdMMl8xXY"
            },
            "coords": [
                [
                    18.03855,
                    59.32178
                ],
                [
                    18.03858,
                    59.32174
                ],
                [
                    18.03855,
                    59.32166
                ],
                [
                    18.03822,
                    59.32133
                ],
                [
                    18.03835,
                    59.32112
                ],
                [
                    18.03809,
                    59.32084
                ],
                [
                    18.03813,
                    59.32079
                ],
                [
                    18.03789,
                    59.32075
                ],
                [
                    18.0377,
                    59.32074
                ],
                [
                    18.03737,
                    59.32076
                ],
                [
                    18.0364,
                    59.32074
                ],
                [
                    18.03608,
                    59.32067
                ],
                [
                    18.03593,
                    59.32064
                ],
                [
                    18.03538,
                    59.32066
                ],
                [
                    18.0351,
                    59.32071
                ],
                [
                    18.03445,
                    59.3207
                ],
                [
                    18.03411,
                    59.32067
                ],
                [
                    18.034,
                    59.3206
                ],
                [
                    18.03407,
                    59.32042
                ],
                [
                    18.03435,
                    59.31993
                ],
                [
                    18.03437,
                    59.3199
                ],
                [
                    18.03472,
                    59.31995
                ],
                [
                    18.03516,
                    59.31996
                ],
                [
                    18.03549,
                    59.32002
                ],
                [
                    18.03616,
                    59.32002
                ],
                [
                    18.03841,
                    59.32023
                ],
                [
                    18.03859,
                    59.32025
                ],
                [
                    18.03873,
                    59.32029
                ],
                [
                    18.03885,
                    59.32031
                ],
                [
                    18.03911,
                    59.32029
                ],
                [
                    18.04122,
                    59.3205
                ],
                [
                    18.04183,
                    59.32052
                ],
                [
                    18.04259,
                    59.32053
                ],
                [
                    18.04313,
                    59.32056
                ],
                [
                    18.04413,
                    59.3207
                ],
                [
                    18.04415,
                    59.32065
                ],
                [
                    18.04416,
                    59.32059
                ],
                [
                    18.04417,
                    59.32056
                ],
                [
                    18.04369,
                    59.32051
                ],
                [
                    18.04325,
                    59.32048
                ],
                [
                    18.04291,
                    59.32032
                ],
                [
                    18.04281,
                    59.32029
                ],
                [
                    18.04252,
                    59.32027
                ],
                [
                    18.04236,
                    59.32025
                ]
            ]
        }
    ]
}