{
    "city": 1,
    "initialStart": [
        18.04147,
        59.34263
    ],
    "trips": [
        {
            "summary": {
                "distance": 516.3,
                "duration": 103.3
            },
            "user": {
                "id": 1662,
                "token": "eyJhbGciOiJIUzI1NiIsInR5cCI6IkpXVCJ9.eyJpZCI6MTY2Miwicm9sZSI6InVzZXIiLCJpYXQiOjE3MDQzNjEzNDIsImV4cCI6MTczNTg5NzM0Mn0.Y6mlJL--BAopfbRHxEW5H6E8jRDFO3QJ1t1Ocmh1s5A"
            },
            "coords": [
                [
                    18.04147,
                    59.34263
                ],
                [
                    18.04243,
                    59.34267
                ],
                [
                    18.0424,
                    59.34276
                ],
                [
                    18.04233,
                    59.34285
                ],
                [
                    18.04229,
                    59.34293
                ],
                [
                    18.04186,
                    59.34336
                ],
                [
                    18.04179,
                    59.34343
                ],
                [
                    18.04192,
                    59.34347
                ],
                [
                    18.04332,
                    59.34383
                ],
                [
                    18.04346,
                    59.34387
                ],
                [
                    18.04338,
                    59.34395
                ],
                [
                    18.04197,
                    59.34538
                ],
                [
                    18.0419,
                    59.34545
                ],
                [
                    18.04203,
                    59.34548
                ],
                [
                    18.04248,
                    59.34502
                ]
            ]
        }
    ]
}