{
    "city": 1,
    "initialStart": [
        18.06087,
        59.33973
    ],
    "trips": [
        {
            "summary": {
                "distance": 444.5,
                "duration": 111.8
            },
            "user": {
                "id": 1667,
                "token": "eyJhbGciOiJIUzI1NiIsInR5cCI6IkpXVCJ9.eyJpZCI6MTY2Nywicm9sZSI6InVzZXIiLCJpYXQiOjE3MDQzNjEzNDMsImV4cCI6MTczNTg5NzM0M30.NzRfGRSkSLlDAmcF8WDRBV5Al-Qca_c9PIH6GUHCWC0"
            },
            "coords": [
                [
                    18.06087,
                    59.33973
                ],
                [
                    18.06105,
                    59.33977
                ],
                [
                    18.06109,
                    59.33976
                ],
                [
                    18.06117,
                    59.33978
                ],
                [
                    18.0614,
                    59.33952
                ],
                [
                    18.06148,
                    59.33944
                ],
                [
                    18.06152,
                    59.3394
                ],
                [
                    18.0618,
                    59.33909
                ],
                [
                    18.06184,
                    59.33905
                ],
                [
                    18.06288,
                    59.33794
                ],
                [
                    18.06178,
                    59.33767
                ],
                [
                    18.06163,
                    59.33764
                ],
                [
                    18.06154,
                    59.33774
                ],
                [
                    18.06139,
                    59.33771
                ],
                [
                    18.06123,
                    59.33767
                ],
                [
                    18.06127,
                    59.33762
                ],
                [
                    18.06059,
                    59.33745
                ],
                [
                    18.06058,
                    59.33746
                ],
                [
                    18.06033,
                    59.33771
                ],
                [
                    18.06046,
                    59.33774
                ]
            ]
        }
    ]
}