{
    "city": 1,
    "initialStart": [
        18.01809,
        59.33604
    ],
    "trips": [
        {
            "summary": {
                "distance": 363.2,
                "duration": 88.1
            },
            "user": {
                "id": 1668,
                "token": "eyJhbGciOiJIUzI1NiIsInR5cCI6IkpXVCJ9.eyJpZCI6MTY2OCwicm9sZSI6InVzZXIiLCJpYXQiOjE3MDQzNjEzNDQsImV4cCI6MTczNTg5NzM0NH0.tUqVC1mzCNLLWLv4oTYSq7CuXZq6ykfJMSQxxXIKYDg"
            },
            "coords": [
                [
                    18.01809,
                    59.33604
                ],
                [
                    18.01766,
                    59.33582
                ],
                [
                    18.01785,
                    59.33572
                ],
                [
                    18.01845,
                    59.33603
                ],
                [
                    18.01841,
                    59.33607
                ],
                [
                    18.01859,
                    59.33617
                ],
                [
                    18.01873,
                    59.33624
                ],
                [
                    18.01986,
                    59.33575
                ],
                [
                    18.02002,
                    59.33569
                ],
                [
                    18.02043,
                    59.33552
                ],
                [
                    18.02102,
                    59.33524
                ],
                [
                    18.02092,
                    59.33519
                ],
                [
                    18.02084,
                    59.33514
                ],
                [
                    18.02091,
                    59.33511
                ],
                [
                    18.0207,
                    59.33497
                ],
                [
                    18.02099,
                    59.33485
                ]
            ]
        }
    ]
}