{
    "city": 1,
    "initialStart": [
        18.05056,
        59.31071
    ],
    "trips": [
        {
            "summary": {
                "distance": 472.3,
                "duration": 82.7
            },
            "user": {
                "id": 1669,
                "token": "eyJhbGciOiJIUzI1NiIsInR5cCI6IkpXVCJ9.eyJpZCI6MTY2OSwicm9sZSI6InVzZXIiLCJpYXQiOjE3MDQzNjEzNDQsImV4cCI6MTczNTg5NzM0NH0.yV6DGnO8IUYPhbbMUVl_HZ2h_7tu5ZmJawUzuarh2M8"
            },
            "coords": [
                [
                    18.05056,
                    59.31071
                ],
                [
                    18.05045,
                    59.31065
                ],
                [
                    18.0506,
                    59.31056
                ],
                [
                    18.05072,
                    59.31045
                ],
                [
                    18.05075,
                    59.31041
                ],
                [
                    18.05089,
                    59.31034
                ],
                [
                    18.05094,
                    59.31037
                ],
                [
                    18.05139,
                    59.31044
                ],
                [
                    18.05136,
                    59.31051
                ],
                [
                    18.05124,
                    59.31078
                ],
                [
                    18.05118,
                    59.31091
                ],
                [
                    18.05117,
                    59.31094
                ],
                [
                    18.05113,
                    59.31119
                ],
                [
                    18.05112,
                    59.31127
                ],
                [
                    18.05111,
                    59.31137
                ],
                [
                    18.05133,
                    59.31138
                ],
                [
                    18.052,
                    59.31146
                ],
                [
                    18.05184,
                    59.31153
                ],
                [
                    18.0518,
                    59.31158
                ],
                [
                    18.05177,
                    59.31163
                ],
                [
                    18.05173,
                    59.31165
                ],
                [
                    18.05166,
                    59.31165
                ],
                [
                    18.05089,
                    59.31154
                ],
                [
                    18.05083,
                    59.31155
                ],
                [
                    18.05064,
                    59.31186
                ],
                [
                    18.05063,
                    59.31188
                ],
                [
                    18.05072,
                    59.3119
                ],
                [
                    18.05115,
                    59.31197
                ],
                [
                    18.0517,
                    59.31206
                ],
                [
                    18.05184,
                    59.31209
                ],
                [
                    18.05231,
                    59.31236
                ]
            ]
        }
    ]
}