{
    "city": 1,
    "initialStart": [
        18.08732,
        59.31394
    ],
    "trips": [
        {
            "summary": {
                "distance": 374.7,
                "duration": 61.3
            },
            "user": {
                "id": 1672,
                "token": "eyJhbGciOiJIUzI1NiIsInR5cCI6IkpXVCJ9.eyJpZCI6MTY3Miwicm9sZSI6InVzZXIiLCJpYXQiOjE3MDQzNjEzNDUsImV4cCI6MTczNTg5NzM0NX0.SpVpDnG6CQ0RD76lzCl-t471tgD7VaZl5Ki2B7nwVt0"
            },
            "coords": [
                [
                    18.08732,
                    59.31394
                ],
                [
                    18.08802,
                    59.31404
                ],
                [
                    18.08812,
                    59.31404
                ],
                [
                    18.08829,
                    59.31402
                ],
                [
                    18.08849,
                    59.31398
                ],
                [
                    18.09023,
                    59.31373
                ],
                [
                    18.09016,
                    59.31458
                ],
                [
                    18.09043,
                    59.31459
                ],
                [
                    18.09133,
                    59.31455
                ],
                [
                    18.09154,
                    59.31451
                ],
                [
                    18.09153,
                    59.31447
                ],
                [
                    18.09152,
                    59.31431
                ],
                [
                    18.09148,
                    59.31424
                ]
            ]
        }
    ]
}