{
    "city": 1,
    "initialStart": [
        18.02465,
        59.3333
    ],
    "trips": [
        {
            "summary": {
                "distance": 377.9,
                "duration": 81.5
            },
            "user": {
                "id": 1673,
                "token": "eyJhbGciOiJIUzI1NiIsInR5cCI6IkpXVCJ9.eyJpZCI6MTY3Mywicm9sZSI6InVzZXIiLCJpYXQiOjE3MDQzNjE0MDUsImV4cCI6MTczNTg5NzQwNX0.oKBQjzRSU6ArfIL20ertUgCh7Mgo6FqTu92Y5gHr2Ow"
            },
            "coords": [
                [
                    18.02465,
                    59.3333
                ],
                [
                    18.02442,
                    59.33334
                ],
                [
                    18.02431,
                    59.33316
                ],
                [
                    18.02412,
                    59.33284
                ],
                [
                    18.02393,
                    59.33252
                ],
                [
                    18.02389,
                    59.33245
                ],
                [
                    18.02385,
                    59.33239
                ],
                [
                    18.02373,
                    59.33225
                ],
                [
                    18.02371,
                    59.33219
                ],
                [
                    18.02373,
                    59.33203
                ],
                [
                    18.02375,
                    59.33193
                ],
                [
                    18.02377,
                    59.33176
                ],
                [
                    18.02378,
                    59.33168
                ],
                [
                    18.02396,
                    59.33168
                ],
                [
                    18.02423,
                    59.33167
                ],
                [
                    18.02425,
                    59.33168
                ],
                [
                    18.02446,
                    59.33169
                ],
                [
                    18.02584,
                    59.33171
                ],
                [
                    18.02572,
                    59.33154
                ],
                [
                    18.02604,
                    59.33148
                ],
                [
                    18.02594,
                    59.33134
                ]
            ]
        }
    ]
}