{
    "city": 1,
    "initialStart": [
        18.03803,
        59.348
    ],
    "trips": [
        {
            "summary": {
                "distance": 579.5,
                "duration": 108.3
            },
            "user": {
                "id": 1680,
                "token": "eyJhbGciOiJIUzI1NiIsInR5cCI6IkpXVCJ9.eyJpZCI6MTY4MCwicm9sZSI6InVzZXIiLCJpYXQiOjE3MDQzNjE0MDcsImV4cCI6MTczNTg5NzQwN30.hTnnFf04Aq-63uYxt3IVoSg41QsMeX9RoGAN9aITDsU"
            },
            "coords": [
                [
                    18.03803,
                    59.348
                ],
                [
                    18.03824,
                    59.34808
                ],
                [
                    18.0383,
                    59.3481
                ],
                [
                    18.03837,
                    59.34803
                ],
                [
                    18.03765,
                    59.34774
                ],
                [
                    18.03757,
                    59.34771
                ],
                [
                    18.03751,
                    59.34775
                ],
                [
                    18.03711,
                    59.3476
                ],
                [
                    18.03643,
                    59.34735
                ],
                [
                    18.03571,
                    59.34706
                ],
                [
                    18.03499,
                    59.34678
                ],
                [
                    18.03437,
                    59.34655
                ],
                [
                    18.0342,
                    59.3465
                ],
                [
                    18.03426,
                    59.34646
                ],
                [
                    18.03435,
                    59.34641
                ],
                [
                    18.03441,
                    59.34637
                ],
                [
                    18.03454,
                    59.34629
                ],
                [
                    18.03481,
                    59.34612
                ],
                [
                    18.0366,
                    59.34571
                ],
                [
                    18.03759,
                    59.34549
                ],
                [
                    18.03765,
                    59.34555
                ],
                [
                    18.0378,
                    59.34572
                ]
            ]
        }
    ]
}