{
    "city": 1,
    "initialStart": [
        18.03173,
        59.33906
    ],
    "trips": [
        {
            "summary": {
                "distance": 560.8,
                "duration": 122.4
            },
            "user": {
                "id": 1683,
                "token": "eyJhbGciOiJIUzI1NiIsInR5cCI6IkpXVCJ9.eyJpZCI6MTY4Mywicm9sZSI6InVzZXIiLCJpYXQiOjE3MDQzNjE0MDgsImV4cCI6MTczNTg5NzQwOH0.gbyJYiTqenOOjBUigvAfx1H6RqTVVhsd0g0CwFgrreY"
            },
            "coords": [
                [
                    18.03173,
                    59.33906
                ],
                [
                    18.03164,
                    59.3391
                ],
                [
                    18.03033,
                    59.33962
                ],
                [
                    18.03038,
                    59.33966
                ],
                [
                    18.03029,
                    59.33969
                ],
                [
                    18.03027,
                    59.33973
                ],
                [
                    18.03027,
                    59.33983
                ],
                [
                    18.03025,
                    59.33993
                ],
                [
                    18.03009,
                    59.34026
                ],
                [
                    18.03029,
                    59.34061
                ],
                [
                    18.03009,
                    59.34056
                ],
                [
                    18.0291,
                    59.34073
                ],
                [
                    18.02824,
                    59.34087
                ],
                [
                    18.02816,
                    59.34093
                ],
                [
                    18.02777,
                    59.34099
                ],
                [
                    18.02734,
                    59.34096
                ],
                [
                    18.02619,
                    59.34077
                ],
                [
                    18.02645,
                    59.34051
                ],
                [
                    18.0269,
                    59.34019
                ],
                [
                    18.0266,
                    59.34008
                ]
            ]
        }
    ]
}