{
    "city": 1,
    "initialStart": [
        18.04441,
        59.34787
    ],
    "trips": [
        {
            "summary": {
                "distance": 347.1,
                "duration": 103.8
            },
            "user": {
                "id": 1691,
                "token": "eyJhbGciOiJIUzI1NiIsInR5cCI6IkpXVCJ9.eyJpZCI6MTY5MSwicm9sZSI6InVzZXIiLCJpYXQiOjE3MDQzNjE0MTIsImV4cCI6MTczNTg5NzQxMn0.T6t-mIHd-fwMNeRxPCKQlzXAf1-7o7whHQfcCQUg2ug"
            },
            "coords": [
                [
                    18.04441,
                    59.34787
                ],
                [
                    18.04437,
                    59.34816
                ],
                [
                    18.04539,
                    59.34842
                ],
                [
                    18.04535,
                    59.34845
                ],
                [
                    18.04542,
                    59.34848
                ],
                [
                    18.04552,
                    59.34853
                ],
                [
                    18.04566,
                    59.34858
                ],
                [
                    18.04588,
                    59.34866
                ],
                [
                    18.04593,
                    59.34868
                ],
                [
                    18.04644,
                    59.3488
                ],
                [
                    18.0469,
                    59.34892
                ],
                [
                    18.04735,
                    59.34903
                ],
                [
                    18.04755,
                    59.34908
                ],
                [
                    18.04794,
                    59.34919
                ],
                [
                    18.04803,
                    59.34921
                ],
                [
                    18.0481,
                    59.34914
                ],
                [
                    18.04822,
                    59.34917
                ],
                [
                    18.04863,
                    59.34872
                ]
            ]
        }
    ]
}