{
    "city": 1,
    "initialStart": [
        18.05497,
        59.35078
    ],
    "trips": [
        {
            "summary": {
                "distance": 646.2,
                "duration": 109.1
            },
            "user": {
                "id": 1692,
                "token": "eyJhbGciOiJIUzI1NiIsInR5cCI6IkpXVCJ9.eyJpZCI6MTY5Miwicm9sZSI6InVzZXIiLCJpYXQiOjE3MDQzNjE0MTIsImV4cCI6MTczNTg5NzQxMn0.Kof4Gci8miTl2esbMSyVSqMYbmlcEvDdAM9_dObGt20"
            },
            "coords": [
                [
                    18.05497,
                    59.35078
                ],
                [
                    18.05488,
                    59.35086
                ],
                [
                    18.05483,
                    59.35087
                ],
                [
                    18.05429,
                    59.35079
                ],
                [
                    18.05418,
                    59.35083
                ],
                [
                    18.05416,
                    59.35085
                ],
                [
                    18.05503,
                    59.35097
                ],
                [
                    18.05534,
                    59.35101
                ],
                [
                    18.05574,
                    59.35101
                ],
                [
                    18.05634,
                    59.35098
                ],
                [
                    18.05681,
                    59.35089
                ],
                [
                    18.05706,
                    59.35083
                ],
                [
                    18.05742,
                    59.35071
                ],
                [
                    18.05748,
                    59.35074
                ],
                [
                    18.05753,
                    59.35077
                ],
                [
                    18.05766,
                    59.35084
                ],
                [
                    18.05772,
                    59.35087
                ],
                [
                    18.05779,
                    59.35091
                ],
                [
                    18.05783,
                    59.35089
                ],
                [
                    18.0588,
                    59.35041
                ],
                [
                    18.05895,
                    59.35034
                ],
                [
                    18.05898,
                    59.35035
                ],
                [
                    18.05901,
                    59.35037
                ],
                [
                    18.05907,
                    59.35051
                ],
                [
                    18.05912,
                    59.35077
                ],
                [
                    18.05907,
                    59.351
                ],
                [
                    18.05902,
                    59.35109
                ],
                [
                    18.05894,
                    59.35118
                ],
                [
                    18.05877,
                    59.35132
                ],
                [
                    18.05831,
                    59.35174
                ],
                [
                    18.05816,
                    59.35188
                ],
                [
                    18.05798,
                    59.35204
                ],
                [
                    18.05804,
                    59.35208
                ],
                [
                    18.05804,
                    59.35216
                ],
                [
                    18.05819,
                    59.35217
                ],
                [
                    18.05868,
                    59.35217
                ],
                [
                    18.05896,
                    59.35217
                ]
            ]
        }
    ]
}