{
    "city": 1,
    "initialStart": [
        18.0244,
        59.34345
    ],
    "trips": [
        {
            "summary": {
                "distance": 572.6,
                "duration": 93.7
            },
            "user": {
                "id": 1707,
                "token": "eyJhbGciOiJIUzI1NiIsInR5cCI6IkpXVCJ9.eyJpZCI6MTcwNywicm9sZSI6InVzZXIiLCJpYXQiOjE3MDQzNjE0MTYsImV4cCI6MTczNTg5NzQxNn0.26G5tL4x6Sb1tHZDGVlCjeiSJMVw7KD1uW3jaPQyPCg"
            },
            "coords": [
                [
                    18.0244,
                    59.34345
                ],
                [
                    18.02615,
                    59.34339
                ],
                [
                    18.02662,
                    59.34339
                ],
                [
                    18.02703,
                    59.34341
                ],
                [
                    18.02736,
                    59.34345
                ],
                [
                    18.02731,
                    59.34353
                ],
                [
                    18.02719,
                    59.34361
                ],
                [
                    18.02675,
                    59.34362
                ],
                [
                    18.02655,
                    59.34364
                ],
                [
                    18.02638,
                    59.34368
                ],
                [
                    18.026,
                    59.34381
                ],
                [
                    18.02569,
                    59.344
                ],
                [
                    18.02545,
                    59.34418
                ],
                [
                    18.02532,
                    59.34427
                ],
                [
                    18.02506,
                    59.34452
                ],
                [
                    18.02491,
                    59.34482
                ],
                [
                    18.02477,
                    59.34521
                ],
                [
                    18.02465,
                    59.34539
                ],
                [
                    18.02444,
                    59.34553
                ],
                [
                    18.02466,
                    59.34551
                ],
                [
                    18.0248,
                    59.34545
                ],
                [
                    18.02504,
                    59.34518
                ],
                [
                    18.0251,
                    59.34505
                ],
                [
                    18.02517,
                    59.34485
                ]
            ]
        }
    ]
}