{
    "city": 1,
    "initialStart": [
        18.07438,
        59.3152
    ],
    "trips": [
        {
            "summary": {
                "distance": 367.9,
                "duration": 86.4
            },
            "user": {
                "id": 1713,
                "token": "eyJhbGciOiJIUzI1NiIsInR5cCI6IkpXVCJ9.eyJpZCI6MTcxMywicm9sZSI6InVzZXIiLCJpYXQiOjE3MDQzNjE0NzgsImV4cCI6MTczNTg5NzQ3OH0.eGxmOXBDuSHdxNGgnQVmN4USobt1zV8UYk0j8oWiDtY"
            },
            "coords": [
                [
                    18.07438,
                    59.3152
                ],
                [
                    18.07441,
                    59.31518
                ],
                [
                    18.07462,
                    59.3152
                ],
                [
                    18.07467,
                    59.31518
                ],
                [
                    18.07477,
                    59.31498
                ],
                [
                    18.07512,
                    59.31503
                ],
                [
                    18.07525,
                    59.31504
                ],
                [
                    18.07609,
                    59.31515
                ],
                [
                    18.07622,
                    59.31518
                ],
                [
                    18.07746,
                    59.31532
                ],
                [
                    18.07942,
                    59.31558
                ],
                [
                    18.07926,
                    59.31589
                ],
                [
                    18.07924,
                    59.31592
                ],
                [
                    18.07922,
                    59.31596
                ],
                [
                    18.07917,
                    59.31605
                ]
            ]
        }
    ]
}