{
    "city": 1,
    "initialStart": [
        18.07595,
        59.33811
    ],
    "trips": [
        {
            "summary": {
                "distance": 420,
                "duration": 78.2
            },
            "user": {
                "id": 1714,
                "token": "eyJhbGciOiJIUzI1NiIsInR5cCI6IkpXVCJ9.eyJpZCI6MTcxNCwicm9sZSI6InVzZXIiLCJpYXQiOjE3MDQzNjE0NzksImV4cCI6MTczNTg5NzQ3OX0.ty1IbcIUPk_PcZw1KKfaAc1mnNpc-Zn9fpgwvOx6uiw"
            },
            "coords": [
                [
                    18.07595,
                    59.33811
                ],
                [
                    18.07621,
                    59.33806
                ],
                [
                    18.07559,
                    59.33728
                ],
                [
                    18.07537,
                    59.33699
                ],
                [
                    18.07522,
                    59.3368
                ],
                [
                    18.07518,
                    59.33675
                ],
                [
                    18.07509,
                    59.33677
                ],
                [
                    18.07373,
                    59.33704
                ],
                [
                    18.07362,
                    59.33706
                ],
                [
                    18.07353,
                    59.33708
                ],
                [
                    18.07347,
                    59.33702
                ],
                [
                    18.07303,
                    59.33646
                ],
                [
                    18.07297,
                    59.33642
                ],
                [
                    18.07283,
                    59.33635
                ],
                [
                    18.07248,
                    59.33626
                ],
                [
                    18.07244,
                    59.33629
                ],
                [
                    18.07242,
                    59.33631
                ],
                [
                    18.07271,
                    59.33637
                ],
                [
                    18.07283,
                    59.33642
                ]
            ]
        }
    ]
}