{
    "city": 1,
    "initialStart": [
        18.05067,
        59.31793
    ],
    "trips": [
        {
            "summary": {
                "distance": 345.3,
                "duration": 60.3
            },
            "user": {
                "id": 1716,
                "token": "eyJhbGciOiJIUzI1NiIsInR5cCI6IkpXVCJ9.eyJpZCI6MTcxNiwicm9sZSI6InVzZXIiLCJpYXQiOjE3MDQzNjE0NzksImV4cCI6MTczNTg5NzQ3OX0.nsH5hv_JUJeGkVY0TJfZFB60ZBSmCye2z6ale55MBbo"
            },
            "coords": [
                [
                    18.05067,
                    59.31793
                ],
                [
                    18.05063,
                    59.31801
                ],
                [
                    18.05062,
                    59.31805
                ],
                [
                    18.05033,
                    59.318
                ],
                [
                    18.0502,
                    59.31798
                ],
                [
                    18.05043,
                    59.3175
                ],
                [
                    18.05047,
                    59.3174
                ],
                [
                    18.0505,
                    59.31733
                ],
                [
                    18.05045,
                    59.31723
                ],
                [
                    18.05071,
                    59.31671
                ],
                [
                    18.05069,
                    59.31669
                ],
                [
                    18.05071,
                    59.31664
                ],
                [
                    18.04857,
                    59.31637
                ],
                [
                    18.04808,
                    59.31631
                ]
            ]
        }
    ]
}