{
    "city": 1,
    "initialStart": [
        18.04698,
        59.32654
    ],
    "trips": [
        {
            "summary": {
                "distance": 423.8,
                "duration": 95.9
            },
            "user": {
                "id": 1717,
                "token": "eyJhbGciOiJIUzI1NiIsInR5cCI6IkpXVCJ9.eyJpZCI6MTcxNywicm9sZSI6InVzZXIiLCJpYXQiOjE3MDQzNjE0ODAsImV4cCI6MTczNTg5NzQ4MH0.33eXvesghYZsT1Kx47CdeaIf-D03HwdFPvywfxF9dwY"
            },
            "coords": [
                [
                    18.04698,
                    59.32654
                ],
                [
                    18.04578,
                    59.32652
                ],
                [
                    18.04578,
                    59.32661
                ],
                [
                    18.04596,
                    59.32661
                ],
                [
                    18.04597,
                    59.32665
                ],
                [
                    18.04608,
                    59.32666
                ],
                [
                    18.0463,
                    59.3267
                ],
                [
                    18.04852,
                    59.32676
                ],
                [
                    18.04873,
                    59.32674
                ],
                [
                    18.04889,
                    59.32677
                ],
                [
                    18.05013,
                    59.3268
                ],
                [
                    18.05012,
                    59.32686
                ],
                [
                    18.05029,
                    59.32688
                ],
                [
                    18.05031,
                    59.32695
                ],
                [
                    18.05043,
                    59.32724
                ],
                [
                    18.05075,
                    59.3272
                ],
                [
                    18.05101,
                    59.3272
                ]
            ]
        }
    ]
}