{
    "city": 1,
    "initialStart": [
        18.06383,
        59.34066
    ],
    "trips": [
        {
            "summary": {
                "distance": 370.1,
                "duration": 69
            },
            "user": {
                "id": 1722,
                "token": "eyJhbGciOiJIUzI1NiIsInR5cCI6IkpXVCJ9.eyJpZCI6MTcyMiwicm9sZSI6InVzZXIiLCJpYXQiOjE3MDQzNjE0ODIsImV4cCI6MTczNTg5NzQ4Mn0.BSlgPcFaRvGKyvBoyuyG2uhJAIrak_SznDX7zIAahRA"
            },
            "coords": [
                [
                    18.06383,
                    59.34066
                ],
                [
                    18.06375,
                    59.34064
                ],
                [
                    18.06381,
                    59.34057
                ],
                [
                    18.06396,
                    59.34061
                ],
                [
                    18.06508,
                    59.34091
                ],
                [
                    18.06524,
                    59.34094
                ],
                [
                    18.06535,
                    59.34103
                ],
                [
                    18.06541,
                    59.34105
                ],
                [
                    18.06547,
                    59.34109
                ],
                [
                    18.06543,
                    59.34113
                ],
                [
                    18.06531,
                    59.34125
                ],
                [
                    18.06528,
                    59.34128
                ],
                [
                    18.06482,
                    59.34177
                ],
                [
                    18.06467,
                    59.34182
                ],
                [
                    18.06463,
                    59.34187
                ],
                [
                    18.06449,
                    59.34198
                ],
                [
                    18.06437,
                    59.3421
                ],
                [
                    18.0643,
                    59.34219
                ],
                [
                    18.06395,
                    59.34256
                ],
                [
                    18.06387,
                    59.3426
                ],
                [
                    18.06365,
                    59.34282
                ],
                [
                    18.06371,
                    59.34283
                ],
                [
                    18.06387,
                    59.34267
                ]
            ]
        }
    ]
}