{
    "city": 1,
    "initialStart": [
        18.09437,
        59.33195
    ],
    "trips": [
        {
            "summary": {
                "distance": 329,
                "duration": 53.8
            },
            "user": {
                "id": 1724,
                "token": "eyJhbGciOiJIUzI1NiIsInR5cCI6IkpXVCJ9.eyJpZCI6MTcyNCwicm9sZSI6InVzZXIiLCJpYXQiOjE3MDQzNjE0ODMsImV4cCI6MTczNTg5NzQ4M30.VvcGADh-H6Cl7zCPw5mXncrc7SNRtOgoNgPCtxSm8jA"
            },
            "coords": [
                [
                    18.09437,
                    59.33195
                ],
                [
                    18.09384,
                    59.33194
                ],
                [
                    18.09378,
                    59.33199
                ],
                [
                    18.09364,
                    59.33202
                ],
                [
                    18.09348,
                    59.33206
                ],
                [
                    18.09346,
                    59.33208
                ],
                [
                    18.09328,
                    59.33241
                ],
                [
                    18.09281,
                    59.33323
                ],
                [
                    18.0924,
                    59.33393
                ],
                [
                    18.09233,
                    59.33405
                ],
                [
                    18.0923,
                    59.3341
                ],
                [
                    18.09244,
                    59.33412
                ],
                [
                    18.09252,
                    59.33414
                ],
                [
                    18.09259,
                    59.33422
                ],
                [
                    18.09257,
                    59.33428
                ],
                [
                    18.09262,
                    59.33434
                ]
            ]
        }
    ]
}