{
    "city": 1,
    "initialStart": [
        18.025,
        59.34788
    ],
    "trips": [
        {
            "summary": {
                "distance": 620.4,
                "duration": 112.3
            },
            "user": {
                "id": 173,
                "token": "eyJhbGciOiJIUzI1NiIsInR5cCI6IkpXVCJ9.eyJpZCI6MTczLCJyb2xlIjoidXNlciIsImlhdCI6MTcwMjg5MTE0OSwiZXhwIjoxNzM0NDI3MTQ5fQ.spBGfe5W6YsiieAbbGeLp-rBTYb4agSQKIFilXaI5ao"
            },
            "coords": [
                [
                    18.025,
                    59.34788
                ],
                [
                    18.02526,
                    59.34805
                ],
                [
                    18.02531,
                    59.3481
                ],
                [
                    18.0257,
                    59.34799
                ],
                [
                    18.02589,
                    59.34793
                ],
                [
                    18.02638,
                    59.34777
                ],
                [
                    18.02658,
                    59.3477
                ],
                [
                    18.02666,
                    59.34767
                ],
                [
                    18.02707,
                    59.34751
                ],
                [
                    18.02723,
                    59.34745
                ],
                [
                    18.02751,
                    59.34735
                ],
                [
                    18.02777,
                    59.34726
                ],
                [
                    18.02844,
                    59.34753
                ],
                [
                    18.02877,
                    59.34766
                ],
                [
                    18.02911,
                    59.3478
                ],
                [
                    18.02927,
                    59.34786
                ],
                [
                    18.02938,
                    59.3479
                ],
                [
                    18.02943,
                    59.34793
                ],
                [
                    18.02961,
                    59.348
                ],
                [
                    18.02975,
                    59.34806
                ],
                [
                    18.0274,
                    59.34925
                ],
                [
                    18.02749,
                    59.34929
                ],
                [
                    18.02735,
                    59.34935
                ],
                [
                    18.02726,
                    59.34938
                ],
                [
                    18.02759,
                    59.34949
                ],
                [
                    18.02744,
                    59.3496
                ],
                [
                    18.02753,
                    59.3496
                ],
                [
                    18.02761,
                    59.34963
                ],
                [
                    18.02762,
                    59.34968
                ],
                [
                    18.02749,
                    59.34978
                ]
            ]
        }
    ]
}