{
    "city": 1,
    "initialStart": [
        18.01653,
        59.33118
    ],
    "trips": [
        {
            "summary": {
                "distance": 859.1,
                "duration": 155.9
            },
            "user": {
                "id": 1736,
                "token": "eyJhbGciOiJIUzI1NiIsInR5cCI6IkpXVCJ9.eyJpZCI6MTczNiwicm9sZSI6InVzZXIiLCJpYXQiOjE3MDQzNjE0ODYsImV4cCI6MTczNTg5NzQ4Nn0.TvLvAZPLGBa6C56Y0PlUyVOzhlyhJ7B_hlvdQXlAty8"
            },
            "coords": [
                [
                    18.01653,
                    59.33118
                ],
                [
                    18.01673,
                    59.33119
                ],
                [
                    18.01833,
                    59.33133
                ],
                [
                    18.01888,
                    59.33123
                ],
                [
                    18.01955,
                    59.33107
                ],
                [
                    18.02008,
                    59.33088
                ],
                [
                    18.02041,
                    59.33073
                ],
                [
                    18.02058,
                    59.33064
                ],
                [
                    18.02062,
                    59.33053
                ],
                [
                    18.02056,
                    59.33029
                ],
                [
                    18.02034,
                    59.33015
                ],
                [
                    18.02005,
                    59.33
                ],
                [
                    18.02007,
                    59.32977
                ],
                [
                    18.01974,
                    59.32955
                ],
                [
                    18.01955,
                    59.32945
                ],
                [
                    18.01938,
                    59.32937
                ],
                [
                    18.01901,
                    59.32914
                ],
                [
                    18.0189,
                    59.32906
                ],
                [
                    18.01885,
                    59.32847
                ],
                [
                    18.01895,
                    59.32833
                ],
                [
                    18.01866,
                    59.32841
                ],
                [
                    18.01772,
                    59.32844
                ],
                [
                    18.0168,
                    59.32847
                ],
                [
                    18.01651,
                    59.32848
                ],
                [
                    18.01561,
                    59.32851
                ],
                [
                    18.01445,
                    59.32855
                ],
                [
                    18.01445,
                    59.3286
                ],
                [
                    18.01437,
                    59.32872
                ],
                [
                    18.01424,
                    59.3289
                ],
                [
                    18.01416,
                    59.32901
                ]
            ]
        }
    ]
}