{
    "city": 1,
    "initialStart": [
        18.07216,
        59.32781
    ],
    "trips": [
        {
            "summary": {
                "distance": 652,
                "duration": 120.3
            },
            "user": {
                "id": 1738,
                "token": "eyJhbGciOiJIUzI1NiIsInR5cCI6IkpXVCJ9.eyJpZCI6MTczOCwicm9sZSI6InVzZXIiLCJpYXQiOjE3MDQzNjE0ODcsImV4cCI6MTczNTg5NzQ4N30.wEl8Qbzpx1mImXSL0fGS5KajNZuoX-bW1lBSUhNuxYs"
            },
            "coords": [
                [
                    18.07216,
                    59.32781
                ],
                [
                    18.07228,
                    59.32784
                ],
                [
                    18.07241,
                    59.32787
                ],
                [
                    18.07265,
                    59.32788
                ],
                [
                    18.07268,
                    59.32793
                ],
                [
                    18.07287,
                    59.32793
                ],
                [
                    18.07288,
                    59.32789
                ],
                [
                    18.07295,
                    59.32781
                ],
                [
                    18.07425,
                    59.32672
                ],
                [
                    18.07432,
                    59.32666
                ],
                [
                    18.07446,
                    59.32656
                ],
                [
                    18.07477,
                    59.32631
                ],
                [
                    18.07494,
                    59.32614
                ],
                [
                    18.07501,
                    59.32607
                ],
                [
                    18.07522,
                    59.32584
                ],
                [
                    18.07537,
                    59.32569
                ],
                [
                    18.07547,
                    59.32558
                ],
                [
                    18.07552,
                    59.32552
                ],
                [
                    18.07557,
                    59.3253
                ],
                [
                    18.0756,
                    59.32518
                ],
                [
                    18.07562,
                    59.325
                ],
                [
                    18.0756,
                    59.32475
                ],
                [
                    18.07553,
                    59.32457
                ],
                [
                    18.07552,
                    59.32447
                ],
                [
                    18.07551,
                    59.32443
                ],
                [
                    18.07562,
                    59.32442
                ],
                [
                    18.07567,
                    59.32441
                ],
                [
                    18.07569,
                    59.32446
                ],
                [
                    18.0758,
                    59.32476
                ],
                [
                    18.07584,
                    59.32504
                ],
                [
                    18.07584,
                    59.32513
                ],
                [
                    18.07575,
                    59.32556
                ],
                [
                    18.07568,
                    59.32574
                ],
                [
                    18.07563,
                    59.32573
                ],
                [
                    18.07555,
                    59.32585
                ]
            ]
        }
    ]
}