{
    "city": 1,
    "initialStart": [
        18.0559,
        59.35074
    ],
    "trips": [
        {
            "summary": {
                "distance": 303.3,
                "duration": 70.5
            },
            "user": {
                "id": 174,
                "token": "eyJhbGciOiJIUzI1NiIsInR5cCI6IkpXVCJ9.eyJpZCI6MTc0LCJyb2xlIjoidXNlciIsImlhdCI6MTcwMjg5MTE0OSwiZXhwIjoxNzM0NDI3MTQ5fQ.Za1e1C-X7wN5W7Xvhqzvlm4HJXzWxxrc4cJfRqtj7y0"
            },
            "coords": [
                [
                    18.0559,
                    59.35074
                ],
                [
                    18.05572,
                    59.35093
                ],
                [
                    18.05577,
                    59.35099
                ],
                [
                    18.05573,
                    59.35099
                ],
                [
                    18.05574,
                    59.35101
                ],
                [
                    18.05534,
                    59.35101
                ],
                [
                    18.05503,
                    59.35097
                ],
                [
                    18.055,
                    59.35104
                ],
                [
                    18.05496,
                    59.35112
                ],
                [
                    18.05493,
                    59.35118
                ],
                [
                    18.0549,
                    59.35124
                ],
                [
                    18.0548,
                    59.35121
                ],
                [
                    18.0544,
                    59.35113
                ],
                [
                    18.05364,
                    59.35102
                ],
                [
                    18.05335,
                    59.3511
                ],
                [
                    18.05286,
                    59.35135
                ],
                [
                    18.0527,
                    59.35141
                ],
                [
                    18.05218,
                    59.35148
                ],
                [
                    18.05186,
                    59.35154
                ],
                [
                    18.05184,
                    59.35154
                ]
            ]
        }
    ]
}