{
    "city": 1,
    "initialStart": [
        18.04311,
        59.33702
    ],
    "trips": [
        {
            "summary": {
                "distance": 1900.2,
                "duration": 365.1
            },
            "user": {
                "id": 1745,
                "token": "eyJhbGciOiJIUzI1NiIsInR5cCI6IkpXVCJ9.eyJpZCI6MTc0NSwicm9sZSI6InVzZXIiLCJpYXQiOjE3MDQzNjE0ODksImV4cCI6MTczNTg5NzQ4OX0.sU2Ny7zkCfOT8nb5ho2rswVGPVVBgfY4S0RGVirQguo"
            },
            "coords": [
                [
                    18.04311,
                    59.33702
                ],
                [
                    18.04261,
                    59.33716
                ],
                [
                    18.04146,
                    59.33761
                ],
                [
                    18.04056,
                    59.33803
                ],
                [
                    18.04049,
                    59.33806
                ],
                [
                    18.0406,
                    59.33811
                ],
                [
                    18.0415,
                    59.33764
                ],
                [
                    18.04268,
                    59.33718
                ],
                [
                    18.0431,
                    59.33706
                ],
                [
                    18.04496,
                    59.33671
                ],
                [
                    18.04572,
                    59.33658
                ],
                [
                    18.04574,
                    59.33663
                ],
                [
                    18.04578,
                    59.33669
                ],
                [
                    18.04548,
                    59.33674
                ],
                [
                    18.04549,
                    59.33676
                ],
                [
                    18.04562,
                    59.33695
                ],
                [
                    18.04577,
                    59.3372
                ],
                [
                    18.04577,
                    59.33731
                ],
                [
                    18.04518,
                    59.33792
                ],
                [
                    18.04494,
                    59.33805
                ],
                [
                    18.04458,
                    59.33843
                ],
                [
                    18.04478,
                    59.33848
                ],
                [
                    18.04491,
                    59.33836
                ],
                [
                    18.04519,
                    59.33808
                ],
                [
                    18.04587,
                    59.33739
                ],
                [
                    18.04599,
                    59.33733
                ],
                [
                    18.04765,
                    59.33692
                ],
                [
                    18.04774,
                    59.33687
                ],
                [
                    18.0481,
                    59.33652
                ],
                [
                    18.04813,
                    59.33651
                ],
                [
                    18.04802,
                    59.33647
                ],
                [
                    18.04756,
                    59.33624
                ],
                [
                    18.0473,
                    59.33607
                ],
                [
                    18.04709,
                    59.33587
                ],
                [
                    18.04657,
                    59.33526
                ],
                [
                    18.04638,
                    59.33498
                ],
                [
                    18.04607,
                    59.33449
                ],
                [
                    18.04607,
                    59.33445
                ],
                [
                    18.04606,
                    59.33442
                ],
                [
                    18.04604,
                    59.33439
                ],
                [
                    18.04593,
                    59.3342
                ],
                [
                    18.046,
                    59.33413
                ],
                [
                    18.04579,
                    59.33381
                ],
                [
                    18.0453,
                    59.33295
                ],
                [
                    18.04527,
                    59.33284
                ],
                [
                    18.04526,
                    59.33279
                ],
                [
                    18.0455,
                    59.33276
                ],
                [
                    18.04663,
                    59.3326
                ],
                [
                    18.04679,
                    59.33258
                ],
                [
                    18.04682,
                    59.33263
                ],
                [
                    18.04687,
                    59.3327
                ],
                [
                    18.04727,
                    59.33342
                ],
                [
                    18.04733,
                    59.33355
                ],
                [
                    18.04737,
                    59.33362
                ],
                [
                    18.04743,
                    59.33374
                ],
                [
                    18.04747,
                    59.33379
                ],
                [
                    18.04758,
                    59.33398
                ],
                [
                    18.04675,
                    59.33438
                ],
                [
                    18.04652,
                    59.3345
                ],
                [
                    18.04637,
                    59.33461
                ],
                [
                    18.04635,
                    59.33462
                ]
            ]
        }
    ]
}