{
    "city": 1,
    "initialStart": [
        18.06047,
        59.34464
    ],
    "trips": [
        {
            "summary": {
                "distance": 439.1,
                "duration": 85
            },
            "user": {
                "id": 1759,
                "token": "eyJhbGciOiJIUzI1NiIsInR5cCI6IkpXVCJ9.eyJpZCI6MTc1OSwicm9sZSI6InVzZXIiLCJpYXQiOjE3MDQzNjE1NjAsImV4cCI6MTczNTg5NzU2MH0.d5KZVz7VcDbcfUCpu5a5QOqyBVE3hI1tXHG87x7k61o"
            },
            "coords": [
                [
                    18.06047,
                    59.34464
                ],
                [
                    18.0607,
                    59.34441
                ],
                [
                    18.06067,
                    59.34434
                ],
                [
                    18.06041,
                    59.34427
                ],
                [
                    18.06046,
                    59.34421
                ],
                [
                    18.06036,
                    59.34418
                ],
                [
                    18.06023,
                    59.34415
                ],
                [
                    18.05886,
                    59.34379
                ],
                [
                    18.05871,
                    59.34375
                ],
                [
                    18.05878,
                    59.34368
                ],
                [
                    18.0596,
                    59.34289
                ],
                [
                    18.0597,
                    59.34282
                ],
                [
                    18.05977,
                    59.34274
                ],
                [
                    18.06036,
                    59.34216
                ],
                [
                    18.06044,
                    59.34208
                ],
                [
                    18.06061,
                    59.34212
                ],
                [
                    18.06132,
                    59.34231
                ]
            ]
        }
    ]
}