{
    "city": 1,
    "initialStart": [
        18.04099,
        59.33042
    ],
    "trips": [
        {
            "summary": {
                "distance": 483.5,
                "duration": 104.3
            },
            "user": {
                "id": 1762,
                "token": "eyJhbGciOiJIUzI1NiIsInR5cCI6IkpXVCJ9.eyJpZCI6MTc2Miwicm9sZSI6InVzZXIiLCJpYXQiOjE3MDQzNjE1NjEsImV4cCI6MTczNTg5NzU2MX0.JpuEXLhiBXatUelRiige6BSJ1JGnbPY-bTDbUpzq_2k"
            },
            "coords": [
                [
                    18.04099,
                    59.33042
                ],
                [
                    18.04097,
                    59.3304
                ],
                [
                    18.04093,
                    59.33031
                ],
                [
                    18.04202,
                    59.33018
                ],
                [
                    18.0419,
                    59.33012
                ],
                [
                    18.04179,
                    59.33003
                ],
                [
                    18.04169,
                    59.32986
                ],
                [
                    18.0417,
                    59.32975
                ],
                [
                    18.04143,
                    59.32924
                ],
                [
                    18.04306,
                    59.32902
                ],
                [
                    18.04318,
                    59.329
                ],
                [
                    18.04332,
                    59.32898
                ],
                [
                    18.04482,
                    59.32878
                ],
                [
                    18.04527,
                    59.32961
                ]
            ]
        }
    ]
}