{
    "city": 1,
    "initialStart": [
        18.04544,
        59.31751
    ],
    "trips": [
        {
            "summary": {
                "distance": 311.4,
                "duration": 51.4
            },
            "user": {
                "id": 1763,
                "token": "eyJhbGciOiJIUzI1NiIsInR5cCI6IkpXVCJ9.eyJpZCI6MTc2Mywicm9sZSI6InVzZXIiLCJpYXQiOjE3MDQzNjE1NjEsImV4cCI6MTczNTg5NzU2MX0.wrh_7fBmelbpDNGSBl5Od6OLt8z-QP5IrTrT1QBNmLA"
            },
            "coords": [
                [
                    18.04544,
                    59.31751
                ],
                [
                    18.04541,
                    59.31757
                ],
                [
                    18.04523,
                    59.31755
                ],
                [
                    18.04493,
                    59.31752
                ],
                [
                    18.04481,
                    59.3175
                ],
                [
                    18.04454,
                    59.31748
                ],
                [
                    18.04428,
                    59.31745
                ],
                [
                    18.0438,
                    59.31739
                ],
                [
                    18.04332,
                    59.3173
                ],
                [
                    18.04311,
                    59.31727
                ],
                [
                    18.04285,
                    59.31723
                ],
                [
                    18.04267,
                    59.31725
                ],
                [
                    18.04261,
                    59.31732
                ],
                [
                    18.04235,
                    59.31787
                ],
                [
                    18.04192,
                    59.31782
                ],
                [
                    18.04111,
                    59.31773
                ]
            ]
        }
    ]
}