{
    "city": 1,
    "initialStart": [
        18.01869,
        59.32959
    ],
    "trips": [
        {
            "summary": {
                "distance": 546.4,
                "duration": 122.6
            },
            "user": {
                "id": 1766,
                "token": "eyJhbGciOiJIUzI1NiIsInR5cCI6IkpXVCJ9.eyJpZCI6MTc2Niwicm9sZSI6InVzZXIiLCJpYXQiOjE3MDQzNjE1NjIsImV4cCI6MTczNTg5NzU2Mn0.pF4LFpEDRANM-2WesQ7sVnP0UAYZ3MlMEPrYjM7sNmA"
            },
            "coords": [
                [
                    18.01869,
                    59.32959
                ],
                [
                    18.01891,
                    59.32952
                ],
                [
                    18.01912,
                    59.32946
                ],
                [
                    18.01938,
                    59.32937
                ],
                [
                    18.01901,
                    59.32914
                ],
                [
                    18.0189,
                    59.32906
                ],
                [
                    18.01885,
                    59.32847
                ],
                [
                    18.01895,
                    59.32833
                ],
                [
                    18.01866,
                    59.32841
                ],
                [
                    18.01772,
                    59.32844
                ],
                [
                    18.0168,
                    59.32847
                ],
                [
                    18.01651,
                    59.32848
                ],
                [
                    18.01561,
                    59.32851
                ],
                [
                    18.01445,
                    59.32855
                ],
                [
                    18.01445,
                    59.3286
                ],
                [
                    18.01437,
                    59.32872
                ],
                [
                    18.01424,
                    59.3289
                ],
                [
                    18.01395,
                    59.32931
                ],
                [
                    18.01387,
                    59.32942
                ],
                [
                    18.01364,
                    59.32938
                ]
            ]
        }
    ]
}