{
    "city": 1,
    "initialStart": [
        18.07731,
        59.3165
    ],
    "trips": [
        {
            "summary": {
                "distance": 565.5,
                "duration": 128
            },
            "user": {
                "id": 1770,
                "token": "eyJhbGciOiJIUzI1NiIsInR5cCI6IkpXVCJ9.eyJpZCI6MTc3MCwicm9sZSI6InVzZXIiLCJpYXQiOjE3MDQzNjE1NjMsImV4cCI6MTczNTg5NzU2M30.84AJbFGMZMHwvsinaIW8VoNkvtbmk567LGrwS-hx2Rk"
            },
            "coords": [
                [
                    18.07731,
                    59.3165
                ],
                [
                    18.07717,
                    59.31627
                ],
                [
                    18.07699,
                    59.31624
                ],
                [
                    18.0773,
                    59.31567
                ],
                [
                    18.07746,
                    59.31532
                ],
                [
                    18.07622,
                    59.31518
                ],
                [
                    18.07609,
                    59.31515
                ],
                [
                    18.07525,
                    59.31504
                ],
                [
                    18.07512,
                    59.31503
                ],
                [
                    18.07477,
                    59.31498
                ],
                [
                    18.07334,
                    59.31479
                ],
                [
                    18.07337,
                    59.31473
                ],
                [
                    18.07317,
                    59.31471
                ],
                [
                    18.07303,
                    59.31469
                ],
                [
                    18.07322,
                    59.31433
                ],
                [
                    18.07326,
                    59.31423
                ],
                [
                    18.07329,
                    59.31416
                ],
                [
                    18.07335,
                    59.31417
                ],
                [
                    18.07347,
                    59.31418
                ],
                [
                    18.07339,
                    59.31425
                ],
                [
                    18.07366,
                    59.31428
                ],
                [
                    18.07364,
                    59.31432
                ],
                [
                    18.07457,
                    59.31444
                ]
            ]
        }
    ]
}