{
    "city": 1,
    "initialStart": [
        18.00759,
        59.33236
    ],
    "trips": [
        {
            "summary": {
                "distance": 625.8,
                "duration": 127.9
            },
            "user": {
                "id": 1778,
                "token": "eyJhbGciOiJIUzI1NiIsInR5cCI6IkpXVCJ9.eyJpZCI6MTc3OCwicm9sZSI6InVzZXIiLCJpYXQiOjE3MDQzNjE1NjUsImV4cCI6MTczNTg5NzU2NX0.JlEtfPDZf8q1LemSX7f_kKKEB1YioiGJQ9swLRFMca0"
            },
            "coords": [
                [
                    18.00759,
                    59.33236
                ],
                [
                    18.00756,
                    59.33239
                ],
                [
                    18.00748,
                    59.33245
                ],
                [
                    18.0077,
                    59.3325
                ],
                [
                    18.00753,
                    59.33273
                ],
                [
                    18.00788,
                    59.3328
                ],
                [
                    18.00785,
                    59.33285
                ],
                [
                    18.00803,
                    59.33288
                ],
                [
                    18.00871,
                    59.33201
                ],
                [
                    18.00868,
                    59.33191
                ],
                [
                    18.00865,
                    59.33188
                ],
                [
                    18.0093,
                    59.33179
                ],
                [
                    18.00965,
                    59.33176
                ],
                [
                    18.00988,
                    59.33176
                ],
                [
                    18.01005,
                    59.33177
                ],
                [
                    18.01009,
                    59.3317
                ],
                [
                    18.01001,
                    59.3316
                ],
                [
                    18.00981,
                    59.33156
                ],
                [
                    18.00959,
                    59.33156
                ],
                [
                    18.00865,
                    59.33169
                ],
                [
                    18.00862,
                    59.33166
                ],
                [
                    18.00846,
                    59.33136
                ],
                [
                    18.00849,
                    59.33128
                ],
                [
                    18.00846,
                    59.33125
                ],
                [
                    18.00865,
                    59.33119
                ],
                [
                    18.0086,
                    59.33115
                ],
                [
                    18.00814,
                    59.33092
                ],
                [
                    18.0081,
                    59.33077
                ],
                [
                    18.00811,
                    59.33055
                ],
                [
                    18.00887,
                    59.33041
                ],
                [
                    18.00904,
                    59.33041
                ],
                [
                    18.00934,
                    59.33035
                ],
                [
                    18.00936,
                    59.33029
                ],
                [
                    18.00933,
                    59.33024
                ]
            ]
        }
    ]
}