{
    "city": 1,
    "initialStart": [
        18.07842,
        59.34057
    ],
    "trips": [
        {
            "summary": {
                "distance": 298.3,
                "duration": 81.4
            },
            "user": {
                "id": 1779,
                "token": "eyJhbGciOiJIUzI1NiIsInR5cCI6IkpXVCJ9.eyJpZCI6MTc3OSwicm9sZSI6InVzZXIiLCJpYXQiOjE3MDQzNjE1NjYsImV4cCI6MTczNTg5NzU2Nn0.UyO9BIYuSy12wYzHOzTJcehitXyl4pic6Al2h2QUxJg"
            },
            "coords": [
                [
                    18.07842,
                    59.34057
                ],
                [
                    18.0782,
                    59.34031
                ],
                [
                    18.07812,
                    59.34033
                ],
                [
                    18.07819,
                    59.34044
                ],
                [
                    18.07814,
                    59.34044
                ],
                [
                    18.07806,
                    59.34041
                ],
                [
                    18.078,
                    59.34035
                ],
                [
                    18.07795,
                    59.34029
                ],
                [
                    18.07777,
                    59.34007
                ],
                [
                    18.07788,
                    59.34004
                ],
                [
                    18.07783,
                    59.33998
                ],
                [
                    18.07725,
                    59.33927
                ],
                [
                    18.07717,
                    59.33917
                ],
                [
                    18.0771,
                    59.33909
                ],
                [
                    18.077,
                    59.33912
                ],
                [
                    18.07667,
                    59.33872
                ],
                [
                    18.07661,
                    59.3387
                ],
                [
                    18.07632,
                    59.33877
                ]
            ]
        }
    ]
}