{
    "city": 1,
    "initialStart": [
        18.01872,
        59.3485
    ],
    "trips": [
        {
            "summary": {
                "distance": 1582.3,
                "duration": 263
            },
            "user": {
                "id": 1785,
                "token": "eyJhbGciOiJIUzI1NiIsInR5cCI6IkpXVCJ9.eyJpZCI6MTc4NSwicm9sZSI6InVzZXIiLCJpYXQiOjE3MDQzNjE1NjgsImV4cCI6MTczNTg5NzU2OH0.iLwFp4IQjNjzYpolWyuqHkQAb8F6kW_89r5SvCrjZVs"
            },
            "coords": [
                [
                    18.01872,
                    59.3485
                ],
                [
                    18.01914,
                    59.34852
                ],
                [
                    18.01916,
                    59.34849
                ],
                [
                    18.01942,
                    59.34836
                ],
                [
                    18.01956,
                    59.34806
                ],
                [
                    18.02007,
                    59.34768
                ],
                [
                    18.0202,
                    59.34765
                ],
                [
                    18.02029,
                    59.34766
                ],
                [
                    18.02031,
                    59.3476
                ],
                [
                    18.02064,
                    59.34731
                ],
                [
                    18.0208,
                    59.34719
                ],
                [
                    18.02126,
                    59.34687
                ],
                [
                    18.02141,
                    59.34679
                ],
                [
                    18.0216,
                    59.3467
                ],
                [
                    18.02182,
                    59.34662
                ],
                [
                    18.0223,
                    59.34641
                ],
                [
                    18.0228,
                    59.34622
                ],
                [
                    18.02312,
                    59.34609
                ],
                [
                    18.02321,
                    59.34606
                ],
                [
                    18.0237,
                    59.34588
                ],
                [
                    18.02393,
                    59.34578
                ],
                [
                    18.02387,
                    59.34574
                ],
                [
                    18.02411,
                    59.34565
                ],
                [
                    18.02432,
                    59.34553
                ],
                [
                    18.02449,
                    59.34537
                ],
                [
                    18.02459,
                    59.34518
                ],
                [
                    18.02482,
                    59.34456
                ],
                [
                    18.02508,
                    59.34424
                ],
                [
                    18.02517,
                    59.34416
                ],
                [
                    18.02528,
                    59.34406
                ],
                [
                    18.02539,
                    59.34407
                ],
                [
                    18.02558,
                    59.34394
                ],
                [
                    18.0259,
                    59.34375
                ],
                [
                    18.02631,
                    59.34359
                ],
                [
                    18.02662,
                    59.34339
                ],
                [
                    18.02615,
                    59.34339
                ],
                [
                    18.02418,
                    59.34346
                ],
                [
                    18.02301,
                    59.34354
                ],
                [
                    18.02297,
                    59.34353
                ],
                [
                    18.02335,
                    59.34325
                ],
                [
                    18.02333,
                    59.34324
                ],
                [
                    18.02292,
                    59.34351
                ],
                [
                    18.02289,
                    59.3435
                ],
                [
                    18.02331,
                    59.34323
                ],
                [
                    18.02329,
                    59.34322
                ],
                [
                    18.02291,
                    59.34346
                ],
                [
                    18.02226,
                    59.34392
                ],
                [
                    18.02149,
                    59.34419
                ],
                [
                    18.02093,
                    59.34435
                ],
                [
                    18.02071,
                    59.34441
                ],
                [
                    18.02062,
                    59.34443
                ],
                [
                    18.01834,
                    59.34498
                ],
                [
                    18.01694,
                    59.34534
                ],
                [
                    18.01623,
                    59.34547
                ]
            ]
        }
    ]
}