{
    "city": 1,
    "initialStart": [
        18.0892,
        59.30968
    ],
    "trips": [
        {
            "summary": {
                "distance": 828.7,
                "duration": 165.2
            },
            "user": {
                "id": 1788,
                "token": "eyJhbGciOiJIUzI1NiIsInR5cCI6IkpXVCJ9.eyJpZCI6MTc4OCwicm9sZSI6InVzZXIiLCJpYXQiOjE3MDQzNjE1NjgsImV4cCI6MTczNTg5NzU2OH0.IBubpi4tecCU5JNXope8NZcozjKiPLqpxHUKkV5tN_s"
            },
            "coords": [
                [
                    18.0892,
                    59.30968
                ],
                [
                    18.08951,
                    59.30955
                ],
                [
                    18.09076,
                    59.30901
                ],
                [
                    18.09165,
                    59.30865
                ],
                [
                    18.09217,
                    59.30844
                ],
                [
                    18.09223,
                    59.30837
                ],
                [
                    18.0924,
                    59.30835
                ],
                [
                    18.09243,
                    59.30841
                ],
                [
                    18.09261,
                    59.30845
                ],
                [
                    18.09266,
                    59.3085
                ],
                [
                    18.09269,
                    59.30849
                ],
                [
                    18.09278,
                    59.30841
                ],
                [
                    18.09297,
                    59.30846
                ],
                [
                    18.09297,
                    59.30845
                ],
                [
                    18.09338,
                    59.30855
                ],
                [
                    18.09356,
                    59.30871
                ],
                [
                    18.09362,
                    59.30873
                ],
                [
                    18.09369,
                    59.30874
                ],
                [
                    18.09387,
                    59.30871
                ],
                [
                    18.09419,
                    59.3088
                ],
                [
                    18.09477,
                    59.30892
                ],
                [
                    18.09487,
                    59.30896
                ],
                [
                    18.09508,
                    59.30933
                ],
                [
                    18.0951,
                    59.30939
                ],
                [
                    18.09515,
                    59.30951
                ],
                [
                    18.09534,
                    59.3099
                ],
                [
                    18.09539,
                    59.30996
                ],
                [
                    18.09525,
                    59.30996
                ],
                [
                    18.09462,
                    59.31006
                ],
                [
                    18.09418,
                    59.31011
                ],
                [
                    18.09364,
                    59.31019
                ],
                [
                    18.09352,
                    59.31022
                ],
                [
                    18.09345,
                    59.31027
                ],
                [
                    18.09331,
                    59.31042
                ],
                [
                    18.09315,
                    59.31067
                ],
                [
                    18.09306,
                    59.31094
                ],
                [
                    18.09306,
                    59.31112
                ],
                [
                    18.0931,
                    59.31145
                ],
                [
                    18.09325,
                    59.31149
                ],
                [
                    18.09329,
                    59.31157
                ],
                [
                    18.09336,
                    59.3116
                ],
                [
                    18.09339,
                    59.31151
                ],
                [
                    18.09331,
                    59.31147
                ],
                [
                    18.09333,
                    59.31142
                ]
            ]
        }
    ]
}