{
    "city": 1,
    "initialStart": [
        18.03383,
        59.35072
    ],
    "trips": [
        {
            "summary": {
                "distance": 345.1,
                "duration": 83.3
            },
            "user": {
                "id": 1789,
                "token": "eyJhbGciOiJIUzI1NiIsInR5cCI6IkpXVCJ9.eyJpZCI6MTc4OSwicm9sZSI6InVzZXIiLCJpYXQiOjE3MDQzNjE1NjksImV4cCI6MTczNTg5NzU2OX0.QsaDo9fpkCUteRV5_y6NRq3B6KsxKilcinkQSfY8oPU"
            },
            "coords": [
                [
                    18.03383,
                    59.35072
                ],
                [
                    18.03385,
                    59.35061
                ],
                [
                    18.03391,
                    59.35052
                ],
                [
                    18.03353,
                    59.35052
                ],
                [
                    18.03342,
                    59.3505
                ],
                [
                    18.03316,
                    59.35045
                ],
                [
                    18.03301,
                    59.35039
                ],
                [
                    18.03278,
                    59.35039
                ],
                [
                    18.0326,
                    59.35042
                ],
                [
                    18.03229,
                    59.35051
                ],
                [
                    18.03204,
                    59.35061
                ],
                [
                    18.0316,
                    59.35083
                ],
                [
                    18.03138,
                    59.35096
                ],
                [
                    18.03133,
                    59.351
                ],
                [
                    18.03123,
                    59.35096
                ],
                [
                    18.03097,
                    59.35087
                ],
                [
                    18.02997,
                    59.3515
                ],
                [
                    18.03005,
                    59.35153
                ],
                [
                    18.03004,
                    59.35159
                ],
                [
                    18.03031,
                    59.35169
                ]
            ]
        }
    ]
}