{
    "city": 1,
    "initialStart": [
        18.05358,
        59.31987
    ],
    "trips": [
        {
            "summary": {
                "distance": 657.6,
                "duration": 166.1
            },
            "user": {
                "id": 179,
                "token": "eyJhbGciOiJIUzI1NiIsInR5cCI6IkpXVCJ9.eyJpZCI6MTc5LCJyb2xlIjoidXNlciIsImlhdCI6MTcwMjg5MTE1MSwiZXhwIjoxNzM0NDI3MTUxfQ.xaYq4wnzfEzcGcQGGtb3RxVmkbkw-DmoCBuC6HIOopE"
            },
            "coords": [
                [
                    18.05358,
                    59.31987
                ],
                [
                    18.05372,
                    59.31982
                ],
                [
                    18.05392,
                    59.31983
                ],
                [
                    18.05532,
                    59.31981
                ],
                [
                    18.05519,
                    59.31987
                ],
                [
                    18.05499,
                    59.31991
                ],
                [
                    18.05487,
                    59.31992
                ],
                [
                    18.05359,
                    59.32012
                ],
                [
                    18.05299,
                    59.32024
                ],
                [
                    18.0529,
                    59.32028
                ],
                [
                    18.05291,
                    59.32034
                ],
                [
                    18.05346,
                    59.32044
                ],
                [
                    18.05373,
                    59.32047
                ],
                [
                    18.05401,
                    59.3205
                ],
                [
                    18.05429,
                    59.32054
                ],
                [
                    18.05483,
                    59.32056
                ],
                [
                    18.05491,
                    59.32062
                ],
                [
                    18.05491,
                    59.32088
                ],
                [
                    18.05491,
                    59.32096
                ],
                [
                    18.05492,
                    59.32106
                ],
                [
                    18.05492,
                    59.3211
                ],
                [
                    18.05493,
                    59.32116
                ],
                [
                    18.05475,
                    59.32116
                ],
                [
                    18.05461,
                    59.32117
                ],
                [
                    18.05442,
                    59.32114
                ],
                [
                    18.05442,
                    59.32122
                ],
                [
                    18.05475,
                    59.32126
                ],
                [
                    18.05475,
                    59.32129
                ],
                [
                    18.05757,
                    59.3213
                ]
            ]
        }
    ]
}