{
    "city": 1,
    "initialStart": [
        18.05466,
        59.32129
    ],
    "trips": [
        {
            "summary": {
                "distance": 3219.6,
                "duration": 557.2
            },
            "user": {
                "id": 1790,
                "token": "eyJhbGciOiJIUzI1NiIsInR5cCI6IkpXVCJ9.eyJpZCI6MTc5MCwicm9sZSI6InVzZXIiLCJpYXQiOjE3MDQzNjE1NjksImV4cCI6MTczNTg5NzU2OX0.ZC_VDSYTjcPUsYoo1Wh-KVjajMt23TxObw89tfal2QI"
            },
            "coords": [
                [
                    18.05466,
                    59.32129
                ],
                [
                    18.05475,
                    59.32129
                ],
                [
                    18.05475,
                    59.32126
                ],
                [
                    18.05498,
                    59.32127
                ],
                [
                    18.06073,
                    59.32129
                ],
                [
                    18.06197,
                    59.32129
                ],
                [
                    18.06242,
                    59.32128
                ],
                [
                    18.0656,
                    59.32111
                ],
                [
                    18.06719,
                    59.32102
                ],
                [
                    18.06783,
                    59.32102
                ],
                [
                    18.06879,
                    59.32107
                ],
                [
                    18.06919,
                    59.32112
                ],
                [
                    18.06972,
                    59.32121
                ],
                [
                    18.07007,
                    59.32128
                ],
                [
                    18.07016,
                    59.32128
                ],
                [
                    18.0704,
                    59.32126
                ],
                [
                    18.07074,
                    59.32121
                ],
                [
                    18.07367,
                    59.3205
                ],
                [
                    18.07471,
                    59.32159
                ],
                [
                    18.07477,
                    59.32177
                ],
                [
                    18.075,
                    59.32218
                ],
                [
                    18.07504,
                    59.32231
                ],
                [
                    18.07479,
                    59.32235
                ],
                [
                    18.07474,
                    59.32235
                ],
                [
                    18.0745,
                    59.32239
                ],
                [
                    18.07438,
                    59.32232
                ],
                [
                    18.0743,
                    59.32224
                ],
                [
                    18.07415,
                    59.32206
                ],
                [
                    18.07405,
                    59.32191
                ],
                [
                    18.074,
                    59.32184
                ],
                [
                    18.07397,
                    59.32181
                ],
                [
                    18.07395,
                    59.32178
                ],
                [
                    18.07258,
                    59.32203
                ],
                [
                    18.07209,
                    59.32225
                ],
                [
                    18.0719,
                    59.32231
                ],
                [
                    18.07171,
                    59.32231
                ],
                [
                    18.07157,
                    59.32233
                ],
                [
                    18.07119,
                    59.32242
                ],
                [
                    18.07084,
                    59.32246
                ],
                [
                    18.07037,
                    59.32246
                ],
                [
                    18.06975,
                    59.3224
                ],
                [
                    18.06935,
                    59.32245
                ],
                [
                    18.06885,
                    59.32262
                ],
                [
                    18.06777,
                    59.32304
                ],
                [
                    18.06757,
                    59.32318
                ],
                [
                    18.06755,
                    59.3232
                ],
                [
                    18.06721,
                    59.32346
                ],
                [
                    18.06681,
                    59.32384
                ],
                [
                    18.06656,
                    59.32424
                ],
                [
                    18.06658,
                    59.32454
                ],
                [
                    18.06651,
                    59.32478
                ],
                [
                    18.06636,
                    59.32497
                ],
                [
                    18.06618,
                    59.32517
                ],
                [
                    18.06559,
                    59.32555
                ],
                [
                    18.0646,
                    59.32618
                ],
                [
                    18.06454,
                    59.32622
                ],
                [
                    18.06453,
                    59.32628
                ],
                [
                    18.06529,
                    59.3266
                ],
                [
                    18.06528,
                    59.32664
                ],
                [
                    18.06524,
                    59.32668
                ],
                [
                    18.06426,
                    59.32728
                ],
                [
                    18.06299,
                    59.32807
                ],
                [
                    18.06287,
                    59.32812
                ],
                [
                    18.06285,
                    59.32812
                ],
                [
                    18.06278,
                    59.32815
                ],
                [
                    18.06266,
                    59.32819
                ],
                [
                    18.06242,
                    59.32823
                ],
                [
                    18.06219,
                    59.32826
                ],
                [
                    18.06161,
                    59.32828
                ],
                [
                    18.06143,
                    59.32827
                ],
                [
                    18.06064,
                    59.32817
                ],
                [
                    18.05948,
                    59.32803
                ],
                [
                    18.05905,
                    59.32798
                ],
                [
                    18.05886,
                    59.32798
                ],
                [
                    18.05819,
                    59.32808
                ],
                [
                    18.05802,
                    59.32812
                ],
                [
                    18.05797,
                    59.32813
                ],
                [
                    18.05778,
                    59.32817
                ],
                [
