{
    "city": 1,
    "initialStart": [
        18.04345,
        59.31499
    ],
    "trips": [
        {
            "summary": {
                "distance": 536.8,
                "duration": 156
            },
            "user": {
                "id": 1792,
                "token": "eyJhbGciOiJIUzI1NiIsInR5cCI6IkpXVCJ9.eyJpZCI6MTc5Miwicm9sZSI6InVzZXIiLCJpYXQiOjE3MDQzNjE1NzAsImV4cCI6MTczNTg5NzU3MH0.yzvNtBpmuQiee6eNMsm1pM0mppuVqxpIteP73ZmJ5K4"
            },
            "coords": [
                [
                    18.04345,
                    59.31499
                ],
                [
                    18.04344,
                    59.31499
                ],
                [
                    18.04324,
                    59.31519
                ],
                [
                    18.04304,
                    59.31558
                ],
                [
                    18.0433,
                    59.31561
                ],
                [
                    18.04405,
                    59.31566
                ],
                [
                    18.04437,
                    59.31567
                ],
                [
                    18.04437,
                    59.31574
                ],
                [
                    18.04402,
                    59.31576
                ],
                [
                    18.044,
                    59.31585
                ],
                [
                    18.044,
                    59.3159
                ],
                [
                    18.04413,
                    59.31591
                ],
                [
                    18.04429,
                    59.31591
                ],
                [
                    18.04479,
                    59.31587
                ],
                [
                    18.04515,
                    59.31585
                ],
                [
                    18.04585,
                    59.31581
                ],
                [
                    18.0462,
                    59.3158
                ],
                [
                    18.04654,
                    59.31585
                ],
                [
                    18.04709,
                    59.31602
                ],
                [
                    18.04735,
                    59.31609
                ],
                [
                    18.04768,
                    59.31619
                ],
                [
                    18.04791,
                    59.31629
                ],
                [
                    18.04786,
                    59.31638
                ],
                [
                    18.04731,
                    59.31639
                ],
                [
                    18.04698,
                    59.31634
                ],
                [
                    18.04691,
                    59.31633
                ],
                [
                    18.04632,
                    59.31623
                ],
                [
                    18.04616,
                    59.31621
                ]
            ]
        }
    ]
}