{
    "city": 1,
    "initialStart": [
        18.02192,
        59.3375
    ],
    "trips": [
        {
            "summary": {
                "distance": 617.6,
                "duration": 110.1
            },
            "user": {
                "id": 1796,
                "token": "eyJhbGciOiJIUzI1NiIsInR5cCI6IkpXVCJ9.eyJpZCI6MTc5Niwicm9sZSI6InVzZXIiLCJpYXQiOjE3MDQzNjE2MzIsImV4cCI6MTczNTg5NzYzMn0.GSkupznJpIWL83wJ_05JHXTFcMqGoqCCV1rmaX0uElQ"
            },
            "coords": [
                [
                    18.02192,
                    59.3375
                ],
                [
                    18.02153,
                    59.33756
                ],
                [
                    18.02145,
                    59.33735
                ],
                [
                    18.02134,
                    59.33735
                ],
                [
                    18.02127,
                    59.33731
                ],
                [
                    18.02096,
                    59.33672
                ],
                [
                    18.02123,
                    59.3366
                ],
                [
                    18.02127,
                    59.33658
                ],
                [
                    18.02165,
                    59.3364
                ],
                [
                    18.02214,
                    59.33618
                ],
                [
                    18.02226,
                    59.33612
                ],
                [
                    18.02263,
                    59.33596
                ],
                [
                    18.02326,
                    59.33579
                ],
                [
                    18.02342,
                    59.33574
                ],
                [
                    18.0236,
                    59.33565
                ],
                [
                    18.02369,
                    59.33553
                ],
                [
                    18.02371,
                    59.33545
                ],
                [
                    18.02355,
                    59.33512
                ],
                [
                    18.02346,
                    59.33493
                ],
                [
                    18.0234,
                    59.3348
                ],
                [
                    18.02328,
                    59.33455
                ],
                [
                    18.02326,
                    59.33447
                ],
                [
                    18.02276,
                    59.33453
                ],
                [
                    18.02252,
                    59.33458
                ],
                [
                    18.0223,
                    59.33465
                ],
                [
                    18.0221,
                    59.33474
                ],
                [
                    18.02199,
                    59.33479
                ],
                [
                    18.02168,
                    59.33493
                ],
                [
                    18.02152,
                    59.33501
                ],
                [
                    18.02115,
                    59.33519
                ],
                [
                    18.02122,
                    59.33523
                ],
                [
                    18.02109,
                    59.33529
                ]
            ]
        }
    ]
}