{
    "city": 1,
    "initialStart": [
        18.03416,
        59.35263
    ],
    "trips": [
        {
            "summary": {
                "distance": 530.3,
                "duration": 98.2
            },
            "user": {
                "id": 18,
                "token": "eyJhbGciOiJIUzI1NiIsInR5cCI6IkpXVCJ9.eyJpZCI6MTgsInJvbGUiOiJ1c2VyIiwiaWF0IjoxNzAyODg5MzAzLCJleHAiOjE3MzQ0MjUzMDN9.iDUjW6QF3RYlaYftwKNQ3QlL6RRRpIVgTl312DOMKEk"
            },
            "coords": [
                [
                    18.03416,
                    59.35263
                ],
                [
                    18.03438,
                    59.35264
                ],
                [
                    18.03438,
                    59.35267
                ],
                [
                    18.03481,
                    59.35266
                ],
                [
                    18.03492,
                    59.35266
                ],
                [
                    18.03507,
                    59.35264
                ],
                [
                    18.03554,
                    59.35254
                ],
                [
                    18.03543,
                    59.35238
                ],
                [
                    18.03545,
                    59.35174
                ],
                [
                    18.03505,
                    59.35174
                ],
                [
                    18.03465,
                    59.35174
                ],
                [
                    18.03435,
                    59.35174
                ],
                [
                    18.03427,
                    59.35174
                ],
                [
                    18.03409,
                    59.35174
                ],
                [
                    18.03371,
                    59.35169
                ],
                [
                    18.0324,
                    59.3514
                ],
                [
                    18.03133,
                    59.351
                ],
                [
                    18.03123,
                    59.35096
                ],
                [
                    18.03128,
                    59.35093
                ],
                [
                    18.03195,
                    59.35046
                ],
                [
                    18.0316,
                    59.35033
                ]
            ]
        }
    ]
}