{
    "city": 1,
    "initialStart": [
        18.05588,
        59.31198
    ],
    "trips": [
        {
            "summary": {
                "distance": 371.5,
                "duration": 64.1
            },
            "user": {
                "id": 181,
                "token": "eyJhbGciOiJIUzI1NiIsInR5cCI6IkpXVCJ9.eyJpZCI6MTgxLCJyb2xlIjoidXNlciIsImlhdCI6MTcwMjg5MTE1MSwiZXhwIjoxNzM0NDI3MTUxfQ.-4Jx4_lrz6mMl2--tZs30_D8zPKbQ5RGy1mUKhV4nSI"
            },
            "coords": [
                [
                    18.05588,
                    59.31198
                ],
                [
                    18.05563,
                    59.31195
                ],
                [
                    18.05579,
                    59.31188
                ],
                [
                    18.05784,
                    59.31214
                ],
                [
                    18.05797,
                    59.31215
                ],
                [
                    18.05809,
                    59.31189
                ],
                [
                    18.05812,
                    59.31184
                ],
                [
                    18.05812,
                    59.31182
                ],
                [
                    18.05822,
                    59.31163
                ],
                [
                    18.05826,
                    59.31154
                ],
                [
                    18.05829,
                    59.31147
                ],
                [
                    18.05831,
                    59.31144
                ],
                [
                    18.05855,
                    59.31093
                ],
                [
                    18.05856,
                    59.31085
                ],
                [
                    18.05874,
                    59.31085
                ],
                [
                    18.05976,
                    59.31098
                ]
            ]
        }
    ]
}