{
    "city": 1,
    "initialStart": [
        18.01548,
        59.3401
    ],
    "trips": [
        {
            "summary": {
                "distance": 1153.9,
                "duration": 248
            },
            "user": {
                "id": 1810,
                "token": "eyJhbGciOiJIUzI1NiIsInR5cCI6IkpXVCJ9.eyJpZCI6MTgxMCwicm9sZSI6InVzZXIiLCJpYXQiOjE3MDQzNjE2MzcsImV4cCI6MTczNTg5NzYzN30.YqhWcKMdsuRqJ9LIZdj_jFGbkWoLDBdALO-sawBu-Io"
            },
            "coords": [
                [
                    18.01548,
                    59.3401
                ],
                [
                    18.01532,
                    59.34016
                ],
                [
                    18.01523,
                    59.34025
                ],
                [
                    18.01507,
                    59.34031
                ],
                [
                    18.01497,
                    59.3403
                ],
                [
                    18.01477,
                    59.34016
                ],
                [
                    18.01459,
                    59.34002
                ],
                [
                    18.01424,
                    59.34014
                ],
                [
                    18.01389,
                    59.34022
                ],
                [
                    18.01322,
                    59.34033
                ],
                [
                    18.01311,
                    59.34035
                ],
                [
                    18.01304,
                    59.34038
                ],
                [
                    18.01302,
                    59.34044
                ],
                [
                    18.0132,
                    59.34093
                ],
                [
                    18.01323,
                    59.34097
                ],
                [
                    18.01306,
                    59.34099
                ],
                [
                    18.0131,
                    59.34108
                ],
                [
                    18.01297,
                    59.34112
                ],
                [
                    18.01285,
                    59.34116
                ],
                [
                    18.01189,
                    59.34127
                ],
                [
                    18.01166,
                    59.34131
                ],
                [
                    18.01109,
                    59.3415
                ],
                [
                    18.01082,
                    59.34164
                ],
                [
                    18.01058,
                    59.34183
                ],
                [
                    18.01048,
                    59.34198
                ],
                [
                    18.01034,
                    59.34226
                ],
                [
                    18.01049,
                    59.34225
                ],
                [
                    18.01087,
                    59.34213
                ],
                [
                    18.01109,
                    59.34209
                ],
                [
                    18.01134,
                    59.34223
                ],
                [
                    18.01148,
                    59.34235
                ],
                [
                    18.01154,
                    59.3424
                ],
                [
                    18.01204,
                    59.34255
                ],
                [
                    18.01225,
                    59.34261
                ],
                [
                    18.01246,
                    59.34244
                ],
                [
                    18.01306,
                    59.34196
                ],
                [
                    18.01328,
                    59.34167
                ],
                [
                    18.01342,
                    59.34157
                ],
                [
                    18.01431,
                    59.34133
                ],
                [
                    18.01437,
                    59.34122
                ],
                [
                    18.01435,
                    59.34108
                ],
                [
                    18.01491,
                    59.34092
                ],
                [
                    18.01524,
                    59.34089
                ],
                [
                    18.01595,
                    59.34099
                ],
                [
                    18.01633,
                    59.34103
                ],
                [
                    18.01676,
                    59.34079
                ],
                [
                    18.01689,
                    59.34075
                ],
                [
                    18.01718,
                    59.3407
                ],
                [
                    18.01796,
                    59.34062
                ],
                [
                    18.01921,
                    59.34047
                ],
                [
                    18.01948,
                    59.3405
                ]
            ]
        }
    ]
}