{
    "city": 1,
    "initialStart": [
        18.0585,
        59.33948
    ],
    "trips": [
        {
            "summary": {
                "distance": 756,
                "duration": 146.6
            },
            "user": {
                "id": 1815,
                "token": "eyJhbGciOiJIUzI1NiIsInR5cCI6IkpXVCJ9.eyJpZCI6MTgxNSwicm9sZSI6InVzZXIiLCJpYXQiOjE3MDQzNjE2NDUsImV4cCI6MTczNTg5NzY0NX0.88kiYsVEveHYQITnwFPrQPAKn8HjOjr1ECyWjWDoKNQ"
            },
            "coords": [
                [
                    18.0585,
                    59.33948
                ],
                [
                    18.05868,
                    59.3393
                ],
                [
                    18.05872,
                    59.33931
                ],
                [
                    18.0588,
                    59.33923
                ],
                [
                    18.05871,
                    59.33919
                ],
                [
                    18.05818,
                    59.33906
                ],
                [
                    18.05807,
                    59.33903
                ],
                [
                    18.05795,
                    59.339
                ],
                [
                    18.05678,
                    59.3387
                ],
                [
                    18.05665,
                    59.33867
                ],
                [
                    18.05669,
                    59.33863
                ],
                [
                    18.05738,
                    59.33793
                ],
                [
                    18.05742,
                    59.33789
                ],
                [
                    18.0573,
                    59.33786
                ],
                [
                    18.05428,
                    59.33708
                ],
                [
                    18.05414,
                    59.33704
                ],
                [
                    18.05418,
                    59.33699
                ],
                [
                    18.05469,
                    59.33649
                ],
                [
                    18.05474,
                    59.33644
                ],
                [
                    18.05492,
                    59.33648
                ],
                [
                    18.0573,
                    59.33708
                ],
                [
                    18.05727,
                    59.33711
                ],
                [
                    18.05666,
                    59.33696
                ]
            ]
        }
    ]
}