{
    "city": 1,
    "initialStart": [
        18.06606,
        59.33766
    ],
    "trips": [
        {
            "summary": {
                "distance": 508.5,
                "duration": 92.2
            },
            "user": {
                "id": 1822,
                "token": "eyJhbGciOiJIUzI1NiIsInR5cCI6IkpXVCJ9.eyJpZCI6MTgyMiwicm9sZSI6InVzZXIiLCJpYXQiOjE3MDQzNjE2NTAsImV4cCI6MTczNTg5NzY1MH0.WNmScUXpk39p5FFq-ciRK178OzrEKwDpNKwVJ_vbnWk"
            },
            "coords": [
                [
                    18.06606,
                    59.33766
                ],
                [
                    18.06615,
                    59.33716
                ],
                [
                    18.06493,
                    59.3371
                ],
                [
                    18.06519,
                    59.33656
                ],
                [
                    18.06509,
                    59.33651
                ],
                [
                    18.06434,
                    59.33631
                ],
                [
                    18.06333,
                    59.33604
                ],
                [
                    18.06318,
                    59.336
                ],
                [
                    18.06302,
                    59.33596
                ],
                [
                    18.06336,
                    59.33563
                ],
                [
                    18.06347,
                    59.33553
                ],
                [
                    18.06367,
                    59.33557
                ],
                [
                    18.06393,
                    59.33563
                ],
                [
                    18.06447,
                    59.33575
                ],
                [
                    18.06483,
                    59.33581
                ],
                [
                    18.06528,
                    59.33586
                ],
                [
                    18.06527,
                    59.33595
                ],
                [
                    18.06527,
                    59.33598
                ],
                [
                    18.06526,
                    59.336
                ]
            ]
        }
    ]
}