{
    "city": 1,
    "initialStart": [
        18.07548,
        59.31833
    ],
    "trips": [
        {
            "summary": {
                "distance": 1603.4,
                "duration": 343.4
            },
            "user": {
                "id": 1828,
                "token": "eyJhbGciOiJIUzI1NiIsInR5cCI6IkpXVCJ9.eyJpZCI6MTgyOCwicm9sZSI6InVzZXIiLCJpYXQiOjE3MDQzNjE2NTIsImV4cCI6MTczNTg5NzY1Mn0.17aumXJrw6dx6vevC0MlJOUX88edBI1QxcgdNuxww_8"
            },
            "coords": [
                [
                    18.07548,
                    59.31833
                ],
                [
                    18.07565,
                    59.31834
                ],
                [
                    18.07572,
                    59.31837
                ],
                [
                    18.07597,
                    59.31836
                ],
                [
                    18.07607,
                    59.31828
                ],
                [
                    18.07634,
                    59.31819
                ],
                [
                    18.07634,
                    59.31813
                ],
                [
                    18.07657,
                    59.31813
                ],
                [
                    18.07662,
                    59.31812
                ],
                [
                    18.07667,
                    59.31788
                ],
                [
                    18.07496,
                    59.31767
                ],
                [
                    18.07477,
                    59.31801
                ],
                [
                    18.07467,
                    59.31819
                ],
                [
                    18.07461,
                    59.31824
                ],
                [
                    18.07448,
                    59.31825
                ],
                [
                    18.0741,
                    59.31821
                ],
                [
                    18.07392,
                    59.3182
                ],
                [
                    18.07375,
                    59.3182
                ],
                [
                    18.07329,
                    59.31814
                ],
                [
                    18.07144,
                    59.31788
                ],
                [
                    18.07109,
                    59.31858
                ],
                [
                    18.07106,
                    59.31865
                ],
                [
                    18.07091,
                    59.31894
                ],
                [
                    18.07079,
                    59.31917
                ],
                [
                    18.07069,
                    59.31935
                ],
                [
                    18.07068,
                    59.31938
                ],
                [
                    18.07066,
                    59.31942
                ],
                [
                    18.07056,
                    59.31963
                ],
                [
                    18.07052,
                    59.31978
                ],
                [
                    18.07049,
                    59.31987
                ],
                [
                    18.07053,
                    59.3199
                ],
                [
                    18.07082,
                    59.31996
                ],
                [
                    18.0723,
                    59.32013
                ],
                [
                    18.07256,
                    59.32017
                ],
                [
                    18.07285,
                    59.32023
                ],
                [
                    18.07318,
                    59.3203
                ],
                [
                    18.07336,
                    59.32037
                ],
                [
                    18.07342,
                    59.32042
                ],
                [
                    18.07389,
                    59.32096
                ],
                [
                    18.07433,
                    59.32139
                ],
                [
                    18.07446,
                    59.32164
                ],
                [
                    18.07448,
                    59.3217
                ],
                [
                    18.07454,
                    59.32183
                ],
                [
                    18.07479,
                    59.32235
                ],
                [
                    18.07504,
                    59.32231
                ],
                [
                    18.075,
                    59.32218
                ],
                [
                    18.07477,
                    59.32177
                ],
                [
                    18.07471,
                    59.32159
                ],
                [
                    18.07367,
                    59.3205
                ],
                [
                    18.07371,
                    59.32049
                ],
                [
                    18.07512,
                    59.32015
                ],
                [
                    18.07527,
                    59.32012
                ],
                [
                    18.07701,
                    59.3197
                ],
                [
                    18.07721,
                    59.31963
                ],
                [
                    18.07732,
                    59.31956
                ],
                [
                    18.07736,
                    59.31948
                ],
                [
                    18.07748,
                    59.31941
                ],
                [
                    18.07755,
                    59.31939
                ],
                [
                    18.07765,
                    59.3195
                ],
                [
                    18.07771,
                    59.31949
                ]
            ]
        }
    ]
}