{
    "city": 1,
    "initialStart": [
        18.08553,
        59.31501
    ],
    "trips": [
        {
            "summary": {
                "distance": 439.2,
                "duration": 113
            },
            "user": {
                "id": 1829,
                "token": "eyJhbGciOiJIUzI1NiIsInR5cCI6IkpXVCJ9.eyJpZCI6MTgyOSwicm9sZSI6InVzZXIiLCJpYXQiOjE3MDQzNjE2NTIsImV4cCI6MTczNTg5NzY1Mn0.whbkuzEDNeIy6ZNkGReStSUWBogo2tNrRXtsJogDBjc"
            },
            "coords": [
                [
                    18.08553,
                    59.31501
                ],
                [
                    18.08426,
                    59.31484
                ],
                [
                    18.08424,
                    59.31487
                ],
                [
                    18.08412,
                    59.31485
                ],
                [
                    18.08434,
                    59.31438
                ],
                [
                    18.08439,
                    59.31429
                ],
                [
                    18.08443,
                    59.3142
                ],
                [
                    18.08466,
                    59.31369
                ],
                [
                    18.0847,
                    59.3136
                ],
                [
                    18.08474,
                    59.31351
                ],
                [
                    18.08494,
                    59.31311
                ],
                [
                    18.08498,
                    59.31301
                ],
                [
                    18.08463,
                    59.31295
                ],
                [
                    18.08366,
                    59.31282
                ],
                [
                    18.08374,
                    59.31266
                ],
                [
                    18.08393,
                    59.31226
                ],
                [
                    18.08393,
                    59.31225
                ]
            ]
        }
    ]
}