{
    "city": 1,
    "initialStart": [
        18.00073,
        59.32911
    ],
    "trips": [
        {
            "summary": {
                "distance": 1618.8,
                "duration": 264.9
            },
            "user": {
                "id": 1831,
                "token": "eyJhbGciOiJIUzI1NiIsInR5cCI6IkpXVCJ9.eyJpZCI6MTgzMSwicm9sZSI6InVzZXIiLCJpYXQiOjE3MDQzNjE2NTMsImV4cCI6MTczNTg5NzY1M30.-fcLYdw-_IhbAl0p9OB-juf6zc3X9CECYHoNOlpXVfs"
            },
            "coords": [
                [
                    18.00073,
                    59.32911
                ],
                [
                    18.00085,
                    59.32908
                ],
                [
                    18.00099,
                    59.32908
                ],
                [
                    18.00113,
                    59.32911
                ],
                [
                    18.00124,
                    59.32918
                ],
                [
                    18.00149,
                    59.32955
                ],
                [
                    18.00166,
                    59.32981
                ],
                [
                    18.00236,
                    59.32968
                ],
                [
                    18.0025,
                    59.32962
                ],
                [
                    18.00397,
                    59.32928
                ],
                [
                    18.00476,
                    59.32908
                ],
                [
                    18.00663,
                    59.32865
                ],
                [
                    18.00846,
                    59.32822
                ],
                [
                    18.00861,
                    59.32819
                ],
                [
                    18.00879,
                    59.32815
                ],
                [
                    18.01091,
                    59.32763
                ],
                [
                    18.01102,
                    59.32757
                ],
                [
                    18.01104,
                    59.32752
                ],
                [
                    18.01109,
                    59.32728
                ],
                [
                    18.01187,
                    59.32726
                ],
                [
                    18.01206,
                    59.32725
                ],
                [
                    18.01309,
                    59.32722
                ],
                [
                    18.01307,
                    59.32694
                ],
                [
                    18.01312,
                    59.32688
                ],
                [
                    18.01332,
                    59.32677
                ],
                [
                    18.01339,
                    59.32667
                ],
                [
                    18.01224,
                    59.3264
                ],
                [
                    18.01166,
                    59.32626
                ],
                [
                    18.01071,
                    59.32603
                ],
                [
                    18.01049,
                    59.32597
                ],
                [
                    18.00938,
                    59.3257
                ],
                [
                    18.00934,
                    59.32564
                ],
                [
                    18.0088,
                    59.32551
                ],
                [
                    18.00871,
                    59.32549
                ],
                [
                    18.00846,
                    59.32542
                ],
                [
                    18.00837,
                    59.32552
                ],
                [
                    18.00822,
                    59.32561
                ],
                [
                    18.00784,
                    59.32566
                ],
                [
                    18.00751,
                    59.32565
                ],
                [
                    18.00708,
                    59.32561
                ],
                [
                    18.00628,
                    59.32554
                ],
                [
                    18.00586,
                    59.32555
                ],
                [
                    18.00484,
                    59.32569
                ],
                [
                    18.004,
                    59.32584
                ],
                [
                    18.00404,
                    59.32594
                ],
                [
                    18.00407,
                    59.32603
                ],
                [
                    18.00406,
                    59.32611
                ],
                [
                    18.00396,
                    59.32619
                ],
                [
                    18.00382,
                    59.32622
                ],
                [
                    18.00367,
                    59.32622
                ],
                [
                    18.00347,
                    59.32618
                ],
                [
                    18.00284,
                    59.32592
                ],
                [
                    18.00271,
                    59.32587
                ]
            ]
        }
    ]
}