{
    "city": 1,
    "initialStart": [
        18.01507,
        59.33919
    ],
    "trips": [
        {
            "summary": {
                "distance": 342,
                "duration": 67.1
            },
            "user": {
                "id": 1834,
                "token": "eyJhbGciOiJIUzI1NiIsInR5cCI6IkpXVCJ9.eyJpZCI6MTgzNCwicm9sZSI6InVzZXIiLCJpYXQiOjE3MDQzNjE3MTQsImV4cCI6MTczNTg5NzcxNH0.G3fGIv0U_0H_bhzGlPwf-LsOjdbnz8U1Ub9wMr6Z4Z0"
            },
            "coords": [
                [
                    18.01507,
                    59.33919
                ],
                [
                    18.01518,
                    59.33922
                ],
                [
                    18.01565,
                    59.33925
                ],
                [
                    18.01569,
                    59.33929
                ],
                [
                    18.01574,
                    59.33933
                ],
                [
                    18.01534,
                    59.33963
                ],
                [
                    18.01459,
                    59.34002
                ],
                [
                    18.01424,
                    59.34014
                ],
                [
                    18.01389,
                    59.34022
                ],
                [
                    18.01322,
                    59.34033
                ],
                [
                    18.01311,
                    59.34035
                ],
                [
                    18.01304,
                    59.34038
                ],
                [
                    18.01302,
                    59.34044
                ],
                [
                    18.0132,
                    59.34093
                ],
                [
                    18.01323,
                    59.34097
                ],
                [
                    18.01306,
                    59.34099
                ],
                [
                    18.0131,
                    59.34108
                ],
                [
                    18.0133,
                    59.34104
                ]
            ]
        }
    ]
}