{
    "city": 1,
    "initialStart": [
        18.07774,
        59.3404
    ],
    "trips": [
        {
            "summary": {
                "distance": 300.3,
                "duration": 68.2
            },
            "user": {
                "id": 1835,
                "token": "eyJhbGciOiJIUzI1NiIsInR5cCI6IkpXVCJ9.eyJpZCI6MTgzNSwicm9sZSI6InVzZXIiLCJpYXQiOjE3MDQzNjE3MTQsImV4cCI6MTczNTg5NzcxNH0.qUF4wtH9HxF3Q7EH870JxDh9R0D7YZAdF-FcuNbIaDg"
            },
            "coords": [
                [
                    18.07774,
                    59.3404
                ],
                [
                    18.07794,
                    59.34036
                ],
                [
                    18.078,
                    59.34035
                ],
                [
                    18.07806,
                    59.34041
                ],
                [
                    18.07814,
                    59.34044
                ],
                [
                    18.07819,
                    59.34044
                ],
                [
                    18.07903,
                    59.34151
                ],
                [
                    18.0791,
                    59.34159
                ],
                [
                    18.07924,
                    59.34156
                ],
                [
                    18.08011,
                    59.34138
                ],
                [
                    18.08026,
                    59.34134
                ],
                [
                    18.08041,
                    59.34132
                ],
                [
                    18.08046,
                    59.34138
                ],
                [
                    18.08116,
                    59.34123
                ]
            ]
        }
    ]
}