{
    "city": 1,
    "initialStart": [
        18.07572,
        59.31171
    ],
    "trips": [
        {
            "summary": {
                "distance": 915.5,
                "duration": 149.8
            },
            "user": {
                "id": 1838,
                "token": "eyJhbGciOiJIUzI1NiIsInR5cCI6IkpXVCJ9.eyJpZCI6MTgzOCwicm9sZSI6InVzZXIiLCJpYXQiOjE3MDQzNjE3MTUsImV4cCI6MTczNTg5NzcxNX0.oHfOTd2-ecq2y5y61Q_-JF9VGZL4nfA8PgfVkiE8Uro"
            },
            "coords": [
                [
                    18.07572,
                    59.31171
                ],
                [
                    18.07587,
                    59.31175
                ],
                [
                    18.0756,
                    59.31176
                ],
                [
                    18.0749,
                    59.31166
                ],
                [
                    18.07482,
                    59.31163
                ],
                [
                    18.07476,
                    59.31162
                ],
                [
                    18.07467,
                    59.31161
                ],
                [
                    18.07449,
                    59.31159
                ],
                [
                    18.07496,
                    59.31062
                ],
                [
                    18.07501,
                    59.31052
                ],
                [
                    18.07452,
                    59.31046
                ],
                [
                    18.07443,
                    59.31044
                ],
                [
                    18.07432,
                    59.31043
                ],
                [
                    18.07284,
                    59.31024
                ],
                [
                    18.07266,
                    59.3102
                ],
                [
                    18.07163,
                    59.31006
                ],
                [
                    18.0714,
                    59.31002
                ],
                [
                    18.07127,
                    59.31026
                ],
                [
                    18.07119,
                    59.3103
                ],
                [
                    18.07109,
                    59.31031
                ],
                [
                    18.07061,
                    59.31025
                ],
                [
                    18.07038,
                    59.31022
                ],
                [
                    18.06973,
                    59.31013
                ],
                [
                    18.06986,
                    59.3099
                ],
                [
                    18.0699,
                    59.30986
                ],
                [
                    18.0701,
                    59.30966
                ],
                [
                    18.07022,
                    59.30954
                ],
                [
                    18.07048,
                    59.30927
                ],
                [
                    18.07055,
                    59.30925
                ],
                [
                    18.07072,
                    59.30927
                ],
                [
                    18.07172,
                    59.30941
                ],
                [
                    18.0727,
                    59.30953
                ],
                [
                    18.07296,
                    59.30956
                ],
                [
                    18.07321,
                    59.30906
                ],
                [
                    18.07328,
                    59.30894
                ],
                [
                    18.07335,
                    59.30892
                ],
                [
                    18.07412,
                    59.30902
                ]
            ]
        }
    ]
}