{
    "city": 1,
    "initialStart": [
        18.09345,
        59.34055
    ],
    "trips": [
        {
            "summary": {
                "distance": 495.2,
                "duration": 121.6
            },
            "user": {
                "id": 184,
                "token": "eyJhbGciOiJIUzI1NiIsInR5cCI6IkpXVCJ9.eyJpZCI6MTg0LCJyb2xlIjoidXNlciIsImlhdCI6MTcwMjg5MTE1MywiZXhwIjoxNzM0NDI3MTUzfQ.Akn7eZNaAc2WoaRC02uN-0hctblxP-EXEf-SVRTeDFk"
            },
            "coords": [
                [
                    18.09345,
                    59.34055
                ],
                [
                    18.09405,
                    59.34039
                ],
                [
                    18.09412,
                    59.34035
                ],
                [
                    18.09404,
                    59.34023
                ],
                [
                    18.09394,
                    59.34015
                ],
                [
                    18.09293,
                    59.3404
                ],
                [
                    18.09304,
                    59.3405
                ],
                [
                    18.09318,
                    59.34062
                ],
                [
                    18.09344,
                    59.34084
                ],
                [
                    18.09371,
                    59.34106
                ],
                [
                    18.09401,
                    59.34131
                ],
                [
                    18.09388,
                    59.34131
                ],
                [
                    18.09379,
                    59.34131
                ],
                [
                    18.09345,
                    59.34139
                ],
                [
                    18.09317,
                    59.34146
                ],
                [
                    18.09311,
                    59.3415
                ],
                [
                    18.09304,
                    59.34156
                ],
                [
                    18.09293,
                    59.34158
                ],
                [
                    18.09157,
                    59.34192
                ],
                [
                    18.09145,
                    59.34195
                ],
                [
                    18.09153,
                    59.34206
                ],
                [
                    18.09161,
                    59.34204
                ],
                [
                    18.09187,
                    59.34237
                ],
                [
                    18.09195,
                    59.34248
                ],
                [
                    18.0921,
                    59.34246
                ]
            ]
        }
    ]
}