{
    "city": 1,
    "initialStart": [
        18.06261,
        59.3454
    ],
    "trips": [
        {
            "summary": {
                "distance": 465.7,
                "duration": 117.2
            },
            "user": {
                "id": 1841,
                "token": "eyJhbGciOiJIUzI1NiIsInR5cCI6IkpXVCJ9.eyJpZCI6MTg0MSwicm9sZSI6InVzZXIiLCJpYXQiOjE3MDQzNjE3MTYsImV4cCI6MTczNTg5NzcxNn0.OwwnuRfXvp48E1ht0hmTR70fcUFeeXzEuksRx4Cv3m8"
            },
            "coords": [
                [
                    18.06261,
                    59.3454
                ],
                [
                    18.06279,
                    59.34522
                ],
                [
                    18.06281,
                    59.34522
                ],
                [
                    18.06283,
                    59.3452
                ],
                [
                    18.06295,
                    59.34523
                ],
                [
                    18.06311,
                    59.34527
                ],
                [
                    18.0632,
                    59.34529
                ],
                [
                    18.06322,
                    59.34529
                ],
                [
                    18.06347,
                    59.34529
                ],
                [
                    18.06361,
                    59.34526
                ],
                [
                    18.06381,
                    59.34529
                ],
                [
                    18.06488,
                    59.34531
                ],
                [
                    18.06535,
                    59.34532
                ],
                [
                    18.0661,
                    59.34534
                ],
                [
                    18.06654,
                    59.34535
                ],
                [
                    18.06665,
                    59.34534
                ],
                [
                    18.06674,
                    59.34531
                ],
                [
                    18.06794,
                    59.34478
                ],
                [
                    18.06803,
                    59.34483
                ],
                [
                    18.06807,
                    59.34486
                ],
                [
                    18.06814,
                    59.34491
                ],
                [
                    18.06803,
                    59.34494
                ],
                [
                    18.06766,
                    59.34509
                ],
                [
                    18.06748,
                    59.34519
                ],
                [
                    18.06744,
                    59.34524
                ],
                [
                    18.06754,
                    59.34536
                ],
                [
                    18.06741,
                    59.34541
                ],
                [
                    18.06706,
                    59.34555
                ]
            ]
        }
    ]
}