{
    "city": 1,
    "initialStart": [
        18.02245,
        59.32193
    ],
    "trips": [
        {
            "summary": {
                "distance": 1041.4,
                "duration": 197.9
            },
            "user": {
                "id": 1843,
                "token": "eyJhbGciOiJIUzI1NiIsInR5cCI6IkpXVCJ9.eyJpZCI6MTg0Mywicm9sZSI6InVzZXIiLCJpYXQiOjE3MDQzNjE3MTYsImV4cCI6MTczNTg5NzcxNn0.4DLsKzO2dh4H89NcklojSorTA0Ov33QX4iaDCKukYZs"
            },
            "coords": [
                [
                    18.02245,
                    59.32193
                ],
                [
                    18.02245,
                    59.32189
                ],
                [
                    18.02255,
                    59.32179
                ],
                [
                    18.02281,
                    59.32177
                ],
                [
                    18.02296,
                    59.32173
                ],
                [
                    18.02372,
                    59.32153
                ],
                [
                    18.02389,
                    59.32154
                ],
                [
                    18.02463,
                    59.32156
                ],
                [
                    18.02478,
                    59.32155
                ],
                [
                    18.0248,
                    59.32136
                ],
                [
                    18.02486,
                    59.32073
                ],
                [
                    18.02492,
                    59.32018
                ],
                [
                    18.02603,
                    59.32004
                ],
                [
                    18.02621,
                    59.32002
                ],
                [
                    18.02693,
                    59.32006
                ],
                [
                    18.02796,
                    59.3201
                ],
                [
                    18.0286,
                    59.32013
                ],
                [
                    18.02863,
                    59.31998
                ],
                [
                    18.02861,
                    59.31996
                ],
                [
                    18.02813,
                    59.3197
                ],
                [
                    18.02808,
                    59.31963
                ],
                [
                    18.02822,
                    59.31903
                ],
                [
                    18.02823,
                    59.31899
                ],
                [
                    18.02801,
                    59.31899
                ],
                [
                    18.02749,
                    59.31885
                ],
                [
                    18.02731,
                    59.31881
                ],
                [
                    18.02721,
                    59.31876
                ],
                [
                    18.02704,
                    59.31861
                ],
                [
                    18.02676,
                    59.31853
                ],
                [
                    18.02665,
                    59.3184
                ],
                [
                    18.0265,
                    59.31842
                ],
                [
                    18.02586,
                    59.31854
                ],
                [
                    18.02573,
                    59.31856
                ],
                [
                    18.02554,
                    59.31855
                ],
                [
                    18.02551,
                    59.31859
                ],
                [
                    18.02539,
                    59.31873
                ],
                [
                    18.02539,
                    59.31876
                ],
                [
                    18.02544,
                    59.31888
                ],
                [
                    18.02555,
                    59.31913
                ],
                [
                    18.02542,
                    59.31923
                ],
                [
                    18.02534,
                    59.31924
                ],
                [
                    18.02514,
                    59.31928
                ],
                [
                    18.02476,
                    59.31934
                ],
                [
                    18.02465,
                    59.31937
                ],
                [
                    18.0246,
                    59.3194
                ],
                [
                    18.02457,
                    59.31956
                ],
                [
                    18.02448,
                    59.31962
                ],
                [
                    18.0241,
                    59.31965
                ],
                [
                    18.02407,
                    59.31954
                ],
                [
                    18.02391,
                    59.31944
                ]
            ]
        }
    ]
}