{
    "city": 1,
    "initialStart": [
        18.01062,
        59.33746
    ],
    "trips": [
        {
            "summary": {
                "distance": 555.5,
                "duration": 106.8
            },
            "user": {
                "id": 1846,
                "token": "eyJhbGciOiJIUzI1NiIsInR5cCI6IkpXVCJ9.eyJpZCI6MTg0Niwicm9sZSI6InVzZXIiLCJpYXQiOjE3MDQzNjE3MTcsImV4cCI6MTczNTg5NzcxN30.YP5tvFb7cSzrTwMUyKUeQC-B7aknBgjtDJAb4k6XKhs"
            },
            "coords": [
                [
                    18.01062,
                    59.33746
                ],
                [
                    18.01058,
                    59.3372
                ],
                [
                    18.01049,
                    59.33691
                ],
                [
                    18.01032,
                    59.33676
                ],
                [
                    18.00996,
                    59.33693
                ],
                [
                    18.00853,
                    59.33764
                ],
                [
                    18.00828,
                    59.33777
                ],
                [
                    18.00802,
                    59.3379
                ],
                [
                    18.0078,
                    59.338
                ],
                [
                    18.00774,
                    59.33797
                ],
                [
                    18.00758,
                    59.3379
                ],
                [
                    18.00751,
                    59.33787
                ],
                [
                    18.00741,
                    59.33777
                ],
                [
                    18.00645,
                    59.33727
                ],
                [
                    18.00656,
                    59.33721
                ],
                [
                    18.00564,
                    59.33674
                ],
                [
                    18.00548,
                    59.33669
                ],
                [
                    18.00536,
                    59.33668
                ],
                [
                    18.00542,
                    59.33662
                ],
                [
                    18.00569,
                    59.33667
                ],
                [
                    18.00616,
                    59.33691
                ]
            ]
        }
    ]
}