{
    "city": 1,
    "initialStart": [
        18.05627,
        59.33365
    ],
    "trips": [
        {
            "summary": {
                "distance": 335.4,
                "duration": 54.9
            },
            "user": {
                "id": 1854,
                "token": "eyJhbGciOiJIUzI1NiIsInR5cCI6IkpXVCJ9.eyJpZCI6MTg1NCwicm9sZSI6InVzZXIiLCJpYXQiOjE3MDQzNjE3MjAsImV4cCI6MTczNTg5NzcyMH0.9K2q3nxROXtyzKTbwqtunMY9PWENJFfOpTvbt3uyL1c"
            },
            "coords": [
                [
                    18.05627,
                    59.33365
                ],
                [
                    18.05635,
                    59.33367
                ],
                [
                    18.05649,
                    59.33371
                ],
                [
                    18.05658,
                    59.33377
                ],
                [
                    18.05664,
                    59.33379
                ],
                [
                    18.05654,
                    59.3339
                ],
                [
                    18.0558,
                    59.33472
                ],
                [
                    18.05572,
                    59.33482
                ],
                [
                    18.05565,
                    59.33494
                ],
                [
                    18.0553,
                    59.33555
                ],
                [
                    18.05522,
                    59.33569
                ],
                [
                    18.05512,
                    59.33577
                ],
                [
                    18.05522,
                    59.33579
                ],
                [
                    18.05621,
                    59.33604
                ],
                [
                    18.05625,
                    59.33605
                ]
            ]
        }
    ]
}