{
    "city": 1,
    "initialStart": [
        18.06994,
        59.33274
    ],
    "trips": [
        {
            "summary": {
                "distance": 319.6,
                "duration": 55.4
            },
            "user": {
                "id": 1857,
                "token": "eyJhbGciOiJIUzI1NiIsInR5cCI6IkpXVCJ9.eyJpZCI6MTg1Nywicm9sZSI6InVzZXIiLCJpYXQiOjE3MDQzNjE3MjEsImV4cCI6MTczNTg5NzcyMX0.4HzEhVkdrYT_-t61vDIRLqvcLegQSXlzXzhy8jk3Z8k"
            },
            "coords": [
                [
                    18.06994,
                    59.33274
                ],
                [
                    18.06995,
                    59.33269
                ],
                [
                    18.06996,
                    59.33266
                ],
                [
                    18.06996,
                    59.33264
                ],
                [
                    18.07135,
                    59.33271
                ],
                [
                    18.07161,
                    59.33276
                ],
                [
                    18.07169,
                    59.33268
                ],
                [
                    18.07195,
                    59.33225
                ],
                [
                    18.072,
                    59.33217
                ],
                [
                    18.07203,
                    59.33211
                ],
                [
                    18.07206,
                    59.33207
                ],
                [
                    18.07244,
                    59.33142
                ],
                [
                    18.07248,
                    59.33136
                ],
                [
                    18.07272,
                    59.33092
                ]
            ]
        }
    ]
}