{
    "city": 1,
    "initialStart": [
        18.03086,
        59.32926
    ],
    "trips": [
        {
            "summary": {
                "distance": 378,
                "duration": 84.2
            },
            "user": {
                "id": 1860,
                "token": "eyJhbGciOiJIUzI1NiIsInR5cCI6IkpXVCJ9.eyJpZCI6MTg2MCwicm9sZSI6InVzZXIiLCJpYXQiOjE3MDQzNjE3MjIsImV4cCI6MTczNTg5NzcyMn0.PBpSw7mEN6COVRTHi2rG2t4xJYIOhE6ORhwjwDZiq4M"
            },
            "coords": [
                [
                    18.03086,
                    59.32926
                ],
                [
                    18.03038,
                    59.32934
                ],
                [
                    18.03005,
                    59.32943
                ],
                [
                    18.02942,
                    59.32959
                ],
                [
                    18.03065,
                    59.33093
                ],
                [
                    18.03075,
                    59.33101
                ],
                [
                    18.03078,
                    59.33108
                ],
                [
                    18.03078,
                    59.33116
                ],
                [
                    18.03062,
                    59.3312
                ],
                [
                    18.03048,
                    59.33122
                ],
                [
                    18.03051,
                    59.33126
                ],
                [
                    18.0305,
                    59.33128
                ],
                [
                    18.03042,
                    59.33128
                ],
                [
                    18.02933,
                    59.3315
                ]
            ]
        }
    ]
}