{
    "city": 1,
    "initialStart": [
        18.03361,
        59.342
    ],
    "trips": [
        {
            "summary": {
                "distance": 575.3,
                "duration": 110.9
            },
            "user": {
                "id": 1861,
                "token": "eyJhbGciOiJIUzI1NiIsInR5cCI6IkpXVCJ9.eyJpZCI6MTg2MSwicm9sZSI6InVzZXIiLCJpYXQiOjE3MDQzNjE3MjIsImV4cCI6MTczNTg5NzcyMn0.sTCHdkIqt_un1zqr7tKO3xqb9WDv5taDyu_jexSKnEs"
            },
            "coords": [
                [
                    18.03361,
                    59.342
                ],
                [
                    18.03319,
                    59.34137
                ],
                [
                    18.03557,
                    59.34133
                ],
                [
                    18.03702,
                    59.3413
                ],
                [
                    18.03724,
                    59.34129
                ],
                [
                    18.03738,
                    59.34123
                ],
                [
                    18.03742,
                    59.3412
                ],
                [
                    18.03745,
                    59.34117
                ],
                [
                    18.03741,
                    59.34111
                ],
                [
                    18.03682,
                    59.3401
                ],
                [
                    18.03658,
                    59.3397
                ],
                [
                    18.0365,
                    59.33959
                ],
                [
                    18.03632,
                    59.33962
                ],
                [
                    18.03633,
                    59.33963
                ],
                [
                    18.03634,
                    59.33964
                ],
                [
                    18.0354,
                    59.33979
                ]
            ]
        }
    ]
}