{
    "city": 1,
    "initialStart": [
        18.08859,
        59.33514
    ],
    "trips": [
        {
            "summary": {
                "distance": 515.2,
                "duration": 107.9
            },
            "user": {
                "id": 1866,
                "token": "eyJhbGciOiJIUzI1NiIsInR5cCI6IkpXVCJ9.eyJpZCI6MTg2Niwicm9sZSI6InVzZXIiLCJpYXQiOjE3MDQzNjE3MjQsImV4cCI6MTczNTg5NzcyNH0.EKsKa-tj3z_bdCgh-unN8zMVPy33L9MlvFqd0Ue46v0"
            },
            "coords": [
                [
                    18.08859,
                    59.33514
                ],
                [
                    18.08809,
                    59.33524
                ],
                [
                    18.08811,
                    59.33527
                ],
                [
                    18.08824,
                    59.33544
                ],
                [
                    18.08831,
                    59.3355
                ],
                [
                    18.08836,
                    59.33556
                ],
                [
                    18.08784,
                    59.33567
                ],
                [
                    18.08765,
                    59.33571
                ],
                [
                    18.08771,
                    59.3358
                ],
                [
                    18.08793,
                    59.33612
                ],
                [
                    18.08843,
                    59.3368
                ],
                [
                    18.0885,
                    59.33688
                ],
                [
                    18.08832,
                    59.33692
                ],
                [
                    18.08735,
                    59.33711
                ],
                [
                    18.08721,
                    59.33714
                ],
                [
                    18.08727,
                    59.33722
                ],
                [
                    18.08781,
                    59.33794
                ],
                [
                    18.08784,
                    59.338
                ],
                [
                    18.08879,
                    59.33781
                ],
                [
                    18.08875,
                    59.33776
                ],
                [
                    18.08846,
                    59.33782
                ]
            ]
        }
    ]
}