{
    "city": 1,
    "initialStart": [
        18.02644,
        59.32152
    ],
    "trips": [
        {
            "summary": {
                "distance": 794.8,
                "duration": 184.8
            },
            "user": {
                "id": 1868,
                "token": "eyJhbGciOiJIUzI1NiIsInR5cCI6IkpXVCJ9.eyJpZCI6MTg2OCwicm9sZSI6InVzZXIiLCJpYXQiOjE3MDQzNjE3MjQsImV4cCI6MTczNTg5NzcyNH0.RglpyTfDGQ1hR8xec0njKite2aruDEaW3WPYnInz57Y"
            },
            "coords": [
                [
                    18.02644,
                    59.32152
                ],
                [
                    18.02699,
                    59.32155
                ],
                [
                    18.02716,
                    59.32154
                ],
                [
                    18.02735,
                    59.32136
                ],
                [
                    18.02744,
                    59.32124
                ],
                [
                    18.02754,
                    59.3212
                ],
                [
                    18.02765,
                    59.32119
                ],
                [
                    18.02783,
                    59.32119
                ],
                [
                    18.02788,
                    59.32117
                ],
                [
                    18.02791,
                    59.32115
                ],
                [
                    18.02798,
                    59.32075
                ],
                [
                    18.02803,
                    59.32069
                ],
                [
                    18.02809,
                    59.32065
                ],
                [
                    18.02848,
                    59.32055
                ],
                [
                    18.02856,
                    59.32048
                ],
                [
                    18.0286,
                    59.32013
                ],
                [
                    18.02863,
                    59.31998
                ],
                [
                    18.02861,
                    59.31996
                ],
                [
                    18.02813,
                    59.3197
                ],
                [
                    18.02808,
                    59.31963
                ],
                [
                    18.02822,
                    59.31903
                ],
                [
                    18.02823,
                    59.31899
                ],
                [
                    18.02801,
                    59.31899
                ],
                [
                    18.02749,
                    59.31885
                ],
                [
                    18.02731,
                    59.31881
                ],
                [
                    18.02721,
                    59.31876
                ],
                [
                    18.02704,
                    59.31861
                ],
                [
                    18.02676,
                    59.31853
                ],
                [
                    18.02665,
                    59.3184
                ],
                [
                    18.0265,
                    59.31842
                ],
                [
                    18.02586,
                    59.31854
                ],
                [
                    18.02573,
                    59.31856
                ],
                [
                    18.02554,
                    59.31855
                ],
                [
                    18.02551,
                    59.31859
                ],
                [
                    18.02539,
                    59.31873
                ],
                [
                    18.02539,
                    59.31876
                ],
                [
                    18.02544,
                    59.31888
                ],
                [
                    18.02555,
                    59.31913
                ],
                [
                    18.02542,
                    59.31923
                ],
                [
                    18.02534,
                    59.31924
                ],
                [
                    18.02514,
                    59.31928
                ],
                [
                    18.02517,
                    59.3192
                ],
                [
                    18.02374,
                    59.31927
                ],
                [
                    18.02368,
                    59.31927
                ],
                [
                    18.02292,
                    59.31933
                ]
            ]
        }
    ]
}