{
    "city": 1,
    "initialStart": [
        18.10522,
        59.33707
    ],
    "trips": [
        {
            "summary": {
                "distance": 341.3,
                "duration": 69.4
            },
            "user": {
                "id": 187,
                "token": "eyJhbGciOiJIUzI1NiIsInR5cCI6IkpXVCJ9.eyJpZCI6MTg3LCJyb2xlIjoidXNlciIsImlhdCI6MTcwMjg5MTE1NCwiZXhwIjoxNzM0NDI3MTU0fQ.nSoGOVNb5kLfPB7e0fTk7fen9wFfIyk92Tc2qOIPjvE"
            },
            "coords": [
                [
                    18.10522,
                    59.33707
                ],
                [
                    18.10537,
                    59.33701
                ],
                [
                    18.10592,
                    59.33676
                ],
                [
                    18.10632,
                    59.33653
                ],
                [
                    18.10682,
                    59.33618
                ],
                [
                    18.10721,
                    59.33588
                ],
                [
                    18.10728,
                    59.33578
                ],
                [
                    18.1072,
                    59.33569
                ],
                [
                    18.10695,
                    59.33552
                ],
                [
                    18.1064,
                    59.33516
                ],
                [
                    18.1068,
                    59.33498
                ],
                [
                    18.10686,
                    59.33501
                ],
                [
                    18.10697,
                    59.33503
                ],
                [
                    18.10705,
                    59.33501
                ],
                [
                    18.10718,
                    59.33491
                ],
                [
                    18.10717,
                    59.33488
                ],
                [
                    18.10708,
                    59.33486
                ]
            ]
        }
    ]
}