{
    "city": 1,
    "initialStart": [
        18.09047,
        59.33931
    ],
    "trips": [
        {
            "summary": {
                "distance": 411.9,
                "duration": 93.4
            },
            "user": {
                "id": 1870,
                "token": "eyJhbGciOiJIUzI1NiIsInR5cCI6IkpXVCJ9.eyJpZCI6MTg3MCwicm9sZSI6InVzZXIiLCJpYXQiOjE3MDQzNjE3MjUsImV4cCI6MTczNTg5NzcyNX0.70fpZgrTFDxRmmL0825lsjTmHxRPxFAS-BY92IIH96Q"
            },
            "coords": [
                [
                    18.09047,
                    59.33931
                ],
                [
                    18.09043,
                    59.33924
                ],
                [
                    18.09035,
                    59.33923
                ],
                [
                    18.09049,
                    59.33894
                ],
                [
                    18.09052,
                    59.33887
                ],
                [
                    18.09023,
                    59.33854
                ],
                [
                    18.09015,
                    59.33846
                ],
                [
                    18.09011,
                    59.33837
                ],
                [
                    18.09011,
                    59.33832
                ],
                [
                    18.08995,
                    59.33831
                ],
                [
                    18.08959,
                    59.33829
                ],
                [
                    18.08947,
                    59.33828
                ],
                [
                    18.08934,
                    59.33823
                ],
                [
                    18.08911,
                    59.338
                ],
                [
                    18.08892,
                    59.33778
                ],
                [
                    18.08894,
                    59.33757
                ],
                [
                    18.08907,
                    59.33738
                ],
                [
                    18.08917,
                    59.3373
                ],
                [
                    18.08936,
                    59.33722
                ],
                [
                    18.08954,
                    59.33716
                ],
                [
                    18.08973,
                    59.33712
                ],
                [
                    18.08999,
                    59.33709
                ],
                [
                    18.09009,
                    59.33709
                ],
                [
                    18.09045,
                    59.33713
                ],
                [
                    18.09066,
                    59.33717
                ],
                [
                    18.09074,
                    59.3372
                ],
                [
                    18.09081,
                    59.33715
                ],
                [
                    18.0908,
                    59.33711
                ],
                [
                    18.09094,
                    59.33688
                ]
            ]
        }
    ]
}