{
    "city": 2,
    "initialStart": [
        11.90601,
        57.66644
    ],
    "trips": [
        {
            "summary": {
                "distance": 433.6,
                "duration": 90.4
            },
            "user": {
                "id": 1875,
                "token": "eyJhbGciOiJIUzI1NiIsInR5cCI6IkpXVCJ9.eyJpZCI6MTg3NSwicm9sZSI6InVzZXIiLCJpYXQiOjE3MDQzNzAwODUsImV4cCI6MTczNTkwNjA4NX0.1eBs1akGOordmJDjZla9_enI8fiml71lnLARPcDHK0s"
            },
            "coords": [
                [
                    11.90601,
                    57.66644
                ],
                [
                    11.90488,
                    57.66635
                ],
                [
                    11.90406,
                    57.66631
                ],
                [
                    11.90253,
                    57.66621
                ],
                [
                    11.9026,
                    57.66635
                ],
                [
                    11.90299,
                    57.66678
                ],
                [
                    11.90298,
                    57.66688
                ],
                [
                    11.90296,
                    57.66693
                ],
                [
                    11.90288,
                    57.66701
                ],
                [
                    11.90269,
                    57.66709
                ],
                [
                    11.90248,
                    57.66716
                ],
                [
                    11.90241,
                    57.66719
                ],
                [
                    11.90225,
                    57.6671
                ],
                [
                    11.90156,
                    57.66695
                ],
                [
                    11.90143,
                    57.66692
                ],
                [
                    11.90121,
                    57.66688
                ],
                [
                    11.90097,
                    57.66682
                ]
            ]
        }
    ]
}