{
    "city": 2,
    "initialStart": [
        11.93084,
        57.66143
    ],
    "trips": [
        {
            "summary": {
                "distance": 391.8,
                "duration": 97.5
            },
            "user": {
                "id": 1879,
                "token": "eyJhbGciOiJIUzI1NiIsInR5cCI6IkpXVCJ9.eyJpZCI6MTg3OSwicm9sZSI6InVzZXIiLCJpYXQiOjE3MDQzNzAwODYsImV4cCI6MTczNTkwNjA4Nn0.HDmPqXTDRO_xxCNl1VJlMFDxGJpaZcUuQkeDANkCX3E"
            },
            "coords": [
                [
                    11.93084,
                    57.66143
                ],
                [
                    11.93085,
                    57.66148
                ],
                [
                    11.93092,
                    57.66179
                ],
                [
                    11.93181,
                    57.66174
                ],
                [
                    11.93199,
                    57.66177
                ],
                [
                    11.93206,
                    57.6617
                ],
                [
                    11.93245,
                    57.66168
                ],
                [
                    11.93246,
                    57.66175
                ],
                [
                    11.93251,
                    57.66197
                ],
                [
                    11.93252,
                    57.66204
                ],
                [
                    11.93257,
                    57.66229
                ],
                [
                    11.93259,
                    57.66237
                ],
                [
                    11.93263,
                    57.66258
                ],
                [
                    11.93265,
                    57.66265
                ],
                [
                    11.93268,
                    57.66277
                ],
                [
                    11.93271,
                    57.66293
                ],
                [
                    11.93272,
                    57.66295
                ],
                [
                    11.93277,
                    57.6632
                ],
                [
                    11.93419,
                    57.66312
                ]
            ]
        }
    ]
}