{
    "city": 2,
    "initialStart": [
        11.8823,
        57.68239
    ],
    "trips": [
        {
            "summary": {
                "distance": 1503.1,
                "duration": 299.7
            },
            "user": {
                "id": 1881,
                "token": "eyJhbGciOiJIUzI1NiIsInR5cCI6IkpXVCJ9.eyJpZCI6MTg4MSwicm9sZSI6InVzZXIiLCJpYXQiOjE3MDQzNzAwODcsImV4cCI6MTczNTkwNjA4N30.Pz2tmc7ywHgZcQimcwtrgfdjLhi_Ij5q2x7YbAzgXz8"
            },
            "coords": [
                [
                    11.8823,
                    57.68239
                ],
                [
                    11.88211,
                    57.6823
                ],
                [
                    11.88192,
                    57.68231
                ],
                [
                    11.88161,
                    57.68259
                ],
                [
                    11.88136,
                    57.68262
                ],
                [
                    11.88105,
                    57.68259
                ],
                [
                    11.88084,
                    57.6826
                ],
                [
                    11.88076,
                    57.6827
                ],
                [
                    11.8803,
                    57.68263
                ],
                [
                    11.88022,
                    57.68256
                ],
                [
                    11.87989,
                    57.68247
                ],
                [
                    11.87987,
                    57.68236
                ],
                [
                    11.87952,
                    57.68241
                ],
                [
                    11.87929,
                    57.6825
                ],
                [
                    11.87895,
                    57.68262
                ],
                [
                    11.87858,
                    57.68291
                ],
                [
                    11.87797,
                    57.6832
                ],
                [
                    11.87826,
                    57.68338
                ],
                [
                    11.87744,
                    57.68337
                ],
                [
                    11.8773,
                    57.68333
                ],
                [
                    11.87709,
                    57.68314
                ],
                [
                    11.87705,
                    57.68297
                ],
                [
                    11.87692,
                    57.68269
                ],
                [
                    11.87672,
                    57.68242
                ],
                [
                    11.87666,
                    57.68229
                ],
                [
                    11.87629,
                    57.68205
                ],
                [
                    11.87623,
                    57.68198
                ],
                [
                    11.87629,
                    57.68161
                ],
                [
                    11.87624,
                    57.68106
                ],
                [
                    11.8761,
                    57.68089
                ],
                [
                    11.87575,
                    57.68058
                ],
                [
                    11.87533,
                    57.68009
                ],
                [
                    11.87525,
                    57.67994
                ],
                [
                    11.87527,
                    57.67983
                ],
                [
                    11.87527,
                    57.67981
                ],
                [
                    11.87542,
                    57.67982
                ],
                [
                    11.87626,
                    57.6799
                ],
                [
                    11.87762,
                    57.68004
                ],
                [
                    11.87851,
                    57.68014
                ],
                [
                    11.88026,
                    57.68036
                ],
                [
                    11.88057,
                    57.6804
                ],
                [
                    11.88108,
                    57.68051
                ],
                [
                    11.88165,
                    57.68068
                ],
                [
                    11.88153,
                    57.68077
                ],
                [
                    11.88143,
                    57.68082
                ],
                [
                    11.88133,
                    57.68085
                ],
                [
                    11.88073,
                    57.68096
                ],
                [
                    11.87985,
                    57.68101
                ],
                [
                    11.87944,
                    57.68111
                ],
                [
                    11.87936,
                    57.681
                ],
                [
                    11.87935,
                    57.68092
                ],
                [
                    11.87941,
                    57.6808
                ],
                [
                    11.87966,
                    57.68063
                ],
                [
                    11.87967,
                    57.6806
                ],
                [
                    11.87985,
                    57.68059
                ],
                [
                    11.88003,
                    57.68068
                ],
                [
                    11.88012,
                    57.68074
                ],
                [
                    11.8802,
                    57.68075
                ],
                [
                    11.88025,
                    57.68067
                ]
            ]
        }
    ]
}