{
    "city": 2,
    "initialStart": [
        11.91979,
        57.71886
    ],
    "trips": [
        {
            "summary": {
                "distance": 321.5,
                "duration": 52.6
            },
            "user": {
                "id": 1883,
                "token": "eyJhbGciOiJIUzI1NiIsInR5cCI6IkpXVCJ9.eyJpZCI6MTg4Mywicm9sZSI6InVzZXIiLCJpYXQiOjE3MDQzNzAwODcsImV4cCI6MTczNTkwNjA4N30.32TA05PtBhJ1CSDgibVtZiDgViwl8yBU7OMdeN7wbVU"
            },
            "coords": [
                [
                    11.91979,
                    57.71886
                ],
                [
                    11.91977,
                    57.71892
                ],
                [
                    11.91974,
                    57.71895
                ],
                [
                    11.91954,
                    57.71892
                ],
                [
                    11.91905,
                    57.71883
                ],
                [
                    11.91912,
                    57.71877
                ],
                [
                    11.91922,
                    57.7187
                ],
                [
                    11.91909,
                    57.71866
                ],
                [
                    11.91882,
                    57.71861
                ],
                [
                    11.91865,
                    57.71857
                ],
                [
                    11.91817,
                    57.71845
                ],
                [
                    11.91708,
                    57.71827
                ],
                [
                    11.9168,
                    57.71822
                ],
                [
                    11.91652,
                    57.71831
                ],
                [
                    11.91602,
                    57.71843
                ],
                [
                    11.9156,
                    57.71852
                ],
                [
                    11.91543,
                    57.7184
                ]
            ]
        }
    ]
}