{
    "city": 2,
    "initialStart": [
        11.93032,
        57.70549
    ],
    "trips": [
        {
            "summary": {
                "distance": 332.4,
                "duration": 67.5
            },
            "user": {
                "id": 1884,
                "token": "eyJhbGciOiJIUzI1NiIsInR5cCI6IkpXVCJ9.eyJpZCI6MTg4NCwicm9sZSI6InVzZXIiLCJpYXQiOjE3MDQzNzAwODgsImV4cCI6MTczNTkwNjA4OH0.1lBbxKL6QViWXZN7vZjjSUkRtfrdhmRujzVDjePUxQw"
            },
            "coords": [
                [
                    11.93032,
                    57.70549
                ],
                [
                    11.93038,
                    57.70531
                ],
                [
                    11.93082,
                    57.70533
                ],
                [
                    11.9308,
                    57.70541
                ],
                [
                    11.93072,
                    57.70579
                ],
                [
                    11.93064,
                    57.70581
                ],
                [
                    11.93064,
                    57.70586
                ],
                [
                    11.93061,
                    57.70609
                ],
                [
                    11.93068,
                    57.70629
                ],
                [
                    11.93082,
                    57.70642
                ],
                [
                    11.93092,
                    57.70647
                ],
                [
                    11.93102,
                    57.70652
                ],
                [
                    11.93121,
                    57.70657
                ],
                [
                    11.93131,
                    57.7066
                ],
                [
                    11.9317,
                    57.70672
                ],
                [
                    11.93212,
                    57.70686
                ],
                [
                    11.93243,
                    57.70696
                ],
                [
                    11.93279,
                    57.70711
                ],
                [
                    11.93309,
                    57.70703
                ]
            ]
        }
    ]
}