{
    "city": 2,
    "initialStart": [
        11.89243,
        57.66985
    ],
    "trips": [
        {
            "summary": {
                "distance": 352.5,
                "duration": 181.1
            },
            "user": {
                "id": 1885,
                "token": "eyJhbGciOiJIUzI1NiIsInR5cCI6IkpXVCJ9.eyJpZCI6MTg4NSwicm9sZSI6InVzZXIiLCJpYXQiOjE3MDQzNzAwODgsImV4cCI6MTczNTkwNjA4OH0.BtEGFaQoUEuiU617GFKP1wDDHIK-fShOAP91kUWYmi0"
            },
            "coords": [
                [
                    11.89243,
                    57.66985
                ],
                [
                    11.89282,
                    57.66992
                ],
                [
                    11.89295,
                    57.66992
                ],
                [
                    11.89309,
                    57.66989
                ],
                [
                    11.8932,
                    57.66978
                ],
                [
                    11.89337,
                    57.66967
                ],
                [
                    11.89345,
                    57.66958
                ],
                [
                    11.89344,
                    57.66955
                ],
                [
                    11.89321,
                    57.66941
                ],
                [
                    11.89324,
                    57.66933
                ],
                [
                    11.89332,
                    57.66927
                ],
                [
                    11.89363,
                    57.6692
                ],
                [
                    11.89383,
                    57.66912
                ],
                [
                    11.8943,
                    57.669
                ],
                [
                    11.89516,
                    57.66879
                ],
                [
                    11.8949,
                    57.66846
                ],
                [
                    11.89467,
                    57.66824
                ],
                [
                    11.89522,
                    57.66804
                ]
            ]
        }
    ]
}