{
    "city": 2,
    "initialStart": [
        11.95014,
        57.67786
    ],
    "trips": [
        {
            "summary": {
                "distance": 351.4,
                "duration": 72.6
            },
            "user": {
                "id": 1886,
                "token": "eyJhbGciOiJIUzI1NiIsInR5cCI6IkpXVCJ9.eyJpZCI6MTg4Niwicm9sZSI6InVzZXIiLCJpYXQiOjE3MDQzNzAwODgsImV4cCI6MTczNTkwNjA4OH0.ats1KyB89kDXkFtcixfbVabOO2vnm_5RFcep2WcN-fQ"
            },
            "coords": [
                [
                    11.95014,
                    57.67786
                ],
                [
                    11.95006,
                    57.6779
                ],
                [
                    11.94961,
                    57.67804
                ],
                [
                    11.94969,
                    57.67808
                ],
                [
                    11.94981,
                    57.67816
                ],
                [
                    11.94999,
                    57.67828
                ],
                [
                    11.9502,
                    57.67841
                ],
                [
                    11.95023,
                    57.67846
                ],
                [
                    11.95031,
                    57.67884
                ],
                [
                    11.95032,
                    57.6789
                ],
                [
                    11.95019,
                    57.67888
                ],
                [
                    11.9501,
                    57.67887
                ],
                [
                    11.94993,
                    57.67884
                ],
                [
                    11.94899,
                    57.67868
                ],
                [
                    11.9489,
                    57.67867
                ],
                [
                    11.94879,
                    57.67865
                ],
                [
                    11.9485,
                    57.6786
                ],
                [
                    11.94843,
                    57.67868
                ],
                [
                    11.94827,
                    57.67886
                ],
                [
                    11.94821,
                    57.67893
                ],
                [
                    11.94809,
                    57.67907
                ],
                [
                    11.94804,
                    57.67912
                ],
                [
                    11.94787,
                    57.67909
                ],
                [
                    11.94785,
                    57.67913
                ],
                [
                    11.94801,
                    57.67916
                ]
            ]
        }
    ]
}