{
    "city": 2,
    "initialStart": [
        11.92419,
        57.70772
    ],
    "trips": [
        {
            "summary": {
                "distance": 655,
                "duration": 107.2
            },
            "user": {
                "id": 1887,
                "token": "eyJhbGciOiJIUzI1NiIsInR5cCI6IkpXVCJ9.eyJpZCI6MTg4Nywicm9sZSI6InVzZXIiLCJpYXQiOjE3MDQzNzAwODgsImV4cCI6MTczNTkwNjA4OH0.CB3M5n4LyUdIpW8XZv1diuszu4PEoJujVkTj7TsrQVQ"
            },
            "coords": [
                [
                    11.92419,
                    57.70772
                ],
                [
                    11.92385,
                    57.70779
                ],
                [
                    11.92342,
                    57.70787
                ],
                [
                    11.924,
                    57.7085
                ],
                [
                    11.92458,
                    57.70915
                ],
                [
                    11.92446,
                    57.70918
                ],
                [
                    11.9246,
                    57.70931
                ],
                [
                    11.92477,
                    57.70943
                ],
                [
                    11.92505,
                    57.70959
                ],
                [
                    11.92512,
                    57.70962
                ],
                [
                    11.92644,
                    57.70999
                ],
                [
                    11.92681,
                    57.70997
                ],
                [
                    11.92698,
                    57.70993
                ],
                [
                    11.92701,
                    57.7099
                ],
                [
                    11.92704,
                    57.70984
                ],
                [
                    11.92702,
                    57.7097
                ],
                [
                    11.92689,
                    57.70953
                ],
                [
                    11.92677,
                    57.70947
                ],
                [
                    11.92657,
                    57.70942
                ],
                [
                    11.92618,
                    57.70939
                ],
                [
                    11.92598,
                    57.70941
                ],
                [
                    11.92549,
                    57.70952
                ],
                [
                    11.92477,
                    57.70967
                ],
                [
                    11.9244,
                    57.70973
                ],
                [
                    11.92404,
                    57.70975
                ],
                [
                    11.9237,
                    57.70975
                ],
                [
                    11.92361,
                    57.70975
                ],
                [
                    11.92355,
                    57.70976
                ]
            ]
        }
    ]
}