{
    "city": 2,
    "initialStart": [
        11.9091,
        57.70608
    ],
    "trips": [
        {
            "summary": {
                "distance": 426,
                "duration": 71.4
            },
            "user": {
                "id": 1888,
                "token": "eyJhbGciOiJIUzI1NiIsInR5cCI6IkpXVCJ9.eyJpZCI6MTg4OCwicm9sZSI6InVzZXIiLCJpYXQiOjE3MDQzNzAxNDksImV4cCI6MTczNTkwNjE0OX0.9ta9aIy0Qjg92tOBRPuNEFOeQ0KcTVexoL7cy0bBIIQ"
            },
            "coords": [
                [
                    11.9091,
                    57.70608
                ],
                [
                    11.90902,
                    57.70628
                ],
                [
                    11.909,
                    57.70634
                ],
                [
                    11.90894,
                    57.70647
                ],
                [
                    11.9089,
                    57.70658
                ],
                [
                    11.90832,
                    57.70652
                ],
                [
                    11.90814,
                    57.7065
                ],
                [
                    11.90804,
                    57.70649
                ],
                [
                    11.90728,
                    57.70643
                ],
                [
                    11.90708,
                    57.70641
                ],
                [
                    11.90687,
                    57.7064
                ],
                [
                    11.90626,
                    57.70635
                ],
                [
                    11.90605,
                    57.70635
                ],
                [
                    11.90575,
                    57.70642
                ],
                [
                    11.90565,
                    57.70637
                ],
                [
                    11.90554,
                    57.70628
                ],
                [
                    11.90548,
                    57.7063
                ],
                [
                    11.90538,
                    57.70618
                ],
                [
                    11.90531,
                    57.7061
                ],
                [
                    11.90514,
                    57.70594
                ],
                [
                    11.90513,
                    57.70593
                ],
                [
                    11.905,
                    57.70581
                ],
                [
                    11.90488,
                    57.70569
                ],
                [
                    11.90472,
                    57.70552
                ],
                [
                    11.9047,
                    57.7055
                ],
                [
                    11.90457,
                    57.70539
                ],
                [
                    11.90446,
                    57.70528
                ],
                [
                    11.90444,
                    57.70526
                ],
                [
                    11.90431,
                    57.70514
                ],
                [
                    11.90444,
                    57.7051
                ]
            ]
        }
    ]
}