{
    "city": 1,
    "initialStart": [
        18.05403,
        59.35262
    ],
    "trips": [
        {
            "summary": {
                "distance": 294.1,
                "duration": 63.1
            },
            "user": {
                "id": 189,
                "token": "eyJhbGciOiJIUzI1NiIsInR5cCI6IkpXVCJ9.eyJpZCI6MTg5LCJyb2xlIjoidXNlciIsImlhdCI6MTcwMjg5MTE1NCwiZXhwIjoxNzM0NDI3MTU0fQ.PSZWwH6-tX_DjPN6VB1su8bWhj0jMEgjy1GqFK8dePc"
            },
            "coords": [
                [
                    18.05403,
                    59.35262
                ],
                [
                    18.05405,
                    59.35261
                ],
                [
                    18.05438,
                    59.35234
                ],
                [
                    18.05439,
                    59.35214
                ],
                [
                    18.05475,
                    59.35171
                ],
                [
                    18.05499,
                    59.35143
                ],
                [
                    18.05501,
                    59.35133
                ],
                [
                    18.0549,
                    59.35124
                ],
                [
                    18.05493,
                    59.35118
                ],
                [
                    18.05496,
                    59.35112
                ],
                [
                    18.055,
                    59.35104
                ],
                [
                    18.05503,
                    59.35097
                ],
                [
                    18.05534,
                    59.35101
                ],
                [
                    18.05574,
                    59.35101
                ],
                [
                    18.05573,
                    59.35099
                ],
                [
                    18.05577,
                    59.35099
                ],
                [
                    18.05572,
                    59.35093
                ],
                [
                    18.05605,
                    59.35059
                ]
            ]
        }
    ]
}