{
    "city": 2,
    "initialStart": [
        11.94086,
        57.68509
    ],
    "trips": [
        {
            "summary": {
                "distance": 758.1,
                "duration": 197.9
            },
            "user": {
                "id": 1892,
                "token": "eyJhbGciOiJIUzI1NiIsInR5cCI6IkpXVCJ9.eyJpZCI6MTg5Miwicm9sZSI6InVzZXIiLCJpYXQiOjE3MDQzNzAxNTAsImV4cCI6MTczNTkwNjE1MH0.Aib7Jfo1y8LmUKMgClo12Y4wGV_Oi4_ooZ0yo9sjapg"
            },
            "coords": [
                [
                    11.94086,
                    57.68509
                ],
                [
                    11.94084,
                    57.68508
                ],
                [
                    11.94054,
                    57.68505
                ],
                [
                    11.94043,
                    57.68506
                ],
                [
                    11.94017,
                    57.68515
                ],
                [
                    11.94003,
                    57.68517
                ],
                [
                    11.93994,
                    57.68513
                ],
                [
                    11.93977,
                    57.6851
                ],
                [
                    11.93965,
                    57.6851
                ],
                [
                    11.93923,
                    57.68518
                ],
                [
                    11.93916,
                    57.68517
                ],
                [
                    11.93896,
                    57.68498
                ],
                [
                    11.93861,
                    57.68483
                ],
                [
                    11.9385,
                    57.68483
                ],
                [
                    11.93841,
                    57.68486
                ],
                [
                    11.93808,
                    57.685
                ],
                [
                    11.93802,
                    57.68505
                ],
                [
                    11.93772,
                    57.68506
                ],
                [
                    11.93764,
                    57.68503
                ],
                [
                    11.93756,
                    57.68498
                ],
                [
                    11.93746,
                    57.68488
                ],
                [
                    11.93746,
                    57.68486
                ],
                [
                    11.93768,
                    57.6848
                ],
                [
                    11.93772,
                    57.68477
                ],
                [
                    11.9379,
                    57.68461
                ],
                [
                    11.93789,
                    57.68457
                ],
                [
                    11.93848,
                    57.68451
                ],
                [
                    11.93877,
                    57.68446
                ],
                [
                    11.93917,
                    57.68438
                ],
                [
                    11.93966,
                    57.68418
                ],
                [
                    11.94,
                    57.68405
                ],
                [
                    11.9402,
                    57.684
                ],
                [
                    11.94037,
                    57.68397
                ],
                [
                    11.94108,
                    57.68389
                ],
                [
                    11.9415,
                    57.68388
                ],
                [
                    11.9422,
                    57.68389
                ],
                [
                    11.94249,
                    57.6839
                ],
                [
                    11.94337,
                    57.68395
                ],
                [
                    11.94365,
                    57.68395
                ],
                [
                    11.9439,
                    57.68392
                ],
                [
                    11.94384,
                    57.68381
                ],
                [
                    11.94394,
                    57.68359
                ],
                [
                    11.94435,
                    57.6832
                ]
            ]
        }
    ]
}