{
    "city": 2,
    "initialStart": [
        11.97978,
        57.70894
    ],
    "trips": [
        {
            "summary": {
                "distance": 682.1,
                "duration": 229.5
            },
            "user": {
                "id": 1893,
                "token": "eyJhbGciOiJIUzI1NiIsInR5cCI6IkpXVCJ9.eyJpZCI6MTg5Mywicm9sZSI6InVzZXIiLCJpYXQiOjE3MDQzNzAxNTAsImV4cCI6MTczNTkwNjE1MH0.cvIJ2T901IiE1XB9TwhHzlM7eKnxG1yWLWkP7NNBOkk"
            },
            "coords": [
                [
                    11.97978,
                    57.70894
                ],
                [
                    11.9801,
                    57.709
                ],
                [
                    11.98013,
                    57.70894
                ],
                [
                    11.98014,
                    57.70889
                ],
                [
                    11.98016,
                    57.70884
                ],
                [
                    11.97919,
                    57.70867
                ],
                [
                    11.97816,
                    57.70851
                ],
                [
                    11.97789,
                    57.70847
                ],
                [
                    11.97781,
                    57.70845
                ],
                [
                    11.97776,
                    57.7084
                ],
                [
                    11.97781,
                    57.70826
                ],
                [
                    11.97768,
                    57.70825
                ],
                [
                    11.97759,
                    57.70824
                ],
                [
                    11.97738,
                    57.70821
                ],
                [
                    11.97726,
                    57.7082
                ],
                [
                    11.97708,
                    57.70819
                ],
                [
                    11.97691,
                    57.70819
                ],
                [
                    11.97689,
                    57.70821
                ],
                [
                    11.97684,
                    57.70853
                ],
                [
                    11.97679,
                    57.70859
                ],
                [
                    11.97661,
                    57.70864
                ],
                [
                    11.97643,
                    57.70866
                ],
                [
                    11.97609,
                    57.70859
                ],
                [
                    11.97589,
                    57.70857
                ],
                [
                    11.97558,
                    57.7086
                ],
                [
                    11.97564,
                    57.70867
                ],
                [
                    11.97573,
                    57.7088
                ],
                [
                    11.97578,
                    57.70887
                ],
                [
                    11.97597,
                    57.70883
                ],
                [
                    11.9759,
                    57.70894
                ],
                [
                    11.97526,
                    57.70883
                ],
                [
                    11.97496,
                    57.70879
                ],
                [
                    11.9749,
                    57.70878
                ],
                [
                    11.97469,
                    57.70875
                ],
                [
                    11.97462,
                    57.70873
                ],
                [
                    11.97461,
                    57.70871
                ],
                [
                    11.97443,
                    57.70874
                ],
                [
                    11.9743,
                    57.70881
                ],
                [
                    11.97408,
                    57.70883
                ],
                [
                    11.97427,
                    57.70887
                ],
                [
                    11.97428,
                    57.70885
                ],
                [
                    11.97609,
                    57.70916
                ]
            ]
        }
    ]
}