{
    "city": 2,
    "initialStart": [
        11.94904,
        57.73666
    ],
    "trips": [
        {
            "summary": {
                "distance": 1180.2,
                "duration": 200.3
            },
            "user": {
                "id": 1898,
                "token": "eyJhbGciOiJIUzI1NiIsInR5cCI6IkpXVCJ9.eyJpZCI6MTg5OCwicm9sZSI6InVzZXIiLCJpYXQiOjE3MDQzNzAxNTQsImV4cCI6MTczNTkwNjE1NH0.CmANQ0HUk1ghsgNwK35vzDdjVkkkAhBUbuXVrLod47s"
            },
            "coords": [
                [
                    11.94904,
                    57.73666
                ],
                [
                    11.94862,
                    57.73627
                ],
                [
                    11.94824,
                    57.73607
                ],
                [
                    11.94896,
                    57.7352
                ],
                [
                    11.94912,
                    57.73502
                ],
                [
                    11.94972,
                    57.73443
                ],
                [
                    11.94978,
                    57.73437
                ],
                [
                    11.95039,
                    57.73381
                ],
                [
                    11.95048,
                    57.73372
                ],
                [
                    11.95128,
                    57.73309
                ],
                [
                    11.95135,
                    57.73304
                ],
                [
                    11.95171,
                    57.73278
                ],
                [
                    11.9518,
                    57.73265
                ],
                [
                    11.95181,
                    57.73258
                ],
                [
                    11.95179,
                    57.73235
                ],
                [
                    11.95175,
                    57.73228
                ],
                [
                    11.95164,
                    57.7322
                ],
                [
                    11.9514,
                    57.73212
                ],
                [
                    11.95122,
                    57.73211
                ],
                [
                    11.95066,
                    57.73212
                ],
                [
                    11.9495,
                    57.73213
                ],
                [
                    11.94774,
                    57.73214
                ],
                [
                    11.94776,
                    57.7328
                ],
                [
                    11.94778,
                    57.73349
                ],
                [
                    11.9478,
                    57.73439
                ],
                [
                    11.94781,
                    57.73489
                ],
                [
                    11.94782,
                    57.7352
                ],
                [
                    11.94722,
                    57.7352
                ]
            ]
        }
    ]
}