{
    "city": 1,
    "initialStart": [
        18.03927,
        59.34692
    ],
    "trips": [
        {
            "summary": {
                "distance": 821.4,
                "duration": 155.9
            },
            "user": {
                "id": 19,
                "token": "eyJhbGciOiJIUzI1NiIsInR5cCI6IkpXVCJ9.eyJpZCI6MTksInJvbGUiOiJ1c2VyIiwiaWF0IjoxNzAyODg5MzA0LCJleHAiOjE3MzQ0MjUzMDR9.SDwssR8ALRYE50Gl9E7ZkOJ0dVsP6TL5DCbwU9e1h1k"
            },
            "coords": [
                [
                    18.03927,
                    59.34692
                ],
                [
                    18.03927,
                    59.34696
                ],
                [
                    18.03928,
                    59.34705
                ],
                [
                    18.03879,
                    59.34753
                ],
                [
                    18.03857,
                    59.34762
                ],
                [
                    18.03834,
                    59.34777
                ],
                [
                    18.03833,
                    59.34778
                ],
                [
                    18.03827,
                    59.34781
                ],
                [
                    18.03854,
                    59.34793
                ],
                [
                    18.03918,
                    59.34809
                ],
                [
                    18.03926,
                    59.34811
                ],
                [
                    18.03932,
                    59.34814
                ],
                [
                    18.0392,
                    59.34827
                ],
                [
                    18.03923,
                    59.34828
                ],
                [
                    18.04054,
                    59.3487
                ],
                [
                    18.04058,
                    59.3487
                ],
                [
                    18.04097,
                    59.34875
                ],
                [
                    18.041,
                    59.34867
                ],
                [
                    18.04101,
                    59.34859
                ],
                [
                    18.04053,
                    59.34791
                ],
                [
                    18.04068,
                    59.34788
                ],
                [
                    18.04073,
                    59.34797
                ],
                [
                    18.04088,
                    59.34795
                ],
                [
                    18.04142,
                    59.34786
                ],
                [
                    18.04221,
                    59.34778
                ],
                [
                    18.04223,
                    59.34773
                ],
                [
                    18.04253,
                    59.34704
                ],
                [
                    18.04255,
                    59.34692
                ],
                [
                    18.04281,
                    59.34691
                ],
                [
                    18.04375,
                    59.34692
                ],
                [
                    18.04391,
                    59.34693
                ],
                [
                    18.04444,
                    59.34677
                ],
                [
                    18.04465,
                    59.34654
                ],
                [
                    18.04479,
                    59.34639
                ],
                [
                    18.04487,
                    59.34631
                ],
                [
                    18.04495,
                    59.34623
                ],
                [
                    18.04485,
                    59.34621
                ],
                [
                    18.0446,
                    59.34614
                ]
            ]
        }
    ]
}