{
    "city": 2,
    "initialStart": [
        11.86634,
        57.65785
    ],
    "trips": [
        {
            "summary": {
                "distance": 336.3,
                "duration": 55
            },
            "user": {
                "id": 1901,
                "token": "eyJhbGciOiJIUzI1NiIsInR5cCI6IkpXVCJ9.eyJpZCI6MTkwMSwicm9sZSI6InVzZXIiLCJpYXQiOjE3MDQzNzAxNTUsImV4cCI6MTczNTkwNjE1NX0.sUqrzX4bopCP2Hyv0ySWtYXUrnh_flnybDb7lyj1Itg"
            },
            "coords": [
                [
                    11.86634,
                    57.65785
                ],
                [
                    11.8667,
                    57.65829
                ],
                [
                    11.86705,
                    57.6582
                ],
                [
                    11.86729,
                    57.65814
                ],
                [
                    11.86746,
                    57.6581
                ],
                [
                    11.86766,
                    57.65805
                ],
                [
                    11.8678,
                    57.65803
                ],
                [
                    11.86786,
                    57.65801
                ],
                [
                    11.86812,
                    57.65796
                ],
                [
                    11.86829,
                    57.65792
                ],
                [
                    11.86851,
                    57.65787
                ],
                [
                    11.86888,
                    57.6578
                ],
                [
                    11.86896,
                    57.65778
                ],
                [
                    11.86901,
                    57.65777
                ],
                [
                    11.86907,
                    57.65775
                ],
                [
                    11.86943,
                    57.65768
                ],
                [
                    11.87067,
                    57.65748
                ],
                [
                    11.87094,
                    57.6577
                ]
            ]
        }
    ]
}