{
    "city": 2,
    "initialStart": [
        11.91701,
        57.67264
    ],
    "trips": [
        {
            "summary": {
                "distance": 564.5,
                "duration": 134.1
            },
            "user": {
                "id": 1906,
                "token": "eyJhbGciOiJIUzI1NiIsInR5cCI6IkpXVCJ9.eyJpZCI6MTkwNiwicm9sZSI6InVzZXIiLCJpYXQiOjE3MDQzNzAxNTYsImV4cCI6MTczNTkwNjE1Nn0._3XEcx6HIFwxu5Gi7zUsppCDZ9-aypbeU0DybaCczoI"
            },
            "coords": [
                [
                    11.91701,
                    57.67264
                ],
                [
                    11.91732,
                    57.67261
                ],
                [
                    11.91736,
                    57.6727
                ],
                [
                    11.91745,
                    57.67274
                ],
                [
                    11.91754,
                    57.67278
                ],
                [
                    11.91827,
                    57.67271
                ],
                [
                    11.91837,
                    57.6727
                ],
                [
                    11.91848,
                    57.67277
                ],
                [
                    11.91876,
                    57.67275
                ],
                [
                    11.91892,
                    57.6728
                ],
                [
                    11.919,
                    57.67286
                ],
                [
                    11.91907,
                    57.67289
                ],
                [
                    11.9192,
                    57.67289
                ],
                [
                    11.91993,
                    57.67274
                ],
                [
                    11.91968,
                    57.67317
                ],
                [
                    11.91966,
                    57.67321
                ],
                [
                    11.91964,
                    57.67325
                ],
                [
                    11.91961,
                    57.6733
                ],
                [
                    11.91959,
                    57.67347
                ],
                [
                    11.91965,
                    57.67393
                ],
                [
                    11.91963,
                    57.67411
                ],
                [
                    11.91963,
                    57.67414
                ],
                [
                    11.91962,
                    57.67417
                ],
                [
                    11.91959,
                    57.6743
                ],
                [
                    11.91961,
                    57.67441
                ],
                [
                    11.91965,
                    57.67452
                ],
                [
                    11.9197,
                    57.67472
                ],
                [
                    11.91966,
                    57.6748
                ],
                [
                    11.91953,
                    57.67486
                ],
                [
                    11.91896,
                    57.67495
                ],
                [
                    11.91894,
                    57.67491
                ],
                [
                    11.9183,
                    57.67499
                ],
                [
                    11.91805,
                    57.67502
                ],
                [
                    11.91772,
                    57.67507
                ],
                [
                    11.91767,
                    57.67507
                ],
                [
                    11.91768,
                    57.67512
                ]
            ]
        }
    ]
}