{
    "city": 2,
    "initialStart": [
        11.98731,
        57.68191
    ],
    "trips": [
        {
            "summary": {
                "distance": 504.5,
                "duration": 111.3
            },
            "user": {
                "id": 1909,
                "token": "eyJhbGciOiJIUzI1NiIsInR5cCI6IkpXVCJ9.eyJpZCI6MTkwOSwicm9sZSI6InVzZXIiLCJpYXQiOjE3MDQzNzAxNTcsImV4cCI6MTczNTkwNjE1N30.GpkQCCaAs5LzICGMeWYvmsRoVWkaja45RbwV6-G6EAo"
            },
            "coords": [
                [
                    11.98731,
                    57.68191
                ],
                [
                    11.98748,
                    57.68191
                ],
                [
                    11.98751,
                    57.6819
                ],
                [
                    11.98752,
                    57.68188
                ],
                [
                    11.98737,
                    57.68185
                ],
                [
                    11.9871,
                    57.68179
                ],
                [
                    11.98694,
                    57.68176
                ],
                [
                    11.98686,
                    57.68173
                ],
                [
                    11.9867,
                    57.68171
                ],
                [
                    11.98592,
                    57.68203
                ],
                [
                    11.98586,
                    57.68207
                ],
                [
                    11.98537,
                    57.68243
                ],
                [
                    11.98509,
                    57.68256
                ],
                [
                    11.98493,
                    57.68256
                ],
                [
                    11.98467,
                    57.68249
                ],
                [
                    11.98458,
                    57.68248
                ],
                [
                    11.98445,
                    57.68248
                ],
                [
                    11.98446,
                    57.68237
                ],
                [
                    11.98446,
                    57.68216
                ],
                [
                    11.98441,
                    57.68195
                ],
                [
                    11.9843,
                    57.68177
                ],
                [
                    11.98411,
                    57.68151
                ],
                [
                    11.98396,
                    57.68143
                ],
                [
                    11.98358,
                    57.6815
                ],
                [
                    11.98337,
                    57.68157
                ],
                [
                    11.98319,
                    57.68175
                ],
                [
                    11.98294,
                    57.68206
                ],
                [
                    11.98278,
                    57.68175
                ]
            ]
        }
    ]
}