{
    "city": 2,
    "initialStart": [
        11.94629,
        57.69897
    ],
    "trips": [
        {
            "summary": {
                "distance": 2749.6,
                "duration": 454.3
            },
            "user": {
                "id": 1911,
                "token": "eyJhbGciOiJIUzI1NiIsInR5cCI6IkpXVCJ9.eyJpZCI6MTkxMSwicm9sZSI6InVzZXIiLCJpYXQiOjE3MDQzNzAxNTcsImV4cCI6MTczNTkwNjE1N30.CssKzozIn1VO7Y1wAtBeMPzYf0_9SqbPoGlmea7dxFs"
            },
            "coords": [
                [
                    11.94629,
                    57.69897
                ],
                [
                    11.9463,
                    57.69897
                ],
                [
                    11.94634,
                    57.69898
                ],
                [
                    11.94642,
                    57.69899
                ],
                [
                    11.94623,
                    57.69954
                ],
                [
                    11.9464,
                    57.69956
                ],
                [
                    11.94641,
                    57.69958
                ],
                [
                    11.94898,
                    57.69984
                ],
                [
                    11.94903,
                    57.69983
                ],
                [
                    11.9491,
                    57.69983
                ],
                [
                    11.94918,
                    57.69984
                ],
                [
                    11.9493,
                    57.69986
                ],
                [
                    11.94978,
                    57.69992
                ],
                [
                    11.95028,
                    57.69997
                ],
                [
                    11.95054,
                    57.69999
                ],
                [
                    11.95065,
                    57.70001
                ],
                [
                    11.95161,
                    57.70011
                ],
                [
                    11.9516,
                    57.70014
                ],
                [
                    11.95157,
                    57.70028
                ],
                [
                    11.95151,
                    57.70029
                ],
                [
                    11.95137,
                    57.70032
                ],
                [
                    11.95128,
                    57.70032
                ],
                [
                    11.95114,
                    57.70066
                ],
                [
                    11.95109,
                    57.70069
                ],
                [
                    11.951,
                    57.70071
                ],
                [
                    11.95097,
                    57.70072
                ],
                [
                    11.95089,
                    57.70077
                ],
                [
                    11.95082,
                    57.70082
                ],
                [
                    11.95078,
                    57.70091
                ],
                [
                    11.95063,
                    57.70098
                ],
                [
                    11.95059,
                    57.70107
                ],
                [
                    11.95056,
                    57.70113
                ],
                [
                    11.95036,
                    57.70158
                ],
                [
                    11.95032,
                    57.70163
                ],
                [
                    11.95031,
                    57.70166
                ],
                [
                    11.95003,
                    57.70157
                ],
                [
                    11.94929,
                    57.70148
                ],
                [
                    11.94696,
                    57.70111
                ],
                [
                    11.94577,
                    57.70096
                ],
                [
                    11.9455,
                    57.70092
                ],
                [
                    11.94143,
                    57.70051
                ],
                [
                    11.94096,
                    57.70048
                ],
                [
                    11.93883,
                    57.70042
                ],
                [
                    11.93825,
                    57.70038
                ],
                [
                    11.93779,
                    57.70033
                ],
                [
                    11.93663,
                    57.70017
                ],
                [
                    11.93599,
                    57.70011
                ],
                [
                    11.93506,
                    57.70005
                ],
                [
                    11.93378,
                    57.7
                ],
                [
                    11.93378,
                    57.70006
                ],
                [
                    11.9333,
                    57.70011
                ],
                [
                    11.93367,
                    57.70021
                ],
                [
                    11.93381,
                    57.70022
                ],
                [
                    11.93404,
                    57.70016
                ],
                [
                    11.93444,
                    57.70013
                ],
                [
                    11.93494,
                    57.70016
                ],
                [
                    11.93498,
                    57.70016
                ],
                [
                    11.93582,
                    57.7002
                ],
                [
                    11.93626,
                    57.70024
                ],
                [
                    11.93763,
                    57.70041
                ],
                [
                    11.93822,
                    57.70049
                ],
                [
                    11.93891,
                    57.70054
                ],
                [
                    11.93952,
                    57.70056
                ],
                [
                    11.94,
                    57.70056
                ],
                [
                    11.94253,
                    57.70078
                ],
                [
                    11.94411,
                    57.70094
                ],
                [
                    11.94437,
                    57.701
                ],
                [
                    11.94444,
                    57.70103
                ],
                [
                    11.94473,
                    57.7012
                ],
                [
                    11.94499,
                    57.70129
                ],
                [
                    11.94513,
                    57.70134
                ],
                [
                    11.94621,
                    57.70146
                ],
                [
                    11.94633,
                    57.70145
                ],
                [
                    11.94655,
                    57.70138
                ],
                [
                    11.94674,
                    57.70135
                ],
                [
                    11.94765,
                    57.70144
                ],
                [
                    11.94828,
                    57.70151
                ],
                [
                    11.94849,
                    57.70156
                ],
                [
