{
    "city": 2,
    "initialStart": [
        11.89867,
        57.68133
    ],
    "trips": [
        {
            "summary": {
                "distance": 897.2,
                "duration": 148.1
            },
            "user": {
                "id": 1912,
                "token": "eyJhbGciOiJIUzI1NiIsInR5cCI6IkpXVCJ9.eyJpZCI6MTkxMiwicm9sZSI6InVzZXIiLCJpYXQiOjE3MDQzNzAxNTcsImV4cCI6MTczNTkwNjE1N30.DDohXWyI8UMjbVKasq1aLMEu0E-UkE1dpOAD53vgN4Y"
            },
            "coords": [
                [
                    11.89867,
                    57.68133
                ],
                [
                    11.89878,
                    57.68132
                ],
                [
                    11.89887,
                    57.6813
                ],
                [
                    11.89895,
                    57.68125
                ],
                [
                    11.89881,
                    57.68121
                ],
                [
                    11.89851,
                    57.68104
                ],
                [
                    11.89832,
                    57.68091
                ],
                [
                    11.89826,
                    57.68039
                ],
                [
                    11.89818,
                    57.68013
                ],
                [
                    11.898,
                    57.67985
                ],
                [
                    11.89811,
                    57.6798
                ],
                [
                    11.89825,
                    57.67969
                ],
                [
                    11.89861,
                    57.67978
                ],
                [
                    11.89878,
                    57.67982
                ],
                [
                    11.89879,
                    57.67982
                ],
                [
                    11.89895,
                    57.67986
                ],
                [
                    11.89907,
                    57.67989
                ],
                [
                    11.89919,
                    57.67993
                ],
                [
                    11.89936,
                    57.67998
                ],
                [
                    11.89931,
                    57.68003
                ],
                [
                    11.89941,
                    57.68006
                ],
                [
                    11.89954,
                    57.68014
                ],
                [
                    11.89965,
                    57.68026
                ],
                [
                    11.89979,
                    57.68036
                ],
                [
                    11.90159,
                    57.68109
                ],
                [
                    11.90165,
                    57.68105
                ],
                [
                    11.90174,
                    57.68098
                ],
                [
                    11.90193,
                    57.68083
                ],
                [
                    11.90202,
                    57.68086
                ],
                [
                    11.90213,
                    57.68085
                ],
                [
                    11.90237,
                    57.68079
                ],
                [
                    11.90252,
                    57.68074
                ],
                [
                    11.90275,
                    57.6806
                ],
                [
                    11.90293,
                    57.68042
                ],
                [
                    11.90297,
                    57.68027
                ],
                [
                    11.90297,
                    57.68017
                ],
                [
                    11.90289,
                    57.67996
                ],
                [
                    11.90283,
                    57.67982
                ],
                [
                    11.9028,
                    57.67978
                ],
                [
                    11.90271,
                    57.67974
                ],
                [
                    11.90282,
                    57.67969
                ],
                [
                    11.90294,
                    57.67962
                ],
                [
                    11.90294,
                    57.67951
                ],
                [
                    11.90293,
                    57.67947
                ],
                [
                    11.90288,
                    57.67943
                ],
                [
                    11.90285,
                    57.67931
                ],
                [
                    11.90282,
                    57.6792
                ],
                [
                    11.90277,
                    57.67914
                ],
                [
                    11.9026,
                    57.67905
                ],
                [
                    11.90257,
                    57.67903
                ],
                [
                    11.90253,
                    57.67907
                ],
                [
                    11.9024,
                    57.67905
                ],
                [
                    11.90186,
                    57.67904
                ],
                [
                    11.90116,
                    57.67901
                ],
                [
                    11.90099,
                    57.67897
                ],
                [
                    11.90095,
                    57.67905
                ],
                [
                    11.90092,
                    57.67919
                ],
                [
                    11.90091,
                    57.67926
                ]
            ]
        }
    ]
}