{
    "city": 2,
    "initialStart": [
        11.92366,
        57.69314
    ],
    "trips": [
        {
            "summary": {
                "distance": 364.8,
                "duration": 81.9
            },
            "user": {
                "id": 1913,
                "token": "eyJhbGciOiJIUzI1NiIsInR5cCI6IkpXVCJ9.eyJpZCI6MTkxMywicm9sZSI6InVzZXIiLCJpYXQiOjE3MDQzNzAxNTgsImV4cCI6MTczNTkwNjE1OH0.6vux3wb3q5PHHTdNr3UaDnX0wkVXPEIiRVWY6rRC--g"
            },
            "coords": [
                [
                    11.92366,
                    57.69314
                ],
                [
                    11.92356,
                    57.69336
                ],
                [
                    11.92352,
                    57.69337
                ],
                [
                    11.92326,
                    57.69335
                ],
                [
                    11.92323,
                    57.69347
                ],
                [
                    11.92313,
                    57.69341
                ],
                [
                    11.92283,
                    57.69336
                ],
                [
                    11.92273,
                    57.69332
                ],
                [
                    11.92272,
                    57.69326
                ],
                [
                    11.92284,
                    57.69277
                ],
                [
                    11.92279,
                    57.69267
                ],
                [
                    11.92282,
                    57.69262
                ],
                [
                    11.92274,
                    57.69261
                ],
                [
                    11.92285,
                    57.69245
                ],
                [
                    11.92216,
                    57.69237
                ],
                [
                    11.92128,
                    57.69229
                ],
                [
                    11.92055,
                    57.69221
                ],
                [
                    11.92057,
                    57.69213
                ],
                [
                    11.92058,
                    57.69207
                ],
                [
                    11.92059,
                    57.69197
                ],
                [
                    11.9206,
                    57.69193
                ]
            ]
        }
    ]
}