{
    "city": 2,
    "initialStart": [
        11.95598,
        57.69064
    ],
    "trips": [
        {
            "summary": {
                "distance": 774.6,
                "duration": 193.7
            },
            "user": {
                "id": 1916,
                "token": "eyJhbGciOiJIUzI1NiIsInR5cCI6IkpXVCJ9.eyJpZCI6MTkxNiwicm9sZSI6InVzZXIiLCJpYXQiOjE3MDQzNzAxNTksImV4cCI6MTczNTkwNjE1OX0.J5XH5a6q3rA4x5py25bcF_kElG6vwX7eo10E9fsj_3U"
            },
            "coords": [
                [
                    11.95598,
                    57.69064
                ],
                [
                    11.95614,
                    57.69042
                ],
                [
                    11.9561,
                    57.69039
                ],
                [
                    11.956,
                    57.69037
                ],
                [
                    11.95573,
                    57.69038
                ],
                [
                    11.9555,
                    57.69033
                ],
                [
                    11.95522,
                    57.69025
                ],
                [
                    11.9547,
                    57.69015
                ],
                [
                    11.95471,
                    57.69012
                ],
                [
                    11.95434,
                    57.69011
                ],
                [
                    11.95398,
                    57.69014
                ],
                [
                    11.95379,
                    57.69017
                ],
                [
                    11.95361,
                    57.6902
                ],
                [
                    11.95362,
                    57.69025
                ],
                [
                    11.95355,
                    57.69031
                ],
                [
                    11.95353,
                    57.69039
                ],
                [
                    11.95341,
                    57.69042
                ],
                [
                    11.95324,
                    57.69045
                ],
                [
                    11.95307,
                    57.69048
                ],
                [
                    11.95295,
                    57.69051
                ],
                [
                    11.95291,
                    57.69048
                ],
                [
                    11.95285,
                    57.69047
                ],
                [
                    11.95241,
                    57.6906
                ],
                [
                    11.95239,
                    57.69071
                ],
                [
                    11.95228,
                    57.69087
                ],
                [
                    11.95225,
                    57.69099
                ],
                [
                    11.95227,
                    57.69113
                ],
                [
                    11.95265,
                    57.69186
                ],
                [
                    11.95266,
                    57.6919
                ],
                [
                    11.95267,
                    57.69193
                ],
                [
                    11.95268,
                    57.69197
                ],
                [
                    11.95269,
                    57.69203
                ],
                [
                    11.95279,
                    57.69248
                ],
                [
                    11.95281,
                    57.69255
                ],
                [
                    11.95281,
                    57.69262
                ],
                [
                    11.95281,
                    57.69266
                ],
                [
                    11.95281,
                    57.69271
                ],
                [
                    11.95277,
                    57.69322
                ],
                [
                    11.95265,
                    57.6937
                ],
                [
                    11.95264,
                    57.69375
                ],
                [
                    11.95317,
                    57.69381
                ],
                [
                    11.95318,
                    57.69379
                ],
                [
                    11.95321,
                    57.69368
                ],
                [
                    11.95322,
                    57.69365
                ],
                [
                    11.95327,
                    57.69332
                ],
                [
                    11.95331,
                    57.69293
                ]
            ]
        }
    ]
}