{
    "city": 2,
    "initialStart": [
        11.89234,
        57.66888
    ],
    "trips": [
        {
            "summary": {
                "distance": 399.7,
                "duration": 190.7
            },
            "user": {
                "id": 1918,
                "token": "eyJhbGciOiJIUzI1NiIsInR5cCI6IkpXVCJ9.eyJpZCI6MTkxOCwicm9sZSI6InVzZXIiLCJpYXQiOjE3MDQzNzAxNTksImV4cCI6MTczNTkwNjE1OX0.akzVTaaHTaOB6F9n0lnYGaVCrOdCuZE95oD82ADFOcU"
            },
            "coords": [
                [
                    11.89234,
                    57.66888
                ],
                [
                    11.89236,
                    57.6689
                ],
                [
                    11.89253,
                    57.66897
                ],
                [
                    11.89274,
                    57.66901
                ],
                [
                    11.89284,
                    57.66908
                ],
                [
                    11.89288,
                    57.66912
                ],
                [
                    11.8931,
                    57.66921
                ],
                [
                    11.89316,
                    57.66932
                ],
                [
                    11.89324,
                    57.66933
                ],
                [
                    11.89321,
                    57.66941
                ],
                [
                    11.89344,
                    57.66955
                ],
                [
                    11.89345,
                    57.66958
                ],
                [
                    11.89337,
                    57.66967
                ],
                [
                    11.8932,
                    57.66978
                ],
                [
                    11.89309,
                    57.66989
                ],
                [
                    11.89295,
                    57.66992
                ],
                [
                    11.89282,
                    57.66992
                ],
                [
                    11.89243,
                    57.66985
                ],
                [
                    11.89231,
                    57.66987
                ],
                [
                    11.89227,
                    57.6699
                ],
                [
                    11.89214,
                    57.66998
                ],
                [
                    11.89214,
                    57.67002
                ],
                [
                    11.89219,
                    57.67006
                ],
                [
                    11.89221,
                    57.67027
                ],
                [
                    11.89216,
                    57.6703
                ],
                [
                    11.89212,
                    57.67043
                ],
                [
                    11.89208,
                    57.67047
                ],
                [
                    11.89183,
                    57.67051
                ],
                [
                    11.89174,
                    57.67054
                ],
                [
                    11.89166,
                    57.67057
                ],
                [
                    11.89155,
                    57.67064
                ],
                [
                    11.89145,
                    57.67068
                ],
                [
                    11.89114,
                    57.67065
                ],
                [
                    11.89107,
                    57.67068
                ],
                [
                    11.89078,
                    57.67063
                ],
                [
                    11.89063,
                    57.67064
                ],
                [
                    11.89039,
                    57.67074
                ],
                [
                    11.89035,
                    57.67076
                ],
                [
                    11.89026,
                    57.6708
                ]
            ]
        }
    ]
}