{
    "city": 2,
    "initialStart": [
        11.96746,
        57.70828
    ],
    "trips": [
        {
            "summary": {
                "distance": 1077.6,
                "duration": 209.8
            },
            "user": {
                "id": 1929,
                "token": "eyJhbGciOiJIUzI1NiIsInR5cCI6IkpXVCJ9.eyJpZCI6MTkyOSwicm9sZSI6InVzZXIiLCJpYXQiOjE3MDQzNzAyMjIsImV4cCI6MTczNTkwNjIyMn0.xO0YuuTgcY9xTAZLJ6aAl02-mOCuxezPWOny7Jx4x5M"
            },
            "coords": [
                [
                    11.96746,
                    57.70828
                ],
                [
                    11.9671,
                    57.70899
                ],
                [
                    11.96702,
                    57.70897
                ],
                [
                    11.96698,
                    57.70904
                ],
                [
                    11.96678,
                    57.70943
                ],
                [
                    11.96668,
                    57.70962
                ],
                [
                    11.96668,
                    57.70971
                ],
                [
                    11.96663,
                    57.70976
                ],
                [
                    11.96651,
                    57.70977
                ],
                [
                    11.96633,
                    57.70981
                ],
                [
                    11.96624,
                    57.70985
                ],
                [
                    11.96621,
                    57.70987
                ],
                [
                    11.96617,
                    57.7099
                ],
                [
                    11.966,
                    57.71028
                ],
                [
                    11.96599,
                    57.71036
                ],
                [
                    11.96609,
                    57.71054
                ],
                [
                    11.96609,
                    57.71059
                ],
                [
                    11.96599,
                    57.71071
                ],
                [
                    11.96582,
                    57.71069
                ],
                [
                    11.96571,
                    57.7107
                ],
                [
                    11.96556,
                    57.71068
                ],
                [
                    11.96554,
                    57.71072
                ],
                [
                    11.9655,
                    57.7108
                ],
                [
                    11.96548,
                    57.71083
                ],
                [
                    11.96609,
                    57.71094
                ],
                [
                    11.96639,
                    57.71101
                ],
                [
                    11.96676,
                    57.71115
                ],
                [
                    11.96687,
                    57.71119
                ],
                [
                    11.96757,
                    57.71145
                ],
                [
                    11.96859,
                    57.71182
                ],
                [
                    11.96897,
                    57.71196
                ],
                [
                    11.96905,
                    57.71202
                ],
                [
                    11.96914,
                    57.71205
                ],
                [
                    11.97009,
                    57.7124
                ],
                [
                    11.97017,
                    57.71246
                ],
                [
                    11.97023,
                    57.71257
                ],
                [
                    11.97036,
                    57.71255
                ],
                [
                    11.97051,
                    57.71255
                ],
                [
                    11.97057,
                    57.71249
                ],
                [
                    11.97097,
                    57.71217
                ],
                [
                    11.97111,
                    57.71202
                ],
                [
                    11.97122,
                    57.71187
                ],
                [
                    11.97152,
                    57.71164
                ],
                [
                    11.97163,
                    57.71155
                ],
                [
                    11.97119,
                    57.71136
                ],
                [
                    11.97095,
                    57.71127
                ],
                [
                    11.97093,
                    57.7111
                ],
                [
                    11.97121,
                    57.71067
                ],
                [
                    11.97134,
                    57.71055
                ],
                [
                    11.97146,
                    57.71051
                ],
                [
                    11.97129,
                    57.7104
                ],
                [
                    11.97125,
                    57.71037
                ],
                [
                    11.97117,
                    57.71024
                ],
                [
                    11.97111,
                    57.71008
                ],
                [
                    11.97122,
                    57.70973
                ]
            ]
        }
    ]
}