{
    "city": 1,
    "initialStart": [
        18.04848,
        59.31012
    ],
    "trips": [
        {
            "summary": {
                "distance": 344.7,
                "duration": 89.5
            },
            "user": {
                "id": 193,
                "token": "eyJhbGciOiJIUzI1NiIsInR5cCI6IkpXVCJ9.eyJpZCI6MTkzLCJyb2xlIjoidXNlciIsImlhdCI6MTcwMjg5MTE1NSwiZXhwIjoxNzM0NDI3MTU1fQ.SsyZ4mqPrlf9S6kYtsimcscDumqtsRD3Ob2BflEfjPw"
            },
            "coords": [
                [
                    18.04848,
                    59.31012
                ],
                [
                    18.04885,
                    59.31016
                ],
                [
                    18.049,
                    59.3102
                ],
                [
                    18.04913,
                    59.31036
                ],
                [
                    18.04926,
                    59.31054
                ],
                [
                    18.04918,
                    59.31056
                ],
                [
                    18.04914,
                    59.3106
                ],
                [
                    18.04885,
                    59.31065
                ],
                [
                    18.04847,
                    59.31067
                ],
                [
                    18.04848,
                    59.31085
                ],
                [
                    18.04846,
                    59.31088
                ],
                [
                    18.04843,
                    59.31094
                ],
                [
                    18.04861,
                    59.31098
                ],
                [
                    18.05035,
                    59.31134
                ],
                [
                    18.05054,
                    59.31137
                ],
                [
                    18.0508,
                    59.31138
                ],
                [
                    18.05111,
                    59.31137
                ],
                [
                    18.05133,
                    59.31138
                ],
                [
                    18.05133,
                    59.3115
                ],
                [
                    18.05133,
                    59.31153
                ],
                [
                    18.05131,
                    59.31153
                ]
            ]
        }
    ]
}