{
    "city": 2,
    "initialStart": [
        11.93978,
        57.66308
    ],
    "trips": [
        {
            "summary": {
                "distance": 2532.2,
                "duration": 414.3
            },
            "user": {
                "id": 1931,
                "token": "eyJhbGciOiJIUzI1NiIsInR5cCI6IkpXVCJ9.eyJpZCI6MTkzMSwicm9sZSI6InVzZXIiLCJpYXQiOjE3MDQzNzAyMjIsImV4cCI6MTczNTkwNjIyMn0.nWd_uBCLVqJWEwhkDOZik0oWoT_npl4TSqDe0_UdM0M"
            },
            "coords": [
                [
                    11.93978,
                    57.66308
                ],
                [
                    11.93988,
                    57.66309
                ],
                [
                    11.93997,
                    57.66311
                ],
                [
                    11.93981,
                    57.66357
                ],
                [
                    11.93914,
                    57.6635
                ],
                [
                    11.93903,
                    57.66349
                ],
                [
                    11.93873,
                    57.66342
                ],
                [
                    11.93853,
                    57.66331
                ],
                [
                    11.93848,
                    57.66325
                ],
                [
                    11.93771,
                    57.66343
                ],
                [
                    11.93761,
                    57.66346
                ],
                [
                    11.93742,
                    57.66365
                ],
                [
                    11.93735,
                    57.66405
                ],
                [
                    11.93739,
                    57.66436
                ],
                [
                    11.9376,
                    57.66527
                ],
                [
                    11.93797,
                    57.66665
                ],
                [
                    11.9381,
                    57.66704
                ],
                [
                    11.93852,
                    57.66781
                ],
                [
                    11.93855,
                    57.66785
                ],
                [
                    11.93871,
                    57.6681
                ],
                [
                    11.93873,
                    57.66813
                ],
                [
                    11.93863,
                    57.66817
                ],
                [
                    11.93859,
                    57.66825
                ],
                [
                    11.93865,
                    57.66848
                ],
                [
                    11.93865,
                    57.6685
                ],
                [
                    11.93883,
                    57.66901
                ],
                [
                    11.93895,
                    57.66929
                ],
                [
                    11.93916,
                    57.6696
                ],
                [
                    11.9393,
                    57.66981
                ],
                [
                    11.93934,
                    57.67008
                ],
                [
                    11.93928,
                    57.67033
                ],
                [
                    11.93916,
                    57.67062
                ],
                [
                    11.93935,
                    57.67118
                ],
                [
                    11.9394,
                    57.67144
                ],
                [
                    11.93941,
                    57.67163
                ],
                [
                    11.93929,
                    57.67191
                ],
                [
                    11.93921,
                    57.67202
                ],
                [
                    11.93898,
                    57.67223
                ],
                [
                    11.93872,
                    57.67239
                ],
                [
                    11.93817,
                    57.67264
                ],
                [
                    11.93809,
                    57.67267
                ],
                [
                    11.93682,
                    57.67313
                ],
                [
                    11.93645,
                    57.6733
                ],
                [
                    11.93613,
                    57.67349
                ],
                [
                    11.93606,
                    57.67346
                ],
                [
                    11.93589,
                    57.67339
                ],
                [
                    11.93629,
                    57.67315
                ],
                [
                    11.93644,
                    57.67308
                ],
                [
                    11.93762,
                    57.67265
                ],
                [
                    11.938,
                    57.67244
                ],
                [
                    11.93821,
                    57.67222
                ],
                [
                    11.93828,
                    57.67209
                ],
                [
                    11.93832,
                    57.67192
                ],
                [
                    11.93832,
                    57.67172
                ],
                [
                    11.93822,
                    57.67126
                ],
                [
                    11.93818,
                    57.6711
                ],
                [
                    11.93814,
                    57.67092
                ],
                [
                    11.93814,
                    57.67089
                ],
                [
                    11.93764,
                    57.66836
                ],
                [
                    11.93761,
                    57.66803
                ],
                [
                    11.93677,
                    57.665
                ],
                [
                    11.93658,
                    57.66433
                ]
            ]
        }
    ]
}