{
    "city": 2,
    "initialStart": [
        11.92227,
        57.69341
    ],
    "trips": [
        {
            "summary": {
                "distance": 440.1,
                "duration": 101.5
            },
            "user": {
                "id": 1932,
                "token": "eyJhbGciOiJIUzI1NiIsInR5cCI6IkpXVCJ9.eyJpZCI6MTkzMiwicm9sZSI6InVzZXIiLCJpYXQiOjE3MDQzNzAyMjIsImV4cCI6MTczNTkwNjIyMn0.6f0QJozwOewfM6N6bsPL1xTQMmHHuEV6iVVg6GhNsm4"
            },
            "coords": [
                [
                    11.92227,
                    57.69341
                ],
                [
                    11.92199,
                    57.69345
                ],
                [
                    11.92183,
                    57.6935
                ],
                [
                    11.92176,
                    57.69341
                ],
                [
                    11.92196,
                    57.69336
                ],
                [
                    11.92221,
                    57.69325
                ],
                [
                    11.92224,
                    57.69322
                ],
                [
                    11.92236,
                    57.69311
                ],
                [
                    11.92274,
                    57.69261
                ],
                [
                    11.92285,
                    57.69245
                ],
                [
                    11.92216,
                    57.69237
                ],
                [
                    11.92128,
                    57.69229
                ],
                [
                    11.92055,
                    57.69221
                ],
                [
                    11.92057,
                    57.69213
                ],
                [
                    11.92058,
                    57.69207
                ],
                [
                    11.92059,
                    57.69197
                ],
                [
                    11.92062,
                    57.6918
                ],
                [
                    11.92064,
                    57.69163
                ],
                [
                    11.92066,
                    57.69148
                ],
                [
                    11.9207,
                    57.69137
                ],
                [
                    11.92067,
                    57.69126
                ],
                [
                    11.92068,
                    57.69102
                ]
            ]
        }
    ]
}