{
    "city": 2,
    "initialStart": [
        11.97178,
        57.69886
    ],
    "trips": [
        {
            "summary": {
                "distance": 317.5,
                "duration": 53.1
            },
            "user": {
                "id": 1934,
                "token": "eyJhbGciOiJIUzI1NiIsInR5cCI6IkpXVCJ9.eyJpZCI6MTkzNCwicm9sZSI6InVzZXIiLCJpYXQiOjE3MDQzNzAyMjMsImV4cCI6MTczNTkwNjIyM30.81ZtBaU5I7ZlfUM6i4zq15G2zE-WR5Xh_8ICFH_tj1U"
            },
            "coords": [
                [
                    11.97178,
                    57.69886
                ],
                [
                    11.97169,
                    57.69887
                ],
                [
                    11.97154,
                    57.69896
                ],
                [
                    11.97168,
                    57.6992
                ],
                [
                    11.97176,
                    57.69937
                ],
                [
                    11.97182,
                    57.69948
                ],
                [
                    11.97173,
                    57.69953
                ],
                [
                    11.97191,
                    57.69961
                ],
                [
                    11.97255,
                    57.69987
                ],
                [
                    11.97271,
                    57.69993
                ],
                [
                    11.97285,
                    57.69999
                ],
                [
                    11.97353,
                    57.70028
                ],
                [
                    11.97436,
                    57.70062
                ],
                [
                    11.97438,
                    57.70063
                ],
                [
                    11.97444,
                    57.70065
                ],
                [
                    11.97461,
                    57.70072
                ],
                [
                    11.97463,
                    57.70073
                ],
                [
                    11.9745,
                    57.7008
                ],
                [
                    11.97447,
                    57.70079
                ]
            ]
        }
    ]
}