{
    "city": 2,
    "initialStart": [
        11.93027,
        57.65185
    ],
    "trips": [
        {
            "summary": {
                "distance": 707.2,
                "duration": 123.8
            },
            "user": {
                "id": 1935,
                "token": "eyJhbGciOiJIUzI1NiIsInR5cCI6IkpXVCJ9.eyJpZCI6MTkzNSwicm9sZSI6InVzZXIiLCJpYXQiOjE3MDQzNzAyMjMsImV4cCI6MTczNTkwNjIyM30.BhIMMTJ1vPAABDJsoC-mYgM6lzhMXsoWP1Ew5cmrEP8"
            },
            "coords": [
                [
                    11.93027,
                    57.65185
                ],
                [
                    11.93072,
                    57.65176
                ],
                [
                    11.93107,
                    57.65169
                ],
                [
                    11.93123,
                    57.65166
                ],
                [
                    11.93107,
                    57.65143
                ],
                [
                    11.93092,
                    57.65124
                ],
                [
                    11.93058,
                    57.65084
                ],
                [
                    11.93048,
                    57.65074
                ],
                [
                    11.93041,
                    57.65064
                ],
                [
                    11.9304,
                    57.65053
                ],
                [
                    11.93038,
                    57.65033
                ],
                [
                    11.93026,
                    57.64987
                ],
                [
                    11.93041,
                    57.64986
                ],
                [
                    11.93048,
                    57.64984
                ],
                [
                    11.93055,
                    57.64979
                ],
                [
                    11.93067,
                    57.64975
                ],
                [
                    11.93061,
                    57.64961
                ],
                [
                    11.93114,
                    57.64955
                ],
                [
                    11.93196,
                    57.6494
                ],
                [
                    11.93234,
                    57.64932
                ],
                [
                    11.93252,
                    57.64929
                ],
                [
                    11.933,
                    57.6492
                ],
                [
                    11.93357,
                    57.6491
                ],
                [
                    11.93366,
                    57.64908
                ],
                [
                    11.93385,
                    57.64919
                ],
                [
                    11.93392,
                    57.64926
                ],
                [
                    11.93397,
                    57.64945
                ],
                [
                    11.93398,
                    57.64972
                ],
                [
                    11.93383,
                    57.65082
                ],
                [
                    11.93383,
                    57.65084
                ]
            ]
        }
    ]
}