{
    "city": 2,
    "initialStart": [
        11.98255,
        57.69467
    ],
    "trips": [
        {
            "summary": {
                "distance": 517.3,
                "duration": 96
            },
            "user": {
                "id": 1936,
                "token": "eyJhbGciOiJIUzI1NiIsInR5cCI6IkpXVCJ9.eyJpZCI6MTkzNiwicm9sZSI6InVzZXIiLCJpYXQiOjE3MDQzNzAyMjMsImV4cCI6MTczNTkwNjIyM30.Tbr1Jj6D8fq6sUl5cIFlapM3qZZtWBXL8XDuF9Bjl5k"
            },
            "coords": [
                [
                    11.98255,
                    57.69467
                ],
                [
                    11.98202,
                    57.69467
                ],
                [
                    11.98187,
                    57.69476
                ],
                [
                    11.98158,
                    57.69464
                ],
                [
                    11.98153,
                    57.69463
                ],
                [
                    11.9809,
                    57.69471
                ],
                [
                    11.9808,
                    57.69462
                ],
                [
                    11.98061,
                    57.69448
                ],
                [
                    11.98052,
                    57.69447
                ],
                [
                    11.98043,
                    57.69449
                ],
                [
                    11.9804,
                    57.69458
                ],
                [
                    11.98054,
                    57.69488
                ],
                [
                    11.98054,
                    57.69494
                ],
                [
                    11.98046,
                    57.69499
                ],
                [
                    11.98037,
                    57.69502
                ],
                [
                    11.98025,
                    57.69502
                ],
                [
                    11.9801,
                    57.695
                ],
                [
                    11.98006,
                    57.69499
                ],
                [
                    11.98,
                    57.69498
                ],
                [
                    11.97984,
                    57.69498
                ],
                [
                    11.97982,
                    57.6951
                ],
                [
                    11.97972,
                    57.6952
                ],
                [
                    11.97956,
                    57.69529
                ],
                [
                    11.97938,
                    57.69534
                ],
                [
                    11.97917,
                    57.69536
                ],
                [
                    11.9789,
                    57.69535
                ],
                [
                    11.97876,
                    57.69532
                ],
                [
                    11.9784,
                    57.69522
                ],
                [
                    11.97831,
                    57.69518
                ],
                [
                    11.97792,
                    57.69495
                ],
                [
                    11.97761,
                    57.69484
                ],
                [
                    11.97765,
                    57.6948
                ],
                [
                    11.97768,
                    57.69477
                ],
                [
                    11.97772,
                    57.69471
                ],
                [
                    11.97774,
                    57.69459
                ],
                [
                    11.97767,
                    57.69449
                ],
                [
                    11.97754,
                    57.69441
                ],
                [
                    11.97761,
                    57.69436
                ],
                [
                    11.97766,
                    57.69438
                ],
                [
                    11.97795,
                    57.69416
                ]
            ]
        }
    ]
}