{
    "city": 2,
    "initialStart": [
        11.96062,
        57.70598
    ],
    "trips": [
        {
            "summary": {
                "distance": 473.9,
                "duration": 77.5
            },
            "user": {
                "id": 1938,
                "token": "eyJhbGciOiJIUzI1NiIsInR5cCI6IkpXVCJ9.eyJpZCI6MTkzOCwicm9sZSI6InVzZXIiLCJpYXQiOjE3MDQzNzAyMjQsImV4cCI6MTczNTkwNjIyNH0.qviosrjcmjb8X4q_NL-RMB0eS3KWW-l8fq6D4f9KBsU"
            },
            "coords": [
                [
                    11.96062,
                    57.70598
                ],
                [
                    11.96027,
                    57.70604
                ],
                [
                    11.95989,
                    57.7061
                ],
                [
                    11.95954,
                    57.70616
                ],
                [
                    11.95958,
                    57.70622
                ],
                [
                    11.95977,
                    57.7065
                ],
                [
                    11.95983,
                    57.70654
                ],
                [
                    11.95971,
                    57.70657
                ],
                [
                    11.95973,
                    57.7066
                ],
                [
                    11.95989,
                    57.70655
                ],
                [
                    11.96036,
                    57.70647
                ],
                [
                    11.96046,
                    57.70648
                ],
                [
                    11.96055,
                    57.70645
                ],
                [
                    11.96083,
                    57.7064
                ],
                [
                    11.96246,
                    57.70617
                ],
                [
                    11.96283,
                    57.70614
                ],
                [
                    11.96294,
                    57.70616
                ],
                [
                    11.96408,
                    57.70634
                ],
                [
                    11.96405,
                    57.70638
                ],
                [
                    11.96379,
                    57.70694
                ],
                [
                    11.96363,
                    57.70691
                ]
            ]
        }
    ]
}