{
    "city": 1,
    "initialStart": [
        18.06884,
        59.34309
    ],
    "trips": [
        {
            "summary": {
                "distance": 690.5,
                "duration": 179.8
            },
            "user": {
                "id": 194,
                "token": "eyJhbGciOiJIUzI1NiIsInR5cCI6IkpXVCJ9.eyJpZCI6MTk0LCJyb2xlIjoidXNlciIsImlhdCI6MTcwMjg5MTIxNiwiZXhwIjoxNzM0NDI3MjE2fQ.MvsgEd3vhNQthg9BRhhC5hIJChiwPBe2dUlmSWbDbsw"
            },
            "coords": [
                [
                    18.06884,
                    59.34309
                ],
                [
                    18.06877,
                    59.34307
                ],
                [
                    18.06863,
                    59.34293
                ],
                [
                    18.06848,
                    59.34285
                ],
                [
                    18.06847,
                    59.34288
                ],
                [
                    18.0684,
                    59.34292
                ],
                [
                    18.06864,
                    59.34308
                ],
                [
                    18.06874,
                    59.34312
                ],
                [
                    18.07008,
                    59.3435
                ],
                [
                    18.07019,
                    59.34352
                ],
                [
                    18.07027,
                    59.3435
                ],
                [
                    18.07045,
                    59.34348
                ],
                [
                    18.07063,
                    59.3435
                ],
                [
                    18.07073,
                    59.34355
                ],
                [
                    18.07077,
                    59.34362
                ],
                [
                    18.07075,
                    59.34369
                ],
                [
                    18.07059,
                    59.34379
                ],
                [
                    18.07041,
                    59.34384
                ],
                [
                    18.07031,
                    59.34384
                ],
                [
                    18.07014,
                    59.3438
                ],
                [
                    18.07003,
                    59.34385
                ],
                [
                    18.06898,
                    59.34432
                ],
                [
                    18.06903,
                    59.34442
                ],
                [
                    18.06936,
                    59.34494
                ],
                [
                    18.06982,
                    59.34555
                ],
                [
                    18.06991,
                    59.34562
                ],
                [
                    18.06974,
                    59.34565
                ],
                [
                    18.06923,
                    59.34581
                ],
                [
                    18.06916,
                    59.34583
                ],
                [
                    18.06909,
                    59.34586
                ],
                [
                    18.0684,
                    59.34611
                ],
                [
                    18.06833,
                    59.34613
                ],
                [
                    18.06825,
                    59.34616
                ],
                [
                    18.06747,
                    59.34558
                ]
            ]
        }
    ]
}