{
    "city": 2,
    "initialStart": [
        11.9523,
        57.70842
    ],
    "trips": [
        {
            "summary": {
                "distance": 291.1,
                "duration": 60.9
            },
            "user": {
                "id": 1941,
                "token": "eyJhbGciOiJIUzI1NiIsInR5cCI6IkpXVCJ9.eyJpZCI6MTk0MSwicm9sZSI6InVzZXIiLCJpYXQiOjE3MDQzNzAyMjUsImV4cCI6MTczNTkwNjIyNX0.nQlgqRPOPSIoh-3To7XGdAn7ikDtbeUuCB9HAkDXi3Q"
            },
            "coords": [
                [
                    11.9523,
                    57.70842
                ],
                [
                    11.95125,
                    57.70863
                ],
                [
                    11.95089,
                    57.70866
                ],
                [
                    11.95085,
                    57.70861
                ],
                [
                    11.9501,
                    57.70876
                ],
                [
                    11.95017,
                    57.70887
                ],
                [
                    11.95044,
                    57.70928
                ],
                [
                    11.94957,
                    57.70947
                ],
                [
                    11.95003,
                    57.70962
                ]
            ]
        }
    ]
}