{
    "city": 2,
    "initialStart": [
        12.02568,
        57.73043
    ],
    "trips": [
        {
            "summary": {
                "distance": 477.4,
                "duration": 103.3
            },
            "user": {
                "id": 1942,
                "token": "eyJhbGciOiJIUzI1NiIsInR5cCI6IkpXVCJ9.eyJpZCI6MTk0Miwicm9sZSI6InVzZXIiLCJpYXQiOjE3MDQzNzAyMjUsImV4cCI6MTczNTkwNjIyNX0.oFIT7gA8aiAhjPh6qSYzmGL1EQUTpq5oFWCwO2OfTeA"
            },
            "coords": [
                [
                    12.02568,
                    57.73043
                ],
                [
                    12.02553,
                    57.73059
                ],
                [
                    12.02536,
                    57.73068
                ],
                [
                    12.02493,
                    57.7307
                ],
                [
                    12.02467,
                    57.73086
                ],
                [
                    12.02347,
                    57.73049
                ],
                [
                    12.02249,
                    57.73019
                ],
                [
                    12.0214,
                    57.72988
                ],
                [
                    12.02024,
                    57.72955
                ],
                [
                    12.02053,
                    57.72925
                ],
                [
                    12.02062,
                    57.72923
                ],
                [
                    12.02081,
                    57.72923
                ],
                [
                    12.02096,
                    57.7292
                ],
                [
                    12.0212,
                    57.72925
                ],
                [
                    12.02127,
                    57.72918
                ],
                [
                    12.02128,
                    57.72913
                ]
            ]
        }
    ]
}