{
    "city": 1,
    "initialStart": [
        18.02146,
        59.32965
    ],
    "trips": [
        {
            "summary": {
                "distance": 721,
                "duration": 144.1
            },
            "user": {
                "id": 195,
                "token": "eyJhbGciOiJIUzI1NiIsInR5cCI6IkpXVCJ9.eyJpZCI6MTk1LCJyb2xlIjoidXNlciIsImlhdCI6MTcwMjg5MTIxNiwiZXhwIjoxNzM0NDI3MjE2fQ.brpWiHMvHj_gG58KebuIghHqsgZW7O7BGBCmgy5BByA"
            },
            "coords": [
                [
                    18.02146,
                    59.32965
                ],
                [
                    18.02103,
                    59.3297
                ],
                [
                    18.02092,
                    59.3297
                ],
                [
                    18.02086,
                    59.3297
                ],
                [
                    18.02089,
                    59.32983
                ],
                [
                    18.02096,
                    59.32993
                ],
                [
                    18.02114,
                    59.33005
                ],
                [
                    18.02056,
                    59.33029
                ],
                [
                    18.02034,
                    59.33015
                ],
                [
                    18.02005,
                    59.33
                ],
                [
                    18.02007,
                    59.32977
                ],
                [
                    18.01974,
                    59.32955
                ],
                [
                    18.01955,
                    59.32945
                ],
                [
                    18.01938,
                    59.32937
                ],
                [
                    18.01901,
                    59.32914
                ],
                [
                    18.0189,
                    59.32906
                ],
                [
                    18.01885,
                    59.32847
                ],
                [
                    18.01895,
                    59.32833
                ],
                [
                    18.01874,
                    59.32821
                ],
                [
                    18.01865,
                    59.32814
                ],
                [
                    18.01859,
                    59.32807
                ],
                [
                    18.01835,
                    59.32769
                ],
                [
                    18.01829,
                    59.32759
                ],
                [
                    18.01848,
                    59.32756
                ],
                [
                    18.01876,
                    59.32752
                ],
                [
                    18.01901,
                    59.32749
                ],
                [
                    18.02111,
                    59.32722
                ],
                [
                    18.02111,
                    59.32717
                ],
                [
                    18.02111,
                    59.32693
                ],
                [
                    18.02079,
                    59.32693
                ],
                [
                    18.02045,
                    59.32693
                ],
                [
                    18.02046,
                    59.32712
                ]
            ]
        }
    ]
}