{
    "city": 2,
    "initialStart": [
        12.00943,
        57.69908
    ],
    "trips": [
        {
            "summary": {
                "distance": 347.6,
                "duration": 81.2
            },
            "user": {
                "id": 1951,
                "token": "eyJhbGciOiJIUzI1NiIsInR5cCI6IkpXVCJ9.eyJpZCI6MTk1MSwicm9sZSI6InVzZXIiLCJpYXQiOjE3MDQzNzAyMjcsImV4cCI6MTczNTkwNjIyN30.WBAg1lAdceGY8ncbf2Hdd7y6HL6nfbHGO4PLjo4QOoM"
            },
            "coords": [
                [
                    12.00943,
                    57.69908
                ],
                [
                    12.00948,
                    57.69888
                ],
                [
                    12.00965,
                    57.69888
                ],
                [
                    12.00966,
                    57.69889
                ],
                [
                    12.00959,
                    57.69893
                ],
                [
                    12.00964,
                    57.69931
                ],
                [
                    12.00939,
                    57.69929
                ],
                [
                    12.00919,
                    57.6993
                ],
                [
                    12.00917,
                    57.69938
                ],
                [
                    12.00936,
                    57.6994
                ],
                [
                    12.00951,
                    57.6994
                ],
                [
                    12.00948,
                    57.6995
                ],
                [
                    12.00947,
                    57.69955
                ],
                [
                    12.00945,
                    57.69988
                ],
                [
                    12.00946,
                    57.69994
                ],
                [
                    12.00945,
                    57.70019
                ],
                [
                    12.00946,
                    57.70037
                ],
                [
                    12.00988,
                    57.70034
                ],
                [
                    12.01004,
                    57.70049
                ],
                [
                    12.01025,
                    57.70056
                ],
                [
                    12.01051,
                    57.70079
                ],
                [
                    12.01061,
                    57.7009
                ]
            ]
        }
    ]
}