{
    "city": 2,
    "initialStart": [
        11.9079,
        57.72686
    ],
    "trips": [
        {
            "summary": {
                "distance": 267.4,
                "duration": 43.7
            },
            "user": {
                "id": 1952,
                "token": "eyJhbGciOiJIUzI1NiIsInR5cCI6IkpXVCJ9.eyJpZCI6MTk1Miwicm9sZSI6InVzZXIiLCJpYXQiOjE3MDQzNzAyMjcsImV4cCI6MTczNTkwNjIyN30.YL8Svb51YgYgmwByDuwJOA7dqMuNJLQtgcr3ILCVF24"
            },
            "coords": [
                [
                    11.9079,
                    57.72686
                ],
                [
                    11.90791,
                    57.72668
                ],
                [
                    11.90792,
                    57.72654
                ],
                [
                    11.90793,
                    57.72634
                ],
                [
                    11.90793,
                    57.72618
                ],
                [
                    11.90795,
                    57.72608
                ],
                [
                    11.90808,
                    57.72584
                ],
                [
                    11.90815,
                    57.72575
                ],
                [
                    11.90826,
                    57.72571
                ],
                [
                    11.909,
                    57.7257
                ],
                [
                    11.90902,
                    57.72566
                ],
                [
                    11.90902,
                    57.72545
                ],
                [
                    11.90907,
                    57.725
                ],
                [
                    11.90907,
                    57.72489
                ]
            ]
        }
    ]
}