{
    "city": 2,
    "initialStart": [
        11.92904,
        57.72881
    ],
    "trips": [
        {
            "summary": {
                "distance": 706.5,
                "duration": 149.4
            },
            "user": {
                "id": 1953,
                "token": "eyJhbGciOiJIUzI1NiIsInR5cCI6IkpXVCJ9.eyJpZCI6MTk1Mywicm9sZSI6InVzZXIiLCJpYXQiOjE3MDQzNzAyMjgsImV4cCI6MTczNTkwNjIyOH0.uu4HAPqivPXO7z3vGcYpjphXHsbfFD3RNz-IwC4Jtg4"
            },
            "coords": [
                [
                    11.92904,
                    57.72881
                ],
                [
                    11.92956,
                    57.72878
                ],
                [
                    11.93094,
                    57.72871
                ],
                [
                    11.93093,
                    57.72867
                ],
                [
                    11.93071,
                    57.72868
                ],
                [
                    11.92986,
                    57.72873
                ],
                [
                    11.9291,
                    57.72877
                ],
                [
                    11.9282,
                    57.72882
                ],
                [
                    11.9278,
                    57.72884
                ],
                [
                    11.92763,
                    57.72885
                ],
                [
                    11.92682,
                    57.72894
                ],
                [
                    11.92659,
                    57.72898
                ],
                [
                    11.92637,
                    57.72853
                ],
                [
                    11.9263,
                    57.72843
                ],
                [
                    11.92622,
                    57.7283
                ],
                [
                    11.92618,
                    57.72814
                ],
                [
                    11.92586,
                    57.72758
                ],
                [
                    11.9263,
                    57.72745
                ],
                [
                    11.92669,
                    57.72731
                ],
                [
                    11.92809,
                    57.72668
                ]
            ]
        }
    ]
}