{
    "city": 2,
    "initialStart": [
        11.91923,
        57.65542
    ],
    "trips": [
        {
            "summary": {
                "distance": 362.3,
                "duration": 108.9
            },
            "user": {
                "id": 1955,
                "token": "eyJhbGciOiJIUzI1NiIsInR5cCI6IkpXVCJ9.eyJpZCI6MTk1NSwicm9sZSI6InVzZXIiLCJpYXQiOjE3MDQzNzAyMjgsImV4cCI6MTczNTkwNjIyOH0.WlTsvhi3Uc6JcW6vBdDi-VUpYe5Ozs5sn_S7jdMM64E"
            },
            "coords": [
                [
                    11.91923,
                    57.65542
                ],
                [
                    11.91926,
                    57.65542
                ],
                [
                    11.91977,
                    57.6554
                ],
                [
                    11.91992,
                    57.65542
                ],
                [
                    11.92075,
                    57.65593
                ],
                [
                    11.92087,
                    57.65602
                ],
                [
                    11.92091,
                    57.6561
                ],
                [
                    11.92093,
                    57.65626
                ],
                [
                    11.92104,
                    57.65622
                ],
                [
                    11.92133,
                    57.65613
                ],
                [
                    11.92176,
                    57.65602
                ],
                [
                    11.92206,
                    57.65587
                ],
                [
                    11.92217,
                    57.65577
                ],
                [
                    11.92234,
                    57.65567
                ],
                [
                    11.92244,
                    57.65562
                ],
                [
                    11.92263,
                    57.65558
                ],
                [
                    11.92285,
                    57.65555
                ],
                [
                    11.92308,
                    57.65556
                ],
                [
                    11.92332,
                    57.65561
                ],
                [
                    11.9233,
                    57.65566
                ],
                [
                    11.92333,
                    57.65573
                ],
                [
                    11.92325,
                    57.65573
                ],
                [
                    11.92338,
                    57.65586
                ]
            ]
        }
    ]
}