{
    "city": 2,
    "initialStart": [
        11.86605,
        57.65568
    ],
    "trips": [
        {
            "summary": {
                "distance": 528.4,
                "duration": 114.9
            },
            "user": {
                "id": 1957,
                "token": "eyJhbGciOiJIUzI1NiIsInR5cCI6IkpXVCJ9.eyJpZCI6MTk1Nywicm9sZSI6InVzZXIiLCJpYXQiOjE3MDQzNzAyMjgsImV4cCI6MTczNTkwNjIyOH0.Q330L2Qb25N09IQJzs_CYJyZCsaQ9JDPoihOuvGX6Pk"
            },
            "coords": [
                [
                    11.86605,
                    57.65568
                ],
                [
                    11.86614,
                    57.65572
                ],
                [
                    11.86655,
                    57.65602
                ],
                [
                    11.86666,
                    57.65603
                ],
                [
                    11.86679,
                    57.65599
                ],
                [
                    11.867,
                    57.65596
                ],
                [
                    11.86729,
                    57.65639
                ],
                [
                    11.86796,
                    57.65626
                ],
                [
                    11.86848,
                    57.65617
                ],
                [
                    11.86821,
                    57.65575
                ],
                [
                    11.86807,
                    57.65552
                ],
                [
                    11.86799,
                    57.6554
                ],
                [
                    11.86796,
                    57.65536
                ],
                [
                    11.86785,
                    57.65518
                ],
                [
                    11.86776,
                    57.65503
                ],
                [
                    11.86765,
                    57.65486
                ],
                [
                    11.86763,
                    57.65482
                ],
                [
                    11.86761,
                    57.6548
                ],
                [
                    11.86744,
                    57.65453
                ],
                [
                    11.86733,
                    57.65442
                ],
                [
                    11.86725,
                    57.65436
                ],
                [
                    11.867,
                    57.65423
                ],
                [
                    11.86673,
                    57.65415
                ],
                [
                    11.86646,
                    57.6541
                ],
                [
                    11.86607,
                    57.65408
                ],
                [
                    11.86607,
                    57.6539
                ],
                [
                    11.86616,
                    57.65383
                ]
            ]
        }
    ]
}