{
    "city": 2,
    "initialStart": [
        11.93192,
        57.70899
    ],
    "trips": [
        {
            "summary": {
                "distance": 334.4,
                "duration": 60.4
            },
            "user": {
                "id": 1959,
                "token": "eyJhbGciOiJIUzI1NiIsInR5cCI6IkpXVCJ9.eyJpZCI6MTk1OSwicm9sZSI6InVzZXIiLCJpYXQiOjE3MDQzNzAyODksImV4cCI6MTczNTkwNjI4OX0.PkM_N5JXZg7ZcyjRfm3X44VCkuxojSA7DYpw_thOeRc"
            },
            "coords": [
                [
                    11.93192,
                    57.70899
                ],
                [
                    11.93203,
                    57.70902
                ],
                [
                    11.9322,
                    57.70908
                ],
                [
                    11.93144,
                    57.70971
                ],
                [
                    11.93134,
                    57.70976
                ],
                [
                    11.93118,
                    57.7098
                ],
                [
                    11.93097,
                    57.7098
                ],
                [
                    11.93087,
                    57.70988
                ],
                [
                    11.93076,
                    57.70994
                ],
                [
                    11.93057,
                    57.70976
                ],
                [
                    11.93027,
                    57.70954
                ],
                [
                    11.92997,
                    57.70928
                ],
                [
                    11.92994,
                    57.70925
                ],
                [
                    11.92983,
                    57.70915
                ],
                [
                    11.92973,
                    57.70919
                ],
                [
                    11.92876,
                    57.70954
                ]
            ]
        }
    ]
}