{
    "city": 1,
    "initialStart": [
        18.05089,
        59.34866
    ],
    "trips": [
        {
            "summary": {
                "distance": 535,
                "duration": 120
            },
            "user": {
                "id": 196,
                "token": "eyJhbGciOiJIUzI1NiIsInR5cCI6IkpXVCJ9.eyJpZCI6MTk2LCJyb2xlIjoidXNlciIsImlhdCI6MTcwMjg5MTIxNywiZXhwIjoxNzM0NDI3MjE3fQ.Ov4ME-tIPtRiYaLsFhxDaqAwrdjhWSFImU_85_BINog"
            },
            "coords": [
                [
                    18.05089,
                    59.34866
                ],
                [
                    18.05137,
                    59.34815
                ],
                [
                    18.05141,
                    59.34816
                ],
                [
                    18.05153,
                    59.34802
                ],
                [
                    18.05144,
                    59.348
                ],
                [
                    18.05087,
                    59.34785
                ],
                [
                    18.05003,
                    59.34763
                ],
                [
                    18.04985,
                    59.34758
                ],
                [
                    18.04962,
                    59.34752
                ],
                [
                    18.04946,
                    59.34748
                ],
                [
                    18.04865,
                    59.34727
                ],
                [
                    18.04722,
                    59.34691
                ],
                [
                    18.04708,
                    59.34686
                ],
                [
                    18.04699,
                    59.34694
                ],
                [
                    18.04679,
                    59.34715
                ],
                [
                    18.04643,
                    59.34751
                ],
                [
                    18.04613,
                    59.34781
                ],
                [
                    18.04601,
                    59.34779
                ],
                [
                    18.04596,
                    59.34784
                ],
                [
                    18.04567,
                    59.34813
                ]
            ]
        }
    ]
}