{
    "city": 2,
    "initialStart": [
        11.95471,
        57.73578
    ],
    "trips": [
        {
            "summary": {
                "distance": 389.8,
                "duration": 65.3
            },
            "user": {
                "id": 1962,
                "token": "eyJhbGciOiJIUzI1NiIsInR5cCI6IkpXVCJ9.eyJpZCI6MTk2Miwicm9sZSI6InVzZXIiLCJpYXQiOjE3MDQzNzAyOTAsImV4cCI6MTczNTkwNjI5MH0.cqXQe79G9WJo7L-Q5-xJErF4-T8l0q8kRh6TLZW_dlY"
            },
            "coords": [
                [
                    11.95471,
                    57.73578
                ],
                [
                    11.95511,
                    57.73584
                ],
                [
                    11.9553,
                    57.73546
                ],
                [
                    11.9557,
                    57.73467
                ],
                [
                    11.95585,
                    57.73437
                ],
                [
                    11.95601,
                    57.73405
                ],
                [
                    11.95618,
                    57.73372
                ],
                [
                    11.95621,
                    57.73364
                ],
                [
                    11.95635,
                    57.73334
                ],
                [
                    11.95609,
                    57.7333
                ],
                [
                    11.95593,
                    57.73331
                ],
                [
                    11.95579,
                    57.73334
                ],
                [
                    11.95556,
                    57.73333
                ],
                [
                    11.95508,
                    57.73326
                ]
            ]
        }
    ]
}