{
    "city": 2,
    "initialStart": [
        11.98959,
        57.72775
    ],
    "trips": [
        {
            "summary": {
                "distance": 1214.9,
                "duration": 286.4
            },
            "user": {
                "id": 1966,
                "token": "eyJhbGciOiJIUzI1NiIsInR5cCI6IkpXVCJ9.eyJpZCI6MTk2Niwicm9sZSI6InVzZXIiLCJpYXQiOjE3MDQzNzAyOTEsImV4cCI6MTczNTkwNjI5MX0.aPV9P89sJD8vFFv5v7cqNccc4zA-TB_YHhEiOtcRsMw"
            },
            "coords": [
                [
                    11.98959,
                    57.72775
                ],
                [
                    11.98949,
                    57.7276
                ],
                [
                    11.98939,
                    57.72757
                ],
                [
                    11.98894,
                    57.72766
                ],
                [
                    11.98932,
                    57.72816
                ],
                [
                    11.98979,
                    57.7287
                ],
                [
                    11.99,
                    57.72889
                ],
                [
                    11.9901,
                    57.72892
                ],
                [
                    11.99022,
                    57.72893
                ],
                [
                    11.9904,
                    57.7289
                ],
                [
                    11.99205,
                    57.72865
                ],
                [
                    11.99255,
                    57.72856
                ],
                [
                    11.99274,
                    57.72854
                ],
                [
                    11.99388,
                    57.72833
                ],
                [
                    11.99404,
                    57.72828
                ],
                [
                    11.9945,
                    57.7282
                ],
                [
                    11.99464,
                    57.72811
                ],
                [
                    11.99574,
                    57.72787
                ],
                [
                    11.99675,
                    57.72766
                ],
                [
                    11.99656,
                    57.72734
                ],
                [
                    11.99649,
                    57.72727
                ],
                [
                    11.99621,
                    57.72709
                ],
                [
                    11.99505,
                    57.72529
                ],
                [
                    11.99496,
                    57.72531
                ],
                [
                    11.995,
                    57.72537
                ],
                [
                    11.99326,
                    57.72576
                ],
                [
                    11.99269,
                    57.72589
                ],
                [
                    11.99237,
                    57.72595
                ],
                [
                    11.99168,
                    57.72496
                ]
            ]
        }
    ]
}