{
    "city": 2,
    "initialStart": [
        12.04356,
        57.71285
    ],
    "trips": [
        {
            "summary": {
                "distance": 458,
                "duration": 74.9
            },
            "user": {
                "id": 1967,
                "token": "eyJhbGciOiJIUzI1NiIsInR5cCI6IkpXVCJ9.eyJpZCI6MTk2Nywicm9sZSI6InVzZXIiLCJpYXQiOjE3MDQzNzAyOTEsImV4cCI6MTczNTkwNjI5MX0.Q0j-nm-U9o6ioOnlyKMRrMvI6ugzCnY_tUUDVTDnwj4"
            },
            "coords": [
                [
                    12.04356,
                    57.71285
                ],
                [
                    12.04346,
                    57.71282
                ],
                [
                    12.04309,
                    57.7127
                ],
                [
                    12.04284,
                    57.71265
                ],
                [
                    12.04211,
                    57.7126
                ],
                [
                    12.04206,
                    57.71267
                ],
                [
                    12.04195,
                    57.7128
                ],
                [
                    12.04189,
                    57.71293
                ],
                [
                    12.04178,
                    57.71294
                ],
                [
                    12.04169,
                    57.71299
                ],
                [
                    12.04103,
                    57.71314
                ],
                [
                    12.04067,
                    57.71327
                ],
                [
                    12.0404,
                    57.71339
                ],
                [
                    12.03997,
                    57.71367
                ],
                [
                    12.03971,
                    57.71338
                ],
                [
                    12.03935,
                    57.71293
                ],
                [
                    12.03918,
                    57.71343
                ],
                [
                    12.03915,
                    57.71346
                ],
                [
                    12.03905,
                    57.71349
                ],
                [
                    12.03897,
                    57.71351
                ],
                [
                    12.03894,
                    57.71355
                ],
                [
                    12.0389,
                    57.7137
                ]
            ]
        }
    ]
}