{
    "city": 2,
    "initialStart": [
        11.91069,
        57.64913
    ],
    "trips": [
        {
            "summary": {
                "distance": 371.9,
                "duration": 66
            },
            "user": {
                "id": 1968,
                "token": "eyJhbGciOiJIUzI1NiIsInR5cCI6IkpXVCJ9.eyJpZCI6MTk2OCwicm9sZSI6InVzZXIiLCJpYXQiOjE3MDQzNzAyOTEsImV4cCI6MTczNTkwNjI5MX0.7NbUVLAFfrRjxbuoVYTttksHzfCA3Fc1TUAYOM72Gmg"
            },
            "coords": [
                [
                    11.91069,
                    57.64913
                ],
                [
                    11.91069,
                    57.64906
                ],
                [
                    11.91124,
                    57.64907
                ],
                [
                    11.91128,
                    57.64908
                ],
                [
                    11.91131,
                    57.64911
                ],
                [
                    11.91132,
                    57.64916
                ],
                [
                    11.91134,
                    57.6492
                ],
                [
                    11.91147,
                    57.64931
                ],
                [
                    11.91297,
                    57.64875
                ],
                [
                    11.91428,
                    57.64826
                ],
                [
                    11.91433,
                    57.6483
                ],
                [
                    11.91433,
                    57.64834
                ],
                [
                    11.91407,
                    57.64848
                ],
                [
                    11.91408,
                    57.64852
                ],
                [
                    11.91413,
                    57.64857
                ],
                [
                    11.91434,
                    57.64877
                ],
                [
                    11.91443,
                    57.64885
                ],
                [
                    11.91444,
                    57.6489
                ],
                [
                    11.91442,
                    57.64894
                ],
                [
                    11.91446,
                    57.64901
                ]
            ]
        }
    ]
}