{
    "city": 1,
    "initialStart": [
        18.04738,
        59.34808
    ],
    "trips": [
        {
            "summary": {
                "distance": 505,
                "duration": 109.1
            },
            "user": {
                "id": 197,
                "token": "eyJhbGciOiJIUzI1NiIsInR5cCI6IkpXVCJ9.eyJpZCI6MTk3LCJyb2xlIjoidXNlciIsImlhdCI6MTcwMjg5MTIxNywiZXhwIjoxNzM0NDI3MjE3fQ.owpAwXllLcd6IUkUISRfre5vcbwXk3uQU_Qzw5qPPjI"
            },
            "coords": [
                [
                    18.04738,
                    59.34808
                ],
                [
                    18.04631,
                    59.3478
                ],
                [
                    18.04627,
                    59.34784
                ],
                [
                    18.04613,
                    59.34781
                ],
                [
                    18.04564,
                    59.3483
                ],
                [
                    18.04556,
                    59.34846
                ],
                [
                    18.04552,
                    59.34853
                ],
                [
                    18.04548,
                    59.3486
                ],
                [
                    18.04544,
                    59.34868
                ],
                [
                    18.04457,
                    59.3496
                ],
                [
                    18.04448,
                    59.34969
                ],
                [
                    18.04447,
                    59.34974
                ],
                [
                    18.04451,
                    59.34977
                ],
                [
                    18.04458,
                    59.34979
                ],
                [
                    18.0448,
                    59.34984
                ],
                [
                    18.0451,
                    59.34986
                ],
                [
                    18.04519,
                    59.34987
                ],
                [
                    18.0466,
                    59.34999
                ],
                [
                    18.04666,
                    59.34999
                ],
                [
                    18.0473,
                    59.35004
                ],
                [
                    18.04732,
                    59.34999
                ],
                [
                    18.04759,
                    59.35001
                ],
                [
                    18.04764,
                    59.35002
                ]
            ]
        }
    ]
}