{
    "city": 2,
    "initialStart": [
        11.92289,
        57.65318
    ],
    "trips": [
        {
            "summary": {
                "distance": 884.3,
                "duration": 172.4
            },
            "user": {
                "id": 1974,
                "token": "eyJhbGciOiJIUzI1NiIsInR5cCI6IkpXVCJ9.eyJpZCI6MTk3NCwicm9sZSI6InVzZXIiLCJpYXQiOjE3MDQzNzAyOTMsImV4cCI6MTczNTkwNjI5M30.jACZX5fA9O4iBTRL3yAbKTuF7LDlZS4bsONO3PnSiZw"
            },
            "coords": [
                [
                    11.92289,
                    57.65318
                ],
                [
                    11.92289,
                    57.65318
                ],
                [
                    11.92318,
                    57.65306
                ],
                [
                    11.92337,
                    57.65303
                ],
                [
                    11.92358,
                    57.65303
                ],
                [
                    11.92386,
                    57.65303
                ],
                [
                    11.92393,
                    57.65305
                ],
                [
                    11.92409,
                    57.65251
                ],
                [
                    11.92412,
                    57.65203
                ],
                [
                    11.92427,
                    57.65179
                ],
                [
                    11.92451,
                    57.65155
                ],
                [
                    11.92477,
                    57.65135
                ],
                [
                    11.92492,
                    57.6513
                ],
                [
                    11.92529,
                    57.65126
                ],
                [
                    11.92556,
                    57.6512
                ],
                [
                    11.92571,
                    57.65112
                ],
                [
                    11.92585,
                    57.65101
                ],
                [
                    11.92603,
                    57.65096
                ],
                [
                    11.92623,
                    57.65093
                ],
                [
                    11.9267,
                    57.65089
                ],
                [
                    11.92714,
                    57.65089
                ],
                [
                    11.92712,
                    57.65143
                ],
                [
                    11.92746,
                    57.65145
                ],
                [
                    11.92741,
                    57.652
                ],
                [
                    11.92732,
                    57.65199
                ],
                [
                    11.92726,
                    57.65253
                ],
                [
                    11.92793,
                    57.65257
                ],
                [
                    11.92787,
                    57.65309
                ],
                [
                    11.92798,
                    57.6531
                ],
                [
                    11.92791,
                    57.65366
                ],
                [
                    11.92755,
                    57.65364
                ],
                [
                    11.9273,
                    57.65366
                ],
                [
                    11.92706,
                    57.65369
                ],
                [
                    11.92656,
                    57.65381
                ],
                [
                    11.92654,
                    57.65381
                ]
            ]
        }
    ]
}