{
    "city": 2,
    "initialStart": [
        11.98923,
        57.72223
    ],
    "trips": [
        {
            "summary": {
                "distance": 460.1,
                "duration": 75.8
            },
            "user": {
                "id": 1975,
                "token": "eyJhbGciOiJIUzI1NiIsInR5cCI6IkpXVCJ9.eyJpZCI6MTk3NSwicm9sZSI6InVzZXIiLCJpYXQiOjE3MDQzNzAyOTMsImV4cCI6MTczNTkwNjI5M30.85OSx2GPxgVGsf9i4A1c0XTzzwdb6DyvQoSJnqwL-C4"
            },
            "coords": [
                [
                    11.98923,
                    57.72223
                ],
                [
                    11.98929,
                    57.72219
                ],
                [
                    11.98966,
                    57.72207
                ],
                [
                    11.98985,
                    57.7219
                ],
                [
                    11.99006,
                    57.72182
                ],
                [
                    11.99027,
                    57.72174
                ],
                [
                    11.99118,
                    57.72141
                ],
                [
                    11.99127,
                    57.7214
                ],
                [
                    11.99139,
                    57.72141
                ],
                [
                    11.99154,
                    57.72148
                ],
                [
                    11.99167,
                    57.72159
                ],
                [
                    11.9918,
                    57.72166
                ],
                [
                    11.99212,
                    57.72168
                ],
                [
                    11.99275,
                    57.72212
                ],
                [
                    11.99296,
                    57.72239
                ],
                [
                    11.99296,
                    57.7225
                ],
                [
                    11.99303,
                    57.72261
                ],
                [
                    11.99281,
                    57.72262
                ],
                [
                    11.99279,
                    57.72262
                ],
                [
                    11.9927,
                    57.72245
                ],
                [
                    11.9925,
                    57.72217
                ],
                [
                    11.99212,
                    57.72194
                ],
                [
                    11.99181,
                    57.72186
                ]
            ]
        }
    ]
}