{
    "city": 2,
    "initialStart": [
        11.98679,
        57.73362
    ],
    "trips": [
        {
            "summary": {
                "distance": 339.5,
                "duration": 55.6
            },
            "user": {
                "id": 1979,
                "token": "eyJhbGciOiJIUzI1NiIsInR5cCI6IkpXVCJ9.eyJpZCI6MTk3OSwicm9sZSI6InVzZXIiLCJpYXQiOjE3MDQzNzAyOTQsImV4cCI6MTczNTkwNjI5NH0.8FUuiK0Ol8EXYhXEuskm5oxC4amBaZM8dLt22xeVOXs"
            },
            "coords": [
                [
                    11.98679,
                    57.73362
                ],
                [
                    11.98678,
                    57.7336
                ],
                [
                    11.98676,
                    57.73334
                ],
                [
                    11.98679,
                    57.73272
                ],
                [
                    11.98699,
                    57.73271
                ],
                [
                    11.98697,
                    57.73262
                ],
                [
                    11.98691,
                    57.73256
                ],
                [
                    11.98691,
                    57.73217
                ],
                [
                    11.98688,
                    57.73199
                ],
                [
                    11.98677,
                    57.73171
                ],
                [
                    11.98665,
                    57.73145
                ],
                [
                    11.98666,
                    57.7314
                ],
                [
                    11.98681,
                    57.73122
                ],
                [
                    11.9868,
                    57.73115
                ],
                [
                    11.98676,
                    57.73107
                ],
                [
                    11.98672,
                    57.73101
                ],
                [
                    11.98696,
                    57.73101
                ],
                [
                    11.98724,
                    57.73096
                ]
            ]
        }
    ]
}