{
    "city": 2,
    "initialStart": [
        11.87191,
        57.65556
    ],
    "trips": [
        {
            "summary": {
                "distance": 637.9,
                "duration": 104.4
            },
            "user": {
                "id": 1983,
                "token": "eyJhbGciOiJIUzI1NiIsInR5cCI6IkpXVCJ9.eyJpZCI6MTk4Mywicm9sZSI6InVzZXIiLCJpYXQiOjE3MDQzNzAyOTQsImV4cCI6MTczNTkwNjI5NH0.tHXjPBZV73h4n_lsjhtopTQzJxmfzJ242luhYEiZy8Q"
            },
            "coords": [
                [
                    11.87191,
                    57.65556
                ],
                [
                    11.87192,
                    57.65554
                ],
                [
                    11.87199,
                    57.65546
                ],
                [
                    11.87214,
                    57.6554
                ],
                [
                    11.87224,
                    57.65538
                ],
                [
                    11.8722,
                    57.65525
                ],
                [
                    11.87222,
                    57.65514
                ],
                [
                    11.87229,
                    57.65507
                ],
                [
                    11.87236,
                    57.65505
                ],
                [
                    11.87256,
                    57.65503
                ],
                [
                    11.87261,
                    57.65501
                ],
                [
                    11.87264,
                    57.65498
                ],
                [
                    11.87291,
                    57.655
                ],
                [
                    11.8732,
                    57.65498
                ],
                [
                    11.87461,
                    57.65517
                ],
                [
                    11.87483,
                    57.65526
                ],
                [
                    11.87501,
                    57.65529
                ],
                [
                    11.8751,
                    57.65512
                ],
                [
                    11.87285,
                    57.65479
                ],
                [
                    11.87241,
                    57.65471
                ],
                [
                    11.87205,
                    57.65463
                ],
                [
                    11.87181,
                    57.65455
                ],
                [
                    11.87172,
                    57.6546
                ],
                [
                    11.8716,
                    57.65462
                ],
                [
                    11.87145,
                    57.6546
                ],
                [
                    11.87137,
                    57.65456
                ],
                [
                    11.87133,
                    57.65449
                ],
                [
                    11.87135,
                    57.65442
                ],
                [
                    11.87139,
                    57.65439
                ],
                [
                    11.87135,
                    57.65438
                ],
                [
                    11.87117,
                    57.65432
                ],
                [
                    11.87049,
                    57.65402
                ],
                [
                    11.87023,
                    57.65388
                ],
                [
                    11.86999,
                    57.65373
                ],
                [
                    11.86989,
                    57.65364
                ]
            ]
        }
    ]
}