{
    "city": 2,
    "initialStart": [
        11.91456,
        57.70662
    ],
    "trips": [
        {
            "summary": {
                "distance": 568.2,
                "duration": 136.4
            },
            "user": {
                "id": 1985,
                "token": "eyJhbGciOiJIUzI1NiIsInR5cCI6IkpXVCJ9.eyJpZCI6MTk4NSwicm9sZSI6InVzZXIiLCJpYXQiOjE3MDQzNzAyOTUsImV4cCI6MTczNTkwNjI5NX0.noxZBqkwvR065R5duEJDO7_SBYzz7qNGwrz-KVj0my0"
            },
            "coords": [
                [
                    11.91456,
                    57.70662
                ],
                [
                    11.91472,
                    57.70648
                ],
                [
                    11.91479,
                    57.70644
                ],
                [
                    11.91419,
                    57.70582
                ],
                [
                    11.9141,
                    57.70577
                ],
                [
                    11.91356,
                    57.70558
                ],
                [
                    11.91299,
                    57.70541
                ],
                [
                    11.91318,
                    57.70532
                ],
                [
                    11.91323,
                    57.70527
                ],
                [
                    11.91336,
                    57.70515
                ],
                [
                    11.91313,
                    57.70509
                ],
                [
                    11.91227,
                    57.7048
                ],
                [
                    11.912,
                    57.70468
                ],
                [
                    11.91179,
                    57.70455
                ],
                [
                    11.9116,
                    57.7044
                ],
                [
                    11.91143,
                    57.70424
                ],
                [
                    11.91125,
                    57.704
                ],
                [
                    11.91117,
                    57.70376
                ],
                [
                    11.91128,
                    57.70376
                ],
                [
                    11.91133,
                    57.70394
                ],
                [
                    11.91145,
                    57.70414
                ],
                [
                    11.91178,
                    57.70446
                ],
                [
                    11.91208,
                    57.70464
                ],
                [
                    11.91226,
                    57.70472
                ]
            ]
        }
    ]
}