{
    "city": 2,
    "initialStart": [
        11.89684,
        57.71796
    ],
    "trips": [
        {
            "summary": {
                "distance": 638.5,
                "duration": 121.3
            },
            "user": {
                "id": 1987,
                "token": "eyJhbGciOiJIUzI1NiIsInR5cCI6IkpXVCJ9.eyJpZCI6MTk4Nywicm9sZSI6InVzZXIiLCJpYXQiOjE3MDQzNzAyOTYsImV4cCI6MTczNTkwNjI5Nn0.r1FT3qQcW6DFy3FoDQZjr81o1MiJIVNIN0Cfhsngwq8"
            },
            "coords": [
                [
                    11.89684,
                    57.71796
                ],
                [
                    11.89671,
                    57.71805
                ],
                [
                    11.89672,
                    57.71821
                ],
                [
                    11.89637,
                    57.71868
                ],
                [
                    11.8961,
                    57.71883
                ],
                [
                    11.8958,
                    57.71909
                ],
                [
                    11.89547,
                    57.71901
                ],
                [
                    11.89515,
                    57.71943
                ],
                [
                    11.89516,
                    57.7195
                ],
                [
                    11.89506,
                    57.7196
                ],
                [
                    11.89526,
                    57.71966
                ],
                [
                    11.89535,
                    57.71971
                ],
                [
                    11.89539,
                    57.71975
                ],
                [
                    11.89539,
                    57.71989
                ],
                [
                    11.8964,
                    57.71998
                ],
                [
                    11.89695,
                    57.71998
                ],
                [
                    11.89702,
                    57.71998
                ],
                [
                    11.89707,
                    57.71995
                ],
                [
                    11.89718,
                    57.71958
                ],
                [
                    11.89742,
                    57.71936
                ],
                [
                    11.8974,
                    57.7191
                ],
                [
                    11.89744,
                    57.719
                ],
                [
                    11.89761,
                    57.71891
                ],
                [
                    11.89787,
                    57.71886
                ],
                [
                    11.89811,
                    57.71884
                ],
                [
                    11.89937,
                    57.71882
                ],
                [
                    11.89929,
                    57.71898
                ],
                [
                    11.89945,
                    57.71901
                ]
            ]
        }
    ]
}