{
    "city": 1,
    "initialStart": [
        18.06877,
        59.32056
    ],
    "trips": [
        {
            "summary": {
                "distance": 773.3,
                "duration": 156
            },
            "user": {
                "id": 199,
                "token": "eyJhbGciOiJIUzI1NiIsInR5cCI6IkpXVCJ9.eyJpZCI6MTk5LCJyb2xlIjoidXNlciIsImlhdCI6MTcwMjg5MTIxOCwiZXhwIjoxNzM0NDI3MjE4fQ.WmIVIFikYc25LabQcZ86wGJ5eiZGVe0_N35_zQEDpFA"
            },
            "coords": [
                [
                    18.06877,
                    59.32056
                ],
                [
                    18.06884,
                    59.32054
                ],
                [
                    18.06889,
                    59.32045
                ],
                [
                    18.06881,
                    59.32028
                ],
                [
                    18.06889,
                    59.32029
                ],
                [
                    18.06915,
                    59.31979
                ],
                [
                    18.06925,
                    59.31982
                ],
                [
                    18.06928,
                    59.31975
                ],
                [
                    18.06858,
                    59.31966
                ],
                [
                    18.06836,
                    59.31963
                ],
                [
                    18.06827,
                    59.31961
                ],
                [
                    18.06818,
                    59.31959
                ],
                [
                    18.06821,
                    59.31953
                ],
                [
                    18.06839,
                    59.31955
                ],
                [
                    18.06862,
                    59.31958
                ],
                [
                    18.06931,
                    59.31967
                ],
                [
                    18.06948,
                    59.31971
                ],
                [
                    18.07025,
                    59.31981
                ],
                [
                    18.07034,
                    59.31982
                ],
                [
                    18.07045,
                    59.31987
                ],
                [
                    18.07045,
                    59.31988
                ],
                [
                    18.07047,
                    59.31996
                ],
                [
                    18.0705,
                    59.31999
                ],
                [
                    18.07059,
                    59.32003
                ],
                [
                    18.07188,
                    59.3202
                ],
                [
                    18.07241,
                    59.32033
                ],
                [
                    18.07246,
                    59.32036
                ],
                [
                    18.07253,
                    59.32041
                ],
                [
                    18.07291,
                    59.32054
                ],
                [
                    18.07389,
                    59.3216
                ],
                [
                    18.07396,
                    59.32175
                ],
                [
                    18.07395,
                    59.32178
                ],
                [
                    18.07258,
                    59.32203
                ],
                [
                    18.07209,
                    59.32225
                ],
                [
                    18.0719,
                    59.32231
                ],
                [
                    18.07177,
                    59.32231
                ]
            ]
        }
    ]
}