{
    "city": 2,
    "initialStart": [
        11.92337,
        57.71812
    ],
    "trips": [
        {
            "summary": {
                "distance": 1237.2,
                "duration": 245.4
            },
            "user": {
                "id": 1991,
                "token": "eyJhbGciOiJIUzI1NiIsInR5cCI6IkpXVCJ9.eyJpZCI6MTk5MSwicm9sZSI6InVzZXIiLCJpYXQiOjE3MDQzNzAyOTcsImV4cCI6MTczNTkwNjI5N30.iB4PVuJuklbYD9bH_5apY_LS7eVJ6CJQuZKZK4kxTRc"
            },
            "coords": [
                [
                    11.92337,
                    57.71812
                ],
                [
                    11.92402,
                    57.71718
                ],
                [
                    11.92457,
                    57.71717
                ],
                [
                    11.92433,
                    57.71702
                ],
                [
                    11.92543,
                    57.71651
                ],
                [
                    11.92563,
                    57.71641
                ],
                [
                    11.92634,
                    57.7161
                ],
                [
                    11.92713,
                    57.71609
                ],
                [
                    11.92722,
                    57.71609
                ],
                [
                    11.92725,
                    57.7156
                ],
                [
                    11.928,
                    57.7156
                ],
                [
                    11.92802,
                    57.7156
                ],
                [
                    11.92833,
                    57.71558
                ],
                [
                    11.92844,
                    57.71557
                ],
                [
                    11.92823,
                    57.71528
                ],
                [
                    11.92773,
                    57.71461
                ],
                [
                    11.92748,
                    57.71437
                ],
                [
                    11.92745,
                    57.71435
                ],
                [
                    11.92731,
                    57.71433
                ],
                [
                    11.92712,
                    57.71434
                ],
                [
                    11.92696,
                    57.7144
                ],
                [
                    11.92679,
                    57.71446
                ],
                [
                    11.92661,
                    57.71455
                ],
                [
                    11.9265,
                    57.7146
                ],
                [
                    11.92609,
                    57.71481
                ],
                [
                    11.92602,
                    57.71485
                ],
                [
                    11.92523,
                    57.71521
                ],
                [
                    11.92472,
                    57.71545
                ],
                [
                    11.92423,
                    57.71568
                ],
                [
                    11.92388,
                    57.71585
                ],
                [
                    11.92132,
                    57.71706
                ],
                [
                    11.92113,
                    57.71715
                ],
                [
                    11.92077,
                    57.71732
                ],
                [
                    11.92067,
                    57.71726
                ],
                [
                    11.92055,
                    57.71718
                ],
                [
                    11.92033,
                    57.71729
                ],
                [
                    11.92003,
                    57.71709
                ]
            ]
        }
    ]
}