{
    "city": 1,
    "initialStart": [
        18.0055,
        59.33371
    ],
    "trips": [
        {
            "summary": {
                "distance": 894,
                "duration": 185.2
            },
            "user": {
                "id": 3,
                "token": "eyJhbGciOiJIUzI1NiIsInR5cCI6IkpXVCJ9.eyJpZCI6Mywicm9sZSI6InVzZXIiLCJpYXQiOjE3MDEyNTk2MTUsImV4cCI6MTczMjc5NTYxNX0.wXNh_mhiJPDIQQtYE7hYvbBqfqqh26ZCJ-GsVsx3J6Q"
            },
            "coords": [
                [
                    18.0055,
                    59.33371
                ],
                [
                    18.00528,
                    59.33367
                ],
                [
                    18.00509,
                    59.33363
                ],
                [
                    18.00503,
                    59.33362
                ],
                [
                    18.00481,
                    59.33358
                ],
                [
                    18.00466,
                    59.33379
                ],
                [
                    18.00444,
                    59.3341
                ],
                [
                    18.00396,
                    59.33401
                ],
                [
                    18.00383,
                    59.33398
                ],
                [
                    18.00375,
                    59.33399
                ],
                [
                    18.00365,
                    59.33401
                ],
                [
                    18.00353,
                    59.33403
                ],
                [
                    18.00358,
                    59.33425
                ],
                [
                    18.00348,
                    59.33494
                ],
                [
                    18.0034,
                    59.33577
                ],
                [
                    18.00347,
                    59.336
                ],
                [
                    18.00358,
                    59.33617
                ],
                [
                    18.00367,
                    59.33626
                ],
                [
                    18.00375,
                    59.33633
                ],
                [
                    18.00427,
                    59.33658
                ],
                [
                    18.00446,
                    59.33665
                ],
                [
                    18.00473,
                    59.3367
                ],
                [
                    18.00486,
                    59.33671
                ],
                [
                    18.00505,
                    59.33671
                ],
                [
                    18.00526,
                    59.33672
                ],
                [
                    18.00539,
                    59.33674
                ],
                [
                    18.0055,
                    59.33678
                ],
                [
                    18.00645,
                    59.33727
                ],
                [
                    18.00741,
                    59.33777
                ],
                [
                    18.00751,
                    59.33787
                ],
                [
                    18.00768,
                    59.33779
                ],
                [
                    18.00778,
                    59.33774
                ],
                [
                    18.008,
                    59.33762
                ],
                [
                    18.00967,
                    59.33677
                ],
                [
                    18.00994,
                    59.33664
                ]
            ]
        },
        {
            "summary": {
                "distance": 610.5,
                "duration": 110.4
            },
            "user": {
                "id": 4,
                "token": "eyJhbGciOiJIUzI1NiIsInR5cCI6IkpXVCJ9.eyJpZCI6NCwicm9sZSI6InVzZXIiLCJpYXQiOjE3MDEyNTk2MTUsImV4cCI6MTczMjc5NTYxNX0.mXS7-bHUctuzG2boLjYqdKRtn1aV_o3kpIBcohOmXxk"
            },
            "coords": [
                [
                    18.00994,
                    59.33664
                ],
                [
                    18.01003,
                    59.3366
                ],
                [
                    18.01009,
                    59.33662
                ],
                [
                    18.0109,
                    59.33624
                ],
                [
                    18.01107,
                    59.33633
                ],
                [
                    18.01108,
                    59.3364
                ],
                [
                    18.011,
                    59.3364
                ],
                [
                    18.01032,
                    59.33676
                ],
                [
                    18.00996,
                    59.33693
                ],
                [
                    18.00853,
                    59.33764
                ],
                [
                    18.00828,
                    59.33777
                ],
                [
                    18.00802,
                    59.3379
                ],
                [
                    18.0078,
                    59.338
                ],
                [
                    18.00774,
                    59.33797
                ],
                [
                    18.00758,
                    59.3379
                ],
                [
                    18.00751,
                    59.33787
                ],
                [
                    18.00741,
                    59.33777
                ],
                [
                    18.00645,
                    59.33727
                ],
                [
                    18.00656,
                    59.33721
                ],
                [
                    18.00564,
                    59.33674
                ],
                [
                    18.00548,
                    59.33669
                ],
                [
                    18.00536,
                    59.33668
                ],
                [
                    18.00542,
                    59.33662
                ],
                [
                    18.00569,
                    59.33667
                ],
                [
                    18.00592,
                    59.33679
                ]
            ]
        }
    ]
}