{
    "city": 2,
    "initialStart": [
        11.99998,
        57.7012
    ],
    "trips": [
        {
            "summary": {
                "distance": 459.9,
                "duration": 75.2
            },
            "user": {
                "id": 2002,
                "token": "eyJhbGciOiJIUzI1NiIsInR5cCI6IkpXVCJ9.eyJpZCI6MjAwMiwicm9sZSI6InVzZXIiLCJpYXQiOjE3MDQzNzAzOTcsImV4cCI6MTczNTkwNjM5N30.V1eNCNzPV-5_4yAjthgVQTBaXvfu-9ThjcqxHl8uIdA"
            },
            "coords": [
                [
                    11.99998,
                    57.7012
                ],
                [
                    12.00046,
                    57.70079
                ],
                [
                    12.00052,
                    57.70074
                ],
                [
                    12.0007,
                    57.7008
                ],
                [
                    12.00157,
                    57.70103
                ],
                [
                    12.00199,
                    57.70125
                ],
                [
                    12.00219,
                    57.70139
                ],
                [
                    12.00245,
                    57.70164
                ],
                [
                    12.00295,
                    57.70208
                ],
                [
                    12.00308,
                    57.70222
                ],
                [
                    12.00334,
                    57.70262
                ],
                [
                    12.00365,
                    57.70284
                ],
                [
                    12.00359,
                    57.70288
                ],
                [
                    12.00352,
                    57.70295
                ],
                [
                    12.0033,
                    57.70329
                ],
                [
                    12.00282,
                    57.70309
                ]
            ]
        }
    ]
}