{
    "city": 1,
    "initialStart": [
        18.04938,
        59.32993
    ],
    "trips": [
        {
            "summary": {
                "distance": 513.6,
                "duration": 86.7
            },
            "user": {
                "id": 207,
                "token": "eyJhbGciOiJIUzI1NiIsInR5cCI6IkpXVCJ9.eyJpZCI6MjA3LCJyb2xlIjoidXNlciIsImlhdCI6MTcwMjg5MTIyNCwiZXhwIjoxNzM0NDI3MjI0fQ.Cj5p6bWEvhdg203dJv9aiHuGmafYFccog-lEV-68Mps"
            },
            "coords": [
                [
                    18.04938,
                    59.32993
                ],
                [
                    18.0494,
                    59.32998
                ],
                [
                    18.04884,
                    59.33005
                ],
                [
                    18.04872,
                    59.33007
                ],
                [
                    18.04862,
                    59.33008
                ],
                [
                    18.04821,
                    59.33014
                ],
                [
                    18.04804,
                    59.33016
                ],
                [
                    18.04781,
                    59.33019
                ],
                [
                    18.04773,
                    59.33002
                ],
                [
                    18.04776,
                    59.33001
                ],
                [
                    18.04756,
                    59.32962
                ],
                [
                    18.04747,
                    59.32946
                ],
                [
                    18.04745,
                    59.32938
                ],
                [
                    18.04813,
                    59.3293
                ],
                [
                    18.04874,
                    59.32922
                ],
                [
                    18.049,
                    59.32918
                ],
                [
                    18.04907,
                    59.32913
                ],
                [
                    18.04929,
                    59.3291
                ],
                [
                    18.05024,
                    59.32897
                ],
                [
                    18.05014,
                    59.32863
                ],
                [
                    18.04991,
                    59.3281
                ],
                [
                    18.05076,
                    59.32799
                ],
                [
                    18.05087,
                    59.32798
                ]
            ]
        }
    ]
}