{
    "city": 1,
    "initialStart": [
        18.03573,
        59.34502
    ],
    "trips": [
        {
            "summary": {
                "distance": 395.1,
                "duration": 79.4
            },
            "user": {
                "id": 208,
                "token": "eyJhbGciOiJIUzI1NiIsInR5cCI6IkpXVCJ9.eyJpZCI6MjA4LCJyb2xlIjoidXNlciIsImlhdCI6MTcwMjg5MTIyNCwiZXhwIjoxNzM0NDI3MjI0fQ.H_yYH27IzxgTSkzbc5J5jqxXa4cqGpf9ABXDSy4I1cc"
            },
            "coords": [
                [
                    18.03573,
                    59.34502
                ],
                [
                    18.03561,
                    59.34516
                ],
                [
                    18.03558,
                    59.3452
                ],
                [
                    18.03613,
                    59.34532
                ],
                [
                    18.0363,
                    59.34537
                ],
                [
                    18.03636,
                    59.34542
                ],
                [
                    18.03655,
                    59.34566
                ],
                [
                    18.0366,
                    59.34571
                ],
                [
                    18.03481,
                    59.34612
                ],
                [
                    18.03454,
                    59.34629
                ],
                [
                    18.03441,
                    59.34637
                ],
                [
                    18.03435,
                    59.34641
                ],
                [
                    18.03426,
                    59.34646
                ],
                [
                    18.03443,
                    59.34652
                ],
                [
                    18.03504,
                    59.34674
                ],
                [
                    18.03576,
                    59.34702
                ],
                [
                    18.03571,
                    59.34706
                ],
                [
                    18.03567,
                    59.34711
                ],
                [
                    18.0356,
                    59.34709
                ],
                [
                    18.03556,
                    59.34712
                ]
            ]
        }
    ]
}