{
    "city": 1,
    "initialStart": [
        18.07136,
        59.31472
    ],
    "trips": [
        {
            "summary": {
                "distance": 420.6,
                "duration": 91.3
            },
            "user": {
                "id": 209,
                "token": "eyJhbGciOiJIUzI1NiIsInR5cCI6IkpXVCJ9.eyJpZCI6MjA5LCJyb2xlIjoidXNlciIsImlhdCI6MTcwMjg5MTIyNCwiZXhwIjoxNzM0NDI3MjI0fQ.YoL99F2jSyoVdv7YTv7smuydsbPoiZIeR-K_UgVlmOQ"
            },
            "coords": [
                [
                    18.07136,
                    59.31472
                ],
                [
                    18.07118,
                    59.31504
                ],
                [
                    18.07106,
                    59.31528
                ],
                [
                    18.07083,
                    59.3153
                ],
                [
                    18.07035,
                    59.31524
                ],
                [
                    18.07027,
                    59.31537
                ],
                [
                    18.07018,
                    59.31543
                ],
                [
                    18.07001,
                    59.31548
                ],
                [
                    18.06984,
                    59.3155
                ],
                [
                    18.06967,
                    59.31548
                ],
                [
                    18.06953,
                    59.31545
                ],
                [
                    18.06939,
                    59.31537
                ],
                [
                    18.06932,
                    59.31529
                ],
                [
                    18.06914,
                    59.31521
                ],
                [
                    18.06906,
                    59.31517
                ],
                [
                    18.06878,
                    59.31492
                ],
                [
                    18.06846,
                    59.31474
                ],
                [
                    18.06796,
                    59.3147
                ],
                [
                    18.06759,
                    59.31464
                ],
                [
                    18.0672,
                    59.31466
                ],
                [
                    18.06688,
                    59.31471
                ],
                [
                    18.06648,
                    59.31483
                ],
                [
                    18.06634,
                    59.31512
                ]
            ]
        }
    ]
}