{
    "city": 1,
    "initialStart": [
        18.05632,
        59.31735
    ],
    "trips": [
        {
            "summary": {
                "distance": 614.9,
                "duration": 120
            },
            "user": {
                "id": 21,
                "token": "eyJhbGciOiJIUzI1NiIsInR5cCI6IkpXVCJ9.eyJpZCI6MjEsInJvbGUiOiJ1c2VyIiwiaWF0IjoxNzAyODg5MzA0LCJleHAiOjE3MzQ0MjUzMDR9.XucTnkorBdpkiQ7at0cD8I9-lQyB_Y0anLRiO2u8Xu8"
            },
            "coords": [
                [
                    18.05632,
                    59.31735
                ],
                [
                    18.05749,
                    59.3175
                ],
                [
                    18.0572,
                    59.3181
                ],
                [
                    18.05717,
                    59.31816
                ],
                [
                    18.05714,
                    59.31824
                ],
                [
                    18.05711,
                    59.31831
                ],
                [
                    18.05686,
                    59.31868
                ],
                [
                    18.05681,
                    59.31876
                ],
                [
                    18.05678,
                    59.3188
                ],
                [
                    18.05659,
                    59.31878
                ],
                [
                    18.05642,
                    59.31878
                ],
                [
                    18.05603,
                    59.31958
                ],
                [
                    18.05594,
                    59.31965
                ],
                [
                    18.05564,
                    59.31974
                ],
                [
                    18.05532,
                    59.31981
                ],
                [
                    18.05392,
                    59.31983
                ],
                [
                    18.05372,
                    59.31982
                ],
                [
                    18.05359,
                    59.31978
                ],
                [
                    18.05351,
                    59.31971
                ],
                [
                    18.05351,
                    59.31964
                ],
                [
                    18.05355,
                    59.31959
                ],
                [
                    18.05363,
                    59.31953
                ],
                [
                    18.05375,
                    59.31951
                ],
                [
                    18.05389,
                    59.31948
                ],
                [
                    18.05403,
                    59.31949
                ],
                [
                    18.05408,
                    59.31933
                ],
                [
                    18.05417,
                    59.31902
                ],
                [
                    18.0542,
                    59.31889
                ],
                [
                    18.05399,
                    59.31886
                ]
            ]
        }
    ]
}