{
    "city": 1,
    "initialStart": [
        18.01498,
        59.33709
    ],
    "trips": [
        {
            "summary": {
                "distance": 584.5,
                "duration": 151.7
            },
            "user": {
                "id": 212,
                "token": "eyJhbGciOiJIUzI1NiIsInR5cCI6IkpXVCJ9.eyJpZCI6MjEyLCJyb2xlIjoidXNlciIsImlhdCI6MTcwMjg5MTIyNSwiZXhwIjoxNzM0NDI3MjI1fQ.BjsmTMkzs1uzCBnF0ND29XU6v4SRJMbB3nS4ya9ZzmM"
            },
            "coords": [
                [
                    18.01498,
                    59.33709
                ],
                [
                    18.01522,
                    59.33697
                ],
                [
                    18.01586,
                    59.33729
                ],
                [
                    18.01596,
                    59.33733
                ],
                [
                    18.01614,
                    59.33742
                ],
                [
                    18.01667,
                    59.33714
                ],
                [
                    18.01685,
                    59.33706
                ],
                [
                    18.01669,
                    59.33698
                ],
                [
                    18.01501,
                    59.33614
                ],
                [
                    18.01486,
                    59.33608
                ],
                [
                    18.01464,
                    59.33603
                ],
                [
                    18.01431,
                    59.33588
                ],
                [
                    18.01388,
                    59.33571
                ],
                [
                    18.01319,
                    59.33542
                ],
                [
                    18.01308,
                    59.33547
                ],
                [
                    18.01299,
                    59.33548
                ],
                [
                    18.0129,
                    59.33552
                ],
                [
                    18.01279,
                    59.33546
                ],
                [
                    18.01265,
                    59.33538
                ],
                [
                    18.01251,
                    59.33531
                ],
                [
                    18.01253,
                    59.33527
                ],
                [
                    18.01295,
                    59.33505
                ],
                [
                    18.01273,
                    59.33503
                ],
                [
                    18.01182,
                    59.33489
                ],
                [
                    18.01178,
                    59.33488
                ]
            ]
        }
    ]
}