{
    "city": 1,
    "initialStart": [
        18.06926,
        59.31978
    ],
    "trips": [
        {
            "summary": {
                "distance": 528.5,
                "duration": 133.2
            },
            "user": {
                "id": 213,
                "token": "eyJhbGciOiJIUzI1NiIsInR5cCI6IkpXVCJ9.eyJpZCI6MjEzLCJyb2xlIjoidXNlciIsImlhdCI6MTcwMjg5MTIyNiwiZXhwIjoxNzM0NDI3MjI2fQ.cgIF14X7AqLwsvgiy7RMc4Y6IuzzSP_bFXSBvoBvDGw"
            },
            "coords": [
                [
                    18.06926,
                    59.31978
                ],
                [
                    18.06928,
                    59.31975
                ],
                [
                    18.06858,
                    59.31966
                ],
                [
                    18.06836,
                    59.31963
                ],
                [
                    18.06827,
                    59.31961
                ],
                [
                    18.06815,
                    59.31962
                ],
                [
                    18.06782,
                    59.3196
                ],
                [
                    18.0665,
                    59.31943
                ],
                [
                    18.06627,
                    59.31988
                ],
                [
                    18.06623,
                    59.31996
                ],
                [
                    18.06759,
                    59.32011
                ],
                [
                    18.06753,
                    59.32025
                ],
                [
                    18.06734,
                    59.32068
                ],
                [
                    18.06732,
                    59.32073
                ],
                [
                    18.06653,
                    59.32082
                ],
                [
                    18.06644,
                    59.32084
                ],
                [
                    18.06638,
                    59.32093
                ],
                [
                    18.0664,
                    59.32102
                ],
                [
                    18.06566,
                    59.32106
                ],
                [
                    18.06559,
                    59.32107
                ],
                [
                    18.0656,
                    59.32111
                ],
                [
                    18.0656,
                    59.32114
                ],
                [
                    18.06514,
                    59.32116
                ]
            ]
        }
    ]
}