{
    "city": 1,
    "initialStart": [
        18.0436,
        59.32073
    ],
    "trips": [
        {
            "summary": {
                "distance": 723.7,
                "duration": 148.4
            },
            "user": {
                "id": 218,
                "token": "eyJhbGciOiJIUzI1NiIsInR5cCI6IkpXVCJ9.eyJpZCI6MjE4LCJyb2xlIjoidXNlciIsImlhdCI6MTcwMjg5MTIyNywiZXhwIjoxNzM0NDI3MjI3fQ.xXJ50Y2XjArg3hDbZ6lKGVR6oi-nSeAVrSKCnipXNbY"
            },
            "coords": [
                [
                    18.0436,
                    59.32073
                ],
                [
                    18.04412,
                    59.32077
                ],
                [
                    18.04413,
                    59.3207
                ],
                [
                    18.0449,
                    59.32076
                ],
                [
                    18.04547,
                    59.32076
                ],
                [
                    18.0458,
                    59.32075
                ],
                [
                    18.04604,
                    59.32077
                ],
                [
                    18.04874,
                    59.32097
                ],
                [
                    18.04938,
                    59.32107
                ],
                [
                    18.04967,
                    59.32112
                ],
                [
                    18.0497,
                    59.32106
                ],
                [
                    18.04973,
                    59.32101
                ],
                [
                    18.04976,
                    59.32097
                ],
                [
                    18.04976,
                    59.32094
                ],
                [
                    18.04972,
                    59.32092
                ],
                [
                    18.04856,
                    59.32076
                ],
                [
                    18.0472,
                    59.32063
                ],
                [
                    18.04701,
                    59.32056
                ],
                [
                    18.04697,
                    59.32054
                ],
                [
                    18.04692,
                    59.32052
                ],
                [
                    18.04671,
                    59.32043
                ],
                [
                    18.04647,
                    59.32036
                ],
                [
                    18.04598,
                    59.32022
                ],
                [
                    18.04542,
                    59.32007
                ],
                [
                    18.0448,
                    59.31986
                ],
                [
                    18.04452,
                    59.31977
                ],
                [
                    18.04456,
                    59.31975
                ],
                [
                    18.04473,
                    59.31971
                ]
            ]
        }
    ]
}