{
    "city": 1,
    "initialStart": [
        18.02424,
        59.32977
    ],
    "trips": [
        {
            "summary": {
                "distance": 360.8,
                "duration": 59
            },
            "user": {
                "id": 223,
                "token": "eyJhbGciOiJIUzI1NiIsInR5cCI6IkpXVCJ9.eyJpZCI6MjIzLCJyb2xlIjoidXNlciIsImlhdCI6MTcwMjg5MTIyOCwiZXhwIjoxNzM0NDI3MjI4fQ.fFiJyuqGdlqUlym1KoplRx1QNF2xT9XWETsF-YUkjzI"
            },
            "coords": [
                [
                    18.02424,
                    59.32977
                ],
                [
                    18.0258,
                    59.3293
                ],
                [
                    18.02578,
                    59.32919
                ],
                [
                    18.02583,
                    59.32919
                ],
                [
                    18.026,
                    59.32918
                ],
                [
                    18.02606,
                    59.32914
                ],
                [
                    18.02606,
                    59.32911
                ],
                [
                    18.02601,
                    59.32908
                ],
                [
                    18.02594,
                    59.32907
                ],
                [
                    18.02584,
                    59.32909
                ],
                [
                    18.02584,
                    59.32916
                ],
                [
                    18.0264,
                    59.32957
                ],
                [
                    18.02646,
                    59.32962
                ],
                [
                    18.02625,
                    59.3297
                ],
                [
                    18.02633,
                    59.32978
                ],
                [
                    18.02669,
                    59.33014
                ],
                [
                    18.02676,
                    59.33021
                ],
                [
                    18.02679,
                    59.33024
                ],
                [
                    18.02708,
                    59.33017
                ],
                [
                    18.0277,
                    59.33002
                ]
            ]
        }
    ]
}