{
    "city": 1,
    "initialStart": [
        18.00516,
        59.33481
    ],
    "trips": [
        {
            "summary": {
                "distance": 831,
                "duration": 181.8
            },
            "user": {
                "id": 231,
                "token": "eyJhbGciOiJIUzI1NiIsInR5cCI6IkpXVCJ9.eyJpZCI6MjMxLCJyb2xlIjoidXNlciIsImlhdCI6MTcwMjg5MTIzMSwiZXhwIjoxNzM0NDI3MjMxfQ.dnVuia553vz10RG_Rmy3FfZmWXmT2WS0leH2vd3Y7rs"
            },
            "coords": [
                [
                    18.00516,
                    59.33481
                ],
                [
                    18.00455,
                    59.3347
                ],
                [
                    18.00431,
                    59.33504
                ],
                [
                    18.00407,
                    59.33492
                ],
                [
                    18.00387,
                    59.33491
                ],
                [
                    18.00374,
                    59.33491
                ],
                [
                    18.00374,
                    59.33495
                ],
                [
                    18.00363,
                    59.33494
                ],
                [
                    18.00353,
                    59.33582
                ],
                [
                    18.00358,
                    59.33598
                ],
                [
                    18.00369,
                    59.33614
                ],
                [
                    18.00358,
                    59.33617
                ],
                [
                    18.00367,
                    59.33626
                ],
                [
                    18.00375,
                    59.33633
                ],
                [
                    18.00427,
                    59.33658
                ],
                [
                    18.00446,
                    59.33665
                ],
                [
                    18.00473,
                    59.3367
                ],
                [
                    18.00486,
                    59.33671
                ],
                [
                    18.00505,
                    59.33671
                ],
                [
                    18.00526,
                    59.33672
                ],
                [
                    18.00539,
                    59.33674
                ],
                [
                    18.0055,
                    59.33678
                ],
                [
                    18.00645,
                    59.33727
                ],
                [
                    18.00741,
                    59.33777
                ],
                [
                    18.00751,
                    59.33787
                ],
                [
                    18.00768,
                    59.33779
                ],
                [
                    18.00778,
                    59.33774
                ],
                [
                    18.008,
                    59.33762
                ],
                [
                    18.00967,
                    59.33677
                ],
                [
                    18.01003,
                    59.3366
                ],
                [
                    18.01078,
                    59.33621
                ]
            ]
        }
    ]
}