{
    "city": 1,
    "initialStart": [
        18.06942,
        59.33357
    ],
    "trips": [
        {
            "summary": {
                "distance": 399.7,
                "duration": 104.4
            },
            "user": {
                "id": 24,
                "token": "eyJhbGciOiJIUzI1NiIsInR5cCI6IkpXVCJ9.eyJpZCI6MjQsInJvbGUiOiJ1c2VyIiwiaWF0IjoxNzAyODg5MzA2LCJleHAiOjE3MzQ0MjUzMDZ9.o9zmbD532fsHBYjzTV5MuwTSoTtrDejUFrzqdsi7GQM"
            },
            "coords": [
                [
                    18.06942,
                    59.33357
                ],
                [
                    18.06944,
                    59.33351
                ],
                [
                    18.07006,
                    59.33353
                ],
                [
                    18.07021,
                    59.33353
                ],
                [
                    18.07075,
                    59.33354
                ],
                [
                    18.07085,
                    59.33355
                ],
                [
                    18.07136,
                    59.33356
                ],
                [
                    18.07147,
                    59.33297
                ],
                [
                    18.07151,
                    59.33287
                ],
                [
                    18.07154,
                    59.33282
                ],
                [
                    18.07161,
                    59.33276
                ],
                [
                    18.07169,
                    59.33268
                ],
                [
                    18.07195,
                    59.33225
                ],
                [
                    18.072,
                    59.33217
                ],
                [
                    18.07203,
                    59.33211
                ],
                [
                    18.07206,
                    59.33207
                ],
                [
                    18.07244,
                    59.33142
                ],
                [
                    18.07233,
                    59.33141
                ],
                [
                    18.07229,
                    59.33134
                ],
                [
                    18.0722,
                    59.33133
                ],
                [
                    18.07195,
                    59.33129
                ],
                [
                    18.07191,
                    59.3313
                ]
            ]
        }
    ]
}