{
    "city": 1,
    "initialStart": [
        18.02842,
        59.31596
    ],
    "trips": [
        {
            "summary": {
                "distance": 953.9,
                "duration": 164.1
            },
            "user": {
                "id": 245,
                "token": "eyJhbGciOiJIUzI1NiIsInR5cCI6IkpXVCJ9.eyJpZCI6MjQ1LCJyb2xlIjoidXNlciIsImlhdCI6MTcwMjkxMzU0MCwiZXhwIjoxNzM0NDQ5NTQwfQ.Md8sTmLNg69IvBCdMrXdEWZxy_Y9PHBQkboGfQH3Jms"
            },
            "coords": [
                [
                    18.02842,
                    59.31596
                ],
                [
                    18.02818,
                    59.31574
                ],
                [
                    18.02927,
                    59.31541
                ],
                [
                    18.02938,
                    59.3154
                ],
                [
                    18.0295,
                    59.3154
                ],
                [
                    18.03,
                    59.31547
                ],
                [
                    18.03035,
                    59.31551
                ],
                [
                    18.03341,
                    59.3159
                ],
                [
                    18.03353,
                    59.31591
                ],
                [
                    18.03364,
                    59.31593
                ],
                [
                    18.03395,
                    59.3154
                ],
                [
                    18.03419,
                    59.31543
                ],
                [
                    18.03383,
                    59.31594
                ],
                [
                    18.03374,
                    59.31603
                ],
                [
                    18.03366,
                    59.31611
                ],
                [
                    18.03328,
                    59.31673
                ],
                [
                    18.03323,
                    59.31681
                ],
                [
                    18.03267,
                    59.31783
                ],
                [
                    18.03259,
                    59.31793
                ],
                [
                    18.03264,
                    59.31801
                ],
                [
                    18.03224,
                    59.3188
                ],
                [
                    18.03211,
                    59.31878
                ],
                [
                    18.03197,
                    59.31876
                ],
                [
                    18.03183,
                    59.31874
                ],
                [
                    18.03189,
                    59.31861
                ],
                [
                    18.0319,
                    59.31848
                ],
                [
                    18.03199,
                    59.3183
                ],
                [
                    18.03221,
                    59.3179
                ],
                [
                    18.03232,
                    59.31782
                ]
            ]
        }
    ]
}