{
    "city": 1,
    "initialStart": [
        18.09118,
        59.34443
    ],
    "trips": [
        {
            "summary": {
                "distance": 370.6,
                "duration": 79.8
            },
            "user": {
                "id": 246,
                "token": "eyJhbGciOiJIUzI1NiIsInR5cCI6IkpXVCJ9.eyJpZCI6MjQ2LCJyb2xlIjoidXNlciIsImlhdCI6MTcwMjkxMzU0MSwiZXhwIjoxNzM0NDQ5NTQxfQ.A7cwieEm8nTd8CEmY2ottucla3TA8F38hBfdM1AY2mw"
            },
            "coords": [
                [
                    18.09118,
                    59.34443
                ],
                [
                    18.09086,
                    59.34454
                ],
                [
                    18.09093,
                    59.34457
                ],
                [
                    18.09211,
                    59.3442
                ],
                [
                    18.09246,
                    59.3441
                ],
                [
                    18.0926,
                    59.34409
                ],
                [
                    18.09272,
                    59.34407
                ],
                [
                    18.09275,
                    59.34412
                ],
                [
                    18.09315,
                    59.34474
                ],
                [
                    18.09318,
                    59.34474
                ],
                [
                    18.0933,
                    59.34472
                ],
                [
                    18.09334,
                    59.34479
                ],
                [
                    18.09344,
                    59.34477
                ],
                [
                    18.0938,
                    59.34469
                ],
                [
                    18.09508,
                    59.3444
                ],
                [
                    18.09513,
                    59.34444
                ],
                [
                    18.09484,
                    59.34451
                ]
            ]
        }
    ]
}