{
    "city": 1,
    "initialStart": [
        18.05365,
        59.33906
    ],
    "trips": [
        {
            "summary": {
                "distance": 552.5,
                "duration": 96.7
            },
            "user": {
                "id": 249,
                "token": "eyJhbGciOiJIUzI1NiIsInR5cCI6IkpXVCJ9.eyJpZCI6MjQ5LCJyb2xlIjoidXNlciIsImlhdCI6MTcwMjkxMzU0MiwiZXhwIjoxNzM0NDQ5NTQyfQ.lgneSLFNox1yNkVGOHykuJvCpoN-Ecy6JGUD0-KpQf4"
            },
            "coords": [
                [
                    18.05365,
                    59.33906
                ],
                [
                    18.05257,
                    59.33879
                ],
                [
                    18.05243,
                    59.33876
                ],
                [
                    18.05251,
                    59.33868
                ],
                [
                    18.05293,
                    59.33826
                ],
                [
                    18.05295,
                    59.33824
                ],
                [
                    18.0533,
                    59.33789
                ],
                [
                    18.05337,
                    59.33782
                ],
                [
                    18.05346,
                    59.33773
                ],
                [
                    18.05371,
                    59.33748
                ],
                [
                    18.05376,
                    59.33743
                ],
                [
                    18.05409,
                    59.3371
                ],
                [
                    18.05414,
                    59.33704
                ],
                [
                    18.05418,
                    59.33699
                ],
                [
                    18.05469,
                    59.33649
                ],
                [
                    18.05474,
                    59.33644
                ],
                [
                    18.05492,
                    59.33648
                ],
                [
                    18.0573,
                    59.33708
                ],
                [
                    18.05727,
                    59.33711
                ],
                [
                    18.0576,
                    59.3372
                ]
            ]
        }
    ]
}