{
    "city": 1,
    "initialStart": [
        18.03975,
        59.34394
    ],
    "trips": [
        {
            "summary": {
                "distance": 500.5,
                "duration": 93
            },
            "user": {
                "id": 25,
                "token": "eyJhbGciOiJIUzI1NiIsInR5cCI6IkpXVCJ9.eyJpZCI6MjUsInJvbGUiOiJ1c2VyIiwiaWF0IjoxNzAyODg5MzA2LCJleHAiOjE3MzQ0MjUzMDZ9.ofCf5uEoJFCCkJ_i6pR5G2WW_es9jpBq4EhUSjn4h-s"
            },
            "coords": [
                [
                    18.03975,
                    59.34394
                ],
                [
                    18.0397,
                    59.34395
                ],
                [
                    18.03964,
                    59.34388
                ],
                [
                    18.0397,
                    59.34387
                ],
                [
                    18.03979,
                    59.34389
                ],
                [
                    18.04015,
                    59.34385
                ],
                [
                    18.04021,
                    59.34386
                ],
                [
                    18.04102,
                    59.34408
                ],
                [
                    18.04114,
                    59.34411
                ],
                [
                    18.04048,
                    59.34477
                ],
                [
                    18.04031,
                    59.34482
                ],
                [
                    18.04026,
                    59.34483
                ],
                [
                    18.04029,
                    59.34489
                ],
                [
                    18.04031,
                    59.34498
                ],
                [
                    18.04037,
                    59.345
                ],
                [
                    18.0414,
                    59.34525
                ],
                [
                    18.04146,
                    59.34534
                ],
                [
                    18.04152,
                    59.34545
                ],
                [
                    18.04166,
                    59.34548
                ],
                [
                    18.04182,
                    59.34553
                ],
                [
                    18.04174,
                    59.34561
                ],
                [
                    18.04119,
                    59.34617
                ],
                [
                    18.0407,
                    59.34666
                ],
                [
                    18.04066,
                    59.34671
                ],
                [
                    18.04054,
                    59.34668
                ],
                [
                    18.04067,
                    59.34655
                ]
            ]
        }
    ]
}