{
    "city": 1,
    "initialStart": [
        18.05786,
        59.3432
    ],
    "trips": [
        {
            "summary": {
                "distance": 417.9,
                "duration": 105
            },
            "user": {
                "id": 250,
                "token": "eyJhbGciOiJIUzI1NiIsInR5cCI6IkpXVCJ9.eyJpZCI6MjUwLCJyb2xlIjoidXNlciIsImlhdCI6MTcwMjkxMzU0MiwiZXhwIjoxNzM0NDQ5NTQyfQ.U3R15_5XJ62oT6Bl_KporJuKKwzkItaWEusp6MEoc0o"
            },
            "coords": [
                [
                    18.05786,
                    59.3432
                ],
                [
                    18.05767,
                    59.3434
                ],
                [
                    18.0577,
                    59.34341
                ],
                [
                    18.05851,
                    59.34257
                ],
                [
                    18.05856,
                    59.34252
                ],
                [
                    18.05869,
                    59.34255
                ],
                [
                    18.05956,
                    59.34278
                ],
                [
                    18.0597,
                    59.34282
                ],
                [
                    18.05984,
                    59.34285
                ],
                [
                    18.06111,
                    59.34318
                ],
                [
                    18.06127,
                    59.34322
                ],
                [
                    18.06132,
                    59.34317
                ],
                [
                    18.06146,
                    59.3432
                ],
                [
                    18.06146,
                    59.34321
                ],
                [
                    18.06255,
                    59.34349
                ],
                [
                    18.06259,
                    59.34348
                ],
                [
                    18.06274,
                    59.34333
                ]
            ]
        }
    ]
}