{
    "city": 1,
    "initialStart": [
        18.09703,
        59.31006
    ],
    "trips": [
        {
            "summary": {
                "distance": 256.8,
                "duration": 63.4
            },
            "user": {
                "id": 26,
                "token": "eyJhbGciOiJIUzI1NiIsInR5cCI6IkpXVCJ9.eyJpZCI6MjYsInJvbGUiOiJ1c2VyIiwiaWF0IjoxNzAyODg5MzA3LCJleHAiOjE3MzQ0MjUzMDd9.yIBvUBziAuDCFaU3k1TIsTybAyLh6KfS8L1N_ylh0Bw"
            },
            "coords": [
                [
                    18.09703,
                    59.31006
                ],
                [
                    18.0972,
                    59.31004
                ],
                [
                    18.0973,
                    59.31022
                ],
                [
                    18.09732,
                    59.31026
                ],
                [
                    18.09734,
                    59.3103
                ],
                [
                    18.09732,
                    59.31033
                ],
                [
                    18.09631,
                    59.31049
                ],
                [
                    18.09576,
                    59.31058
                ],
                [
                    18.09589,
                    59.31081
                ],
                [
                    18.09509,
                    59.31093
                ],
                [
                    18.09488,
                    59.31096
                ],
                [
                    18.09468,
                    59.31099
                ],
                [
                    18.09449,
                    59.31102
                ],
                [
                    18.09443,
                    59.31104
                ],
                [
                    18.09431,
                    59.31106
                ]
            ]
        }
    ]
}