{
    "city": 1,
    "initialStart": [
        18.06261,
        59.33135
    ],
    "trips": [
        {
            "summary": {
                "distance": 598.8,
                "duration": 107.4
            },
            "user": {
                "id": 267,
                "token": "eyJhbGciOiJIUzI1NiIsInR5cCI6IkpXVCJ9.eyJpZCI6MjY3LCJyb2xlIjoidXNlciIsImlhdCI6MTcwMjkxMzU1MSwiZXhwIjoxNzM0NDQ5NTUxfQ.3LBue8-WDEMGxvB0ToroH9EHA3ohT0YTap7QsG3D-d8"
            },
            "coords": [
                [
                    18.06261,
                    59.33135
                ],
                [
                    18.06292,
                    59.33105
                ],
                [
                    18.0631,
                    59.33088
                ],
                [
                    18.06355,
                    59.33044
                ],
                [
                    18.06251,
                    59.33017
                ],
                [
                    18.06236,
                    59.33012
                ],
                [
                    18.0623,
                    59.33018
                ],
                [
                    18.062,
                    59.33048
                ],
                [
                    18.0619,
                    59.33052
                ],
                [
                    18.06176,
                    59.33052
                ],
                [
                    18.06135,
                    59.33042
                ],
                [
                    18.06115,
                    59.33037
                ],
                [
                    18.06122,
                    59.33029
                ],
                [
                    18.06151,
                    59.32998
                ],
                [
                    18.06157,
                    59.32992
                ],
                [
                    18.06214,
                    59.33007
                ],
                [
                    18.06228,
                    59.33006
                ],
                [
                    18.06236,
                    59.33003
                ],
                [
                    18.06274,
                    59.32965
                ],
                [
                    18.06306,
                    59.32932
                ],
                [
                    18.0631,
                    59.32913
                ],
                [
                    18.06316,
                    59.32903
                ],
                [
                    18.06315,
                    59.32893
                ],
                [
                    18.06307,
                    59.3289
                ],
                [
                    18.06283,
                    59.32881
                ],
                [
                    18.06273,
                    59.32872
                ],
                [
                    18.06273,
                    59.32862
                ],
                [
                    18.06269,
                    59.32862
                ],
                [
                    18.06267,
                    59.32869
                ],
                [
                    18.06236,
                    59.32864
                ]
            ]
        }
    ]
}