{
    "city": 1,
    "initialStart": [
        18.06904,
        59.30664
    ],
    "trips": [
        {
            "summary": {
                "distance": 463.3,
                "duration": 123.4
            },
            "user": {
                "id": 269,
                "token": "eyJhbGciOiJIUzI1NiIsInR5cCI6IkpXVCJ9.eyJpZCI6MjY5LCJyb2xlIjoidXNlciIsImlhdCI6MTcwMjkxMzU1MiwiZXhwIjoxNzM0NDQ5NTUyfQ._8ce6Q-aBGItTpSKT2gVYflIv0nVj0KIg1AvpMzUcgE"
            },
            "coords": [
                [
                    18.06904,
                    59.30664
                ],
                [
                    18.06887,
                    59.30628
                ],
                [
                    18.06873,
                    59.3063
                ],
                [
                    18.06841,
                    59.30632
                ],
                [
                    18.06801,
                    59.30636
                ],
                [
                    18.06771,
                    59.30639
                ],
                [
                    18.06757,
                    59.3064
                ],
                [
                    18.06745,
                    59.30641
                ],
                [
                    18.06679,
                    59.30649
                ],
                [
                    18.06634,
                    59.30655
                ],
                [
                    18.06586,
                    59.30661
                ],
                [
                    18.06557,
                    59.30665
                ],
                [
                    18.06518,
                    59.30671
                ],
                [
                    18.06498,
                    59.30643
                ],
                [
                    18.06488,
                    59.30637
                ],
                [
                    18.06495,
                    59.30626
                ],
                [
                    18.06485,
                    59.30593
                ],
                [
                    18.0647,
                    59.30545
                ],
                [
                    18.0648,
                    59.30544
                ],
                [
                    18.06563,
                    59.30549
                ],
                [
                    18.06578,
                    59.30549
                ]
            ]
        }
    ]
}