{
    "city": 1,
    "initialStart": [
        18.04339,
        59.33717
    ],
    "trips": [
        {
            "summary": {
                "distance": 588.5,
                "duration": 99
            },
            "user": {
                "id": 270,
                "token": "eyJhbGciOiJIUzI1NiIsInR5cCI6IkpXVCJ9.eyJpZCI6MjcwLCJyb2xlIjoidXNlciIsImlhdCI6MTcwMjkxMzU1MiwiZXhwIjoxNzM0NDQ5NTUyfQ.e43jqUPe9V1ctr2WDIl2X3SGkO4eg-B76Ta93RxQ268"
            },
            "coords": [
                [
                    18.04339,
                    59.33717
                ],
                [
                    18.04352,
                    59.33713
                ],
                [
                    18.04351,
                    59.33711
                ],
                [
                    18.04322,
                    59.33718
                ],
                [
                    18.04317,
                    59.33713
                ],
                [
                    18.0431,
                    59.33706
                ],
                [
                    18.04496,
                    59.33671
                ],
                [
                    18.04572,
                    59.33658
                ],
                [
                    18.04574,
                    59.33663
                ],
                [
                    18.04578,
                    59.33669
                ],
                [
                    18.04548,
                    59.33674
                ],
                [
                    18.04549,
                    59.33676
                ],
                [
                    18.04562,
                    59.33695
                ],
                [
                    18.04577,
                    59.3372
                ],
                [
                    18.04577,
                    59.33731
                ],
                [
                    18.04518,
                    59.33792
                ],
                [
                    18.04494,
                    59.33805
                ],
                [
                    18.04458,
                    59.33843
                ],
                [
                    18.04381,
                    59.33918
                ],
                [
                    18.04375,
                    59.33928
                ],
                [
                    18.04381,
                    59.33933
                ],
                [
                    18.04435,
                    59.33947
                ]
            ]
        }
    ]
}