{
    "city": 1,
    "initialStart": [
        18.03608,
        59.32259
    ],
    "trips": [
        {
            "summary": {
                "distance": 2917.7,
                "duration": 541.4
            },
            "user": {
                "id": 272,
                "token": "eyJhbGciOiJIUzI1NiIsInR5cCI6IkpXVCJ9.eyJpZCI6MjcyLCJyb2xlIjoidXNlciIsImlhdCI6MTcwMjkxMzU1MywiZXhwIjoxNzM0NDQ5NTUzfQ._-lMkNLjrRXeD3mDV9Q465_T2y-hq2TwGxGjOa9H2w0"
            },
            "coords": [
                [
                    18.03608,
                    59.32259
                ],
                [
                    18.03635,
                    59.3225
                ],
                [
                    18.03646,
                    59.32233
                ],
                [
                    18.03617,
                    59.32231
                ],
                [
                    18.03575,
                    59.32212
                ],
                [
                    18.03549,
                    59.32204
                ],
                [
                    18.03517,
                    59.32196
                ],
                [
                    18.03495,
                    59.32193
                ],
                [
                    18.03477,
                    59.32187
                ],
                [
                    18.03465,
                    59.32157
                ],
                [
                    18.03477,
                    59.32152
                ],
                [
                    18.03483,
                    59.32143
                ],
                [
                    18.03505,
                    59.3214
                ],
                [
                    18.03503,
                    59.32134
                ],
                [
                    18.03508,
                    59.32123
                ],
                [
                    18.03504,
                    59.32117
                ],
                [
                    18.03502,
                    59.32099
                ],
                [
                    18.03502,
                    59.32097
                ],
                [
                    18.03498,
                    59.32094
                ],
                [
                    18.03475,
                    59.32083
                ],
                [
                    18.03428,
                    59.32075
                ],
                [
                    18.03418,
                    59.32072
                ],
                [
                    18.03411,
                    59.32067
                ],
                [
                    18.034,
                    59.3206
                ],
                [
                    18.03407,
                    59.32042
                ],
                [
                    18.03435,
                    59.31993
                ],
                [
                    18.03437,
                    59.3199
                ],
                [
                    18.0344,
                    59.31984
                ],
                [
                    18.0343,
                    59.31982
                ],
                [
                    18.03389,
                    59.31973
                ],
                [
                    18.03378,
                    59.31971
                ],
                [
                    18.03316,
                    59.31958
                ],
                [
                    18.03319,
                    59.31946
                ],
                [
                    18.03319,
                    59.31938
                ],
                [
                    18.03311,
                    59.31923
                ],
                [
                    18.03295,
                    59.31909
                ],
                [
                    18.03279,
                    59.31904
                ],
                [
                    18.03221,
                    59.31898
                ],
                [
                    18.03216,
                    59.31898
                ],
                [
                    18.03208,
                    59.31919
                ],
                [
                    18.03104,
                    59.32116
                ],
                [
                    18.03074,
                    59.32162
                ],
                [
                    18.03054,
                    59.32186
                ],
                [
                    18.03025,
                    59.32215
                ],
                [
                    18.02819,
                    59.32389
                ],
                [
                    18.02545,
                    59.32613
                ],
                [
                    18.02463,
                    59.32678
                ],
                [
                    18.02417,
                    59.32717
                ],
                [
                    18.02357,
                    59.32763
                ],
                [
                    18.0235,
                    59.3276
                ],
                [
                    18.02343,
                    59.32758
                ],
                [
                    18.02251,
                    59.32817
                ],
                [
                    18.02239,
                    59.32812
                ],
                [
                    18.02227,
                    59.32807
                ],
                [
                    18.02234,
                    59.32793
                ],
                [
                    18.02227,
                    59.32786
                ],
                [
                    18.0222,
                    59.32778
                ],
                [
                    18.02241,
                    59.32773
                ],
                [
                    18.0226,
                    59.32767
                ],
                [
                    18.02312,
                    59.32747
                ],
                [
                    18.02351,
                    59.32726
                ],
                [
                    18.02374,
                    59.32713
                ],
                [
                    18.02362,
                    59.32708
                ],
                [
                    18.02382,
                    59.32686
                ],
                [
                    18.02389,
                    59.32673
                ],
                [
                    18.02408,
                    59.3266
                ],
                [
                    18.02423,
                    59.32654
                ],
                [
                    18.02441,
                    59.32642
                ],
                [
                    18.02472,
                    59.32644
                ],
                [
                    18.02502,
                    59.32649
                ],
                [
                    18.02526,
                    59.32655
                ],
                [
                    18.02611,
                    59.32701
                ],
                [
                    18.02632,
                    59.32719
                ],
                [
                    18.02644,
                    59.32729
                ],
                [
                    18.02685,
                    59.32766
                ],
                [
                    18.02713,
                    59.32788
                ],
                [
                    18.02804,
                    59.32844
                ],
                [
                    18.02822,
                    59.32857
                ],
                [
