{
    "city": 1,
    "initialStart": [
        18.04718,
        59.35108
    ],
    "trips": [
        {
            "summary": {
                "distance": 656.8,
                "duration": 107.5
            },
            "user": {
                "id": 273,
                "token": "eyJhbGciOiJIUzI1NiIsInR5cCI6IkpXVCJ9.eyJpZCI6MjczLCJyb2xlIjoidXNlciIsImlhdCI6MTcwMjkxMzU1MywiZXhwIjoxNzM0NDQ5NTUzfQ.bWpoitibn-RJTm2ZXhXsT8NaR4SLyHGViMlKEngVbjc"
            },
            "coords": [
                [
                    18.04718,
                    59.35108
                ],
                [
                    18.04766,
                    59.3506
                ],
                [
                    18.04746,
                    59.35054
                ],
                [
                    18.04749,
                    59.35039
                ],
                [
                    18.04697,
                    59.35035
                ],
                [
                    18.04648,
                    59.35038
                ],
                [
                    18.046,
                    59.35036
                ],
                [
                    18.04481,
                    59.35036
                ],
                [
                    18.04465,
                    59.35037
                ],
                [
                    18.04462,
                    59.35038
                ],
                [
                    18.04455,
                    59.35026
                ],
                [
                    18.04451,
                    59.35019
                ],
                [
                    18.04424,
                    59.35017
                ],
                [
                    18.04409,
                    59.35017
                ],
                [
                    18.04389,
                    59.3501
                ],
                [
                    18.04343,
                    59.34989
                ],
                [
                    18.04307,
                    59.34969
                ],
                [
                    18.04289,
                    59.34963
                ],
                [
                    18.0428,
                    59.34958
                ],
                [
                    18.0427,
                    59.34956
                ],
                [
                    18.04257,
                    59.34952
                ],
                [
                    18.04255,
                    59.34948
                ],
                [
                    18.04244,
                    59.3494
                ],
                [
                    18.04218,
                    59.34929
                ],
                [
                    18.0413,
                    59.34906
                ],
                [
                    18.04118,
                    59.34906
                ],
                [
                    18.04099,
                    59.349
                ],
                [
                    18.04088,
                    59.34895
                ],
                [
                    18.04091,
                    59.34887
                ],
                [
                    18.04094,
                    59.34881
                ],
                [
                    18.04097,
                    59.34875
                ],
                [
                    18.04112,
                    59.34876
                ],
                [
                    18.0414,
                    59.3488
                ],
                [
                    18.04153,
                    59.34882
                ],
                [
                    18.04257,
                    59.34915
                ]
            ]
        }
    ]
}