{
    "city": 1,
    "initialStart": [
        18.01237,
        59.32724
    ],
    "trips": [
        {
            "summary": {
                "distance": 320.2,
                "duration": 99.1
            },
            "user": {
                "id": 274,
                "token": "eyJhbGciOiJIUzI1NiIsInR5cCI6IkpXVCJ9.eyJpZCI6Mjc0LCJyb2xlIjoidXNlciIsImlhdCI6MTcwMjkxMzU1MywiZXhwIjoxNzM0NDQ5NTUzfQ.QfE8lzSZkpSIa26vqE4SMq7cSksKJHOb4JnqETmlTKI"
            },
            "coords": [
                [
                    18.01237,
                    59.32724
                ],
                [
                    18.01309,
                    59.32722
                ],
                [
                    18.01307,
                    59.32694
                ],
                [
                    18.01312,
                    59.32688
                ],
                [
                    18.01332,
                    59.32677
                ],
                [
                    18.01339,
                    59.32667
                ],
                [
                    18.01343,
                    59.32661
                ],
                [
                    18.01347,
                    59.32656
                ],
                [
                    18.01387,
                    59.32664
                ],
                [
                    18.01392,
                    59.32646
                ],
                [
                    18.01402,
                    59.32612
                ],
                [
                    18.01409,
                    59.32585
                ],
                [
                    18.01411,
                    59.32572
                ],
                [
                    18.01413,
                    59.32557
                ],
                [
                    18.01414,
                    59.32553
                ],
                [
                    18.01444,
                    59.32553
                ],
                [
                    18.01463,
                    59.32549
                ],
                [
                    18.01498,
                    59.32549
                ]
            ]
        }
    ]
}