{
    "city": 1,
    "initialStart": [
        18.01802,
        59.33421
    ],
    "trips": [
        {
            "summary": {
                "distance": 480.6,
                "duration": 124.2
            },
            "user": {
                "id": 275,
                "token": "eyJhbGciOiJIUzI1NiIsInR5cCI6IkpXVCJ9.eyJpZCI6Mjc1LCJyb2xlIjoidXNlciIsImlhdCI6MTcwMjkxMzU1NCwiZXhwIjoxNzM0NDQ5NTU0fQ.U6cCDJQRaBDBC1sT5KUPBH8kWwHTbkcgXw398GqRpFQ"
            },
            "coords": [
                [
                    18.01802,
                    59.33421
                ],
                [
                    18.01777,
                    59.33427
                ],
                [
                    18.0174,
                    59.3343
                ],
                [
                    18.01731,
                    59.33424
                ],
                [
                    18.01711,
                    59.33434
                ],
                [
                    18.01684,
                    59.3342
                ],
                [
                    18.01618,
                    59.33387
                ],
                [
                    18.01614,
                    59.33389
                ],
                [
                    18.016,
                    59.33393
                ],
                [
                    18.01573,
                    59.33407
                ],
                [
                    18.01491,
                    59.33449
                ],
                [
                    18.01416,
                    59.33487
                ],
                [
                    18.01353,
                    59.3352
                ],
                [
                    18.01342,
                    59.33514
                ],
                [
                    18.01325,
                    59.33506
                ],
                [
                    18.01314,
                    59.335
                ],
                [
                    18.01349,
                    59.33482
                ],
                [
                    18.01388,
                    59.33463
                ],
                [
                    18.01432,
                    59.3344
                ],
                [
                    18.01422,
                    59.33435
                ]
            ]
        }
    ]
}