{
    "city": 1,
    "initialStart": [
        18.0518,
        59.34822
    ],
    "trips": [
        {
            "summary": {
                "distance": 400,
                "duration": 71.9
            },
            "user": {
                "id": 277,
                "token": "eyJhbGciOiJIUzI1NiIsInR5cCI6IkpXVCJ9.eyJpZCI6Mjc3LCJyb2xlIjoidXNlciIsImlhdCI6MTcwMjkxMzU1NSwiZXhwIjoxNzM0NDQ5NTU1fQ.ks6izUlFVPnznK9XVzSXIBRvzT4ANNfhSXgbQepJGto"
            },
            "coords": [
                [
                    18.0518,
                    59.34822
                ],
                [
                    18.05178,
                    59.34824
                ],
                [
                    18.05176,
                    59.34824
                ],
                [
                    18.05045,
                    59.3496
                ],
                [
                    18.05042,
                    59.34968
                ],
                [
                    18.05043,
                    59.34976
                ],
                [
                    18.05032,
                    59.34975
                ],
                [
                    18.05013,
                    59.34972
                ],
                [
                    18.05001,
                    59.34969
                ],
                [
                    18.04995,
                    59.34967
                ],
                [
                    18.04992,
                    59.34966
                ],
                [
                    18.04961,
                    59.34958
                ],
                [
                    18.04949,
                    59.34956
                ],
                [
                    18.04928,
                    59.34956
                ],
                [
                    18.04922,
                    59.34953
                ],
                [
                    18.04917,
                    59.3495
                ],
                [
                    18.04854,
                    59.34934
                ],
                [
                    18.04829,
                    59.34928
                ],
                [
                    18.04817,
                    59.34925
                ],
                [
                    18.04803,
                    59.34921
                ],
                [
                    18.04794,
                    59.34919
                ],
                [
                    18.04755,
                    59.34908
                ],
                [
                    18.04747,
                    59.34916
                ],
                [
                    18.04733,
                    59.3493
                ]
            ]
        }
    ]
}