{
    "city": 1,
    "initialStart": [
        18.02508,
        59.31929
    ],
    "trips": [
        {
            "summary": {
                "distance": 810.5,
                "duration": 182.4
            },
            "user": {
                "id": 280,
                "token": "eyJhbGciOiJIUzI1NiIsInR5cCI6IkpXVCJ9.eyJpZCI6MjgwLCJyb2xlIjoidXNlciIsImlhdCI6MTcwMjkxMzU1NiwiZXhwIjoxNzM0NDQ5NTU2fQ.XFhQeJm60avpoABa1_cRn5zq7YF7Ip0T15Ck6AI-MD8"
            },
            "coords": [
                [
                    18.02508,
                    59.31929
                ],
                [
                    18.02514,
                    59.31928
                ],
                [
                    18.02534,
                    59.31924
                ],
                [
                    18.02542,
                    59.31923
                ],
                [
                    18.02555,
                    59.31913
                ],
                [
                    18.02544,
                    59.31888
                ],
                [
                    18.02539,
                    59.31876
                ],
                [
                    18.02539,
                    59.31873
                ],
                [
                    18.02551,
                    59.31859
                ],
                [
                    18.02554,
                    59.31855
                ],
                [
                    18.02573,
                    59.31856
                ],
                [
                    18.02586,
                    59.31854
                ],
                [
                    18.0265,
                    59.31842
                ],
                [
                    18.02665,
                    59.3184
                ],
                [
                    18.02676,
                    59.31853
                ],
                [
                    18.02704,
                    59.31861
                ],
                [
                    18.02721,
                    59.31876
                ],
                [
                    18.02731,
                    59.31881
                ],
                [
                    18.02749,
                    59.31885
                ],
                [
                    18.02801,
                    59.31899
                ],
                [
                    18.02823,
                    59.31899
                ],
                [
                    18.02822,
                    59.31903
                ],
                [
                    18.02808,
                    59.31963
                ],
                [
                    18.02813,
                    59.3197
                ],
                [
                    18.02861,
                    59.31996
                ],
                [
                    18.02863,
                    59.31998
                ],
                [
                    18.0286,
                    59.32013
                ],
                [
                    18.02796,
                    59.3201
                ],
                [
                    18.02693,
                    59.32006
                ],
                [
                    18.02621,
                    59.32002
                ],
                [
                    18.02603,
                    59.32004
                ],
                [
                    18.02492,
                    59.32018
                ],
                [
                    18.02482,
                    59.32021
                ],
                [
                    18.02453,
                    59.32028
                ],
                [
                    18.02418,
                    59.32027
                ],
                [
                    18.02372,
                    59.32033
                ],
                [
                    18.02264,
                    59.32036
                ],
                [
                    18.02263,
                    59.32026
                ],
                [
                    18.02207,
                    59.32027
                ]
            ]
        }
    ]
}