{
    "city": 1,
    "initialStart": [
        18.10327,
        59.33195
    ],
    "trips": [
        {
            "summary": {
                "distance": 474.5,
                "duration": 80.7
            },
            "user": {
                "id": 281,
                "token": "eyJhbGciOiJIUzI1NiIsInR5cCI6IkpXVCJ9.eyJpZCI6MjgxLCJyb2xlIjoidXNlciIsImlhdCI6MTcwMjkxMzU1NiwiZXhwIjoxNzM0NDQ5NTU2fQ.vob4ZGaDIqq6XTZSIzpDtWyYB8wMMDfq4P9NBPSJ8_Q"
            },
            "coords": [
                [
                    18.10327,
                    59.33195
                ],
                [
                    18.10264,
                    59.3324
                ],
                [
                    18.10294,
                    59.3318
                ],
                [
                    18.10263,
                    59.33175
                ],
                [
                    18.10214,
                    59.33172
                ],
                [
                    18.10183,
                    59.33172
                ],
                [
                    18.10143,
                    59.33175
                ],
                [
                    18.10128,
                    59.33178
                ],
                [
                    18.10114,
                    59.3318
                ],
                [
                    18.10085,
                    59.33189
                ],
                [
                    18.10059,
                    59.33201
                ],
                [
                    18.10045,
                    59.33211
                ],
                [
                    18.10034,
                    59.33223
                ],
                [
                    18.10019,
                    59.33245
                ],
                [
                    18.10011,
                    59.33269
                ],
                [
                    18.09931,
                    59.33286
                ],
                [
                    18.09933,
                    59.3329
                ],
                [
                    18.09935,
                    59.33294
                ],
                [
                    18.09938,
                    59.33299
                ],
                [
                    18.09943,
                    59.33307
                ],
                [
                    18.09939,
                    59.33314
                ],
                [
                    18.09941,
                    59.33328
                ],
                [
                    18.09948,
                    59.33338
                ],
                [
                    18.09959,
                    59.33336
                ],
                [
                    18.09957,
                    59.33333
                ]
            ]
        }
    ]
}