{
    "city": 1,
    "initialStart": [
        18.07025,
        59.34343
    ],
    "trips": [
        {
            "summary": {
                "distance": 396.1,
                "duration": 67.3
            },
            "user": {
                "id": 282,
                "token": "eyJhbGciOiJIUzI1NiIsInR5cCI6IkpXVCJ9.eyJpZCI6MjgyLCJyb2xlIjoidXNlciIsImlhdCI6MTcwMjkxMzYxNiwiZXhwIjoxNzM0NDQ5NjE2fQ.FyYyqv_NuQzDXFpJj3q9NI9ApVCyJzO-lK9fYxEBntY"
            },
            "coords": [
                [
                    18.07025,
                    59.34343
                ],
                [
                    18.07015,
                    59.34344
                ],
                [
                    18.07027,
                    59.3435
                ],
                [
                    18.07045,
                    59.34348
                ],
                [
                    18.07063,
                    59.3435
                ],
                [
                    18.07073,
                    59.34355
                ],
                [
                    18.07082,
                    59.34351
                ],
                [
                    18.07171,
                    59.34311
                ],
                [
                    18.07187,
                    59.34307
                ],
                [
                    18.07194,
                    59.34305
                ],
                [
                    18.07199,
                    59.34304
                ],
                [
                    18.07214,
                    59.34299
                ],
                [
                    18.07367,
                    59.34271
                ],
                [
                    18.07472,
                    59.34403
                ]
            ]
        }
    ]
}