{
    "city": 1,
    "initialStart": [
        18.08598,
        59.33839
    ],
    "trips": [
        {
            "summary": {
                "distance": 349.6,
                "duration": 57.2
            },
            "user": {
                "id": 289,
                "token": "eyJhbGciOiJIUzI1NiIsInR5cCI6IkpXVCJ9.eyJpZCI6Mjg5LCJyb2xlIjoidXNlciIsImlhdCI6MTcwMjkxMzYxOSwiZXhwIjoxNzM0NDQ5NjE5fQ.xx6B68Wkb8cNYatocM_SqYkMMz7Kelv-tceRK4bAoFg"
            },
            "coords": [
                [
                    18.08598,
                    59.33839
                ],
                [
                    18.08622,
                    59.33834
                ],
                [
                    18.08634,
                    59.33831
                ],
                [
                    18.08629,
                    59.33826
                ],
                [
                    18.08573,
                    59.33755
                ],
                [
                    18.08566,
                    59.33746
                ],
                [
                    18.0855,
                    59.33749
                ],
                [
                    18.08491,
                    59.33761
                ],
                [
                    18.08478,
                    59.33764
                ],
                [
                    18.08468,
                    59.33766
                ],
                [
                    18.08406,
                    59.33778
                ],
                [
                    18.0839,
                    59.33781
                ],
                [
                    18.08374,
                    59.33784
                ],
                [
                    18.08296,
                    59.338
                ],
                [
                    18.08284,
                    59.33803
                ],
                [
                    18.08249,
                    59.33758
                ]
            ]
        }
    ]
}