{
    "city": 1,
    "initialStart": [
        18.0731,
        59.32828
    ],
    "trips": [
        {
            "summary": {
                "distance": 471.1,
                "duration": 87.7
            },
            "user": {
                "id": 290,
                "token": "eyJhbGciOiJIUzI1NiIsInR5cCI6IkpXVCJ9.eyJpZCI6MjkwLCJyb2xlIjoidXNlciIsImlhdCI6MTcwMjkxMzYxOSwiZXhwIjoxNzM0NDQ5NjE5fQ.tywNVv_TEgTq4ZNWoDOAJNzRiSF_aRUV9yaGEcf3tMs"
            },
            "coords": [
                [
                    18.0731,
                    59.32828
                ],
                [
                    18.07336,
                    59.32944
                ],
                [
                    18.07342,
                    59.3295
                ],
                [
                    18.07352,
                    59.32955
                ],
                [
                    18.07348,
                    59.32963
                ],
                [
                    18.07347,
                    59.32967
                ],
                [
                    18.07329,
                    59.32963
                ],
                [
                    18.07313,
                    59.3296
                ],
                [
                    18.07291,
                    59.32957
                ],
                [
                    18.07178,
                    59.32948
                ],
                [
                    18.07165,
                    59.32947
                ],
                [
                    18.0693,
                    59.32923
                ],
                [
                    18.06917,
                    59.3292
                ],
                [
                    18.06894,
                    59.32915
                ],
                [
                    18.06903,
                    59.32906
                ],
                [
                    18.06891,
                    59.32903
                ],
                [
                    18.06877,
                    59.329
                ],
                [
                    18.06868,
                    59.32903
                ],
                [
                    18.06855,
                    59.32905
                ],
                [
                    18.06847,
                    59.32901
                ]
            ]
        }
    ]
}