{
    "city": 1,
    "initialStart": [
        18.09729,
        59.34142
    ],
    "trips": [
        {
            "summary": {
                "distance": 406.6,
                "duration": 66.5
            },
            "user": {
                "id": 296,
                "token": "eyJhbGciOiJIUzI1NiIsInR5cCI6IkpXVCJ9.eyJpZCI6Mjk2LCJyb2xlIjoidXNlciIsImlhdCI6MTcwMjkxMzYyMSwiZXhwIjoxNzM0NDQ5NjIxfQ.yKTCybcGUgU4IP17Fj8S9I53k2H7UZJD3iij2zTSGr8"
            },
            "coords": [
                [
                    18.09729,
                    59.34142
                ],
                [
                    18.09758,
                    59.34131
                ],
                [
                    18.09792,
                    59.34119
                ],
                [
                    18.09803,
                    59.34112
                ],
                [
                    18.09802,
                    59.34106
                ],
                [
                    18.0976,
                    59.34054
                ],
                [
                    18.09751,
                    59.34043
                ],
                [
                    18.09713,
                    59.33996
                ],
                [
                    18.09693,
                    59.33971
                ],
                [
                    18.09667,
                    59.33962
                ],
                [
                    18.09655,
                    59.33957
                ],
                [
                    18.09636,
                    59.33939
                ],
                [
                    18.09628,
                    59.33921
                ],
                [
                    18.09648,
                    59.33917
                ],
                [
                    18.09667,
                    59.33913
                ],
                [
                    18.09676,
                    59.33921
                ],
                [
                    18.09687,
                    59.33918
                ],
                [
                    18.09805,
                    59.33892
                ]
            ]
        }
    ]
}