{
    "city": 1,
    "initialStart": [
        18.0476,
        59.32102
    ],
    "trips": [
        {
            "summary": {
                "distance": 473.2,
                "duration": 121.7
            },
            "user": {
                "id": 300,
                "token": "eyJhbGciOiJIUzI1NiIsInR5cCI6IkpXVCJ9.eyJpZCI6MzAwLCJyb2xlIjoidXNlciIsImlhdCI6MTcwMjkxMzYyMiwiZXhwIjoxNzM0NDQ5NjIyfQ.dYlgoOnAZ6IsxBaXguL1MbtaSbJydISqUtddhUWN6yc"
            },
            "coords": [
                [
                    18.0476,
                    59.32102
                ],
                [
                    18.04963,
                    59.32119
                ],
                [
                    18.04967,
                    59.32112
                ],
                [
                    18.04938,
                    59.32107
                ],
                [
                    18.04874,
                    59.32097
                ],
                [
                    18.04604,
                    59.32077
                ],
                [
                    18.0458,
                    59.32075
                ],
                [
                    18.04547,
                    59.32076
                ],
                [
                    18.0449,
                    59.32076
                ],
                [
                    18.04413,
                    59.3207
                ],
                [
                    18.04412,
                    59.32077
                ],
                [
                    18.04383,
                    59.32075
                ]
            ]
        }
    ]
}