{
    "city": 1,
    "initialStart": [
        18.07824,
        59.34264
    ],
    "trips": [
        {
            "summary": {
                "distance": 379.3,
                "duration": 118.1
            },
            "user": {
                "id": 301,
                "token": "eyJhbGciOiJIUzI1NiIsInR5cCI6IkpXVCJ9.eyJpZCI6MzAxLCJyb2xlIjoidXNlciIsImlhdCI6MTcwMjkxMzYyMywiZXhwIjoxNzM0NDQ5NjIzfQ.N-QJLj9poQL5Wxk1XKnX5--R630E_ua-dYFMcU4Kn5o"
            },
            "coords": [
                [
                    18.07824,
                    59.34264
                ],
                [
                    18.07882,
                    59.34336
                ],
                [
                    18.07874,
                    59.34337
                ],
                [
                    18.07885,
                    59.34348
                ],
                [
                    18.07893,
                    59.3435
                ],
                [
                    18.07904,
                    59.34357
                ],
                [
                    18.07919,
                    59.34362
                ],
                [
                    18.07925,
                    59.34361
                ],
                [
                    18.08059,
                    59.34326
                ],
                [
                    18.08156,
                    59.34302
                ],
                [
                    18.08183,
                    59.34295
                ],
                [
                    18.08157,
                    59.34287
                ],
                [
                    18.08152,
                    59.34281
                ],
                [
                    18.08146,
                    59.34274
                ],
                [
                    18.08225,
                    59.34254
                ]
            ]
        }
    ]
}