{
    "city": 1,
    "initialStart": [
        18.09203,
        59.335
    ],
    "trips": [
        {
            "summary": {
                "distance": 566.1,
                "duration": 119.6
            },
            "user": {
                "id": 302,
                "token": "eyJhbGciOiJIUzI1NiIsInR5cCI6IkpXVCJ9.eyJpZCI6MzAyLCJyb2xlIjoidXNlciIsImlhdCI6MTcwMjkxMzYyMywiZXhwIjoxNzM0NDQ5NjIzfQ.-_-jVGSq1u1ywv_K7ho_sUkAqz5MbnbfhFbAb8NQNfE"
            },
            "coords": [
                [
                    18.09203,
                    59.335
                ],
                [
                    18.0921,
                    59.33488
                ],
                [
                    18.09215,
                    59.33484
                ],
                [
                    18.09218,
                    59.33479
                ],
                [
                    18.09203,
                    59.33483
                ],
                [
                    18.09185,
                    59.33487
                ],
                [
                    18.09147,
                    59.33495
                ],
                [
                    18.09201,
                    59.33401
                ],
                [
                    18.09208,
                    59.33388
                ],
                [
                    18.09194,
                    59.33386
                ],
                [
                    18.09213,
                    59.33356
                ],
                [
                    18.09201,
                    59.33354
                ],
                [
                    18.09198,
                    59.33352
                ],
                [
                    18.09194,
                    59.33349
                ],
                [
                    18.0918,
                    59.3333
                ],
                [
                    18.09129,
                    59.33261
                ],
                [
                    18.09123,
                    59.33253
                ],
                [
                    18.09104,
                    59.33253
                ],
                [
                    18.08905,
                    59.33248
                ],
                [
                    18.08887,
                    59.33248
                ],
                [
                    18.08892,
                    59.33255
                ],
                [
                    18.08873,
                    59.33254
                ],
                [
                    18.08905,
                    59.33296
                ]
            ]
        }
    ]
}