{
    "city": 1,
    "initialStart": [
        18.06439,
        59.32739
    ],
    "trips": [
        {
            "summary": {
                "distance": 744.2,
                "duration": 180.2
            },
            "user": {
                "id": 305,
                "token": "eyJhbGciOiJIUzI1NiIsInR5cCI6IkpXVCJ9.eyJpZCI6MzA1LCJyb2xlIjoidXNlciIsImlhdCI6MTcwMjkxMzYyNCwiZXhwIjoxNzM0NDQ5NjI0fQ.b5D5dp8sDdpESNg-M7LhpbrZoiTxYLDZFCyfuhw2VO0"
            },
            "coords": [
                [
                    18.06439,
                    59.32739
                ],
                [
                    18.06324,
                    59.32811
                ],
                [
                    18.06321,
                    59.32818
                ],
                [
                    18.06323,
                    59.32824
                ],
                [
                    18.0639,
                    59.3284
                ],
                [
                    18.06394,
                    59.32842
                ],
                [
                    18.06417,
                    59.32848
                ],
                [
                    18.06454,
                    59.32858
                ],
                [
                    18.06481,
                    59.32865
                ],
                [
                    18.06494,
                    59.32868
                ],
                [
                    18.06768,
                    59.32941
                ],
                [
                    18.06782,
                    59.32944
                ],
                [
                    18.0679,
                    59.32945
                ],
                [
                    18.06802,
                    59.32944
                ],
                [
                    18.06871,
                    59.32964
                ],
                [
                    18.06877,
                    59.32962
                ],
                [
                    18.06869,
                    59.32973
                ],
                [
                    18.0686,
                    59.33011
                ],
                [
                    18.06854,
                    59.3302
                ],
                [
                    18.06753,
                    59.32997
                ],
                [
                    18.06734,
                    59.32991
                ],
                [
                    18.06732,
                    59.32995
                ],
                [
                    18.06729,
                    59.33
                ],
                [
                    18.06699,
                    59.33028
                ],
                [
                    18.06565,
                    59.32993
                ]
            ]
        }
    ]
}