{
    "city": 1,
    "initialStart": [
        18.08404,
        59.30709
    ],
    "trips": [
        {
            "summary": {
                "distance": 405,
                "duration": 128.9
            },
            "user": {
                "id": 306,
                "token": "eyJhbGciOiJIUzI1NiIsInR5cCI6IkpXVCJ9.eyJpZCI6MzA2LCJyb2xlIjoidXNlciIsImlhdCI6MTcwMjkxMzYyNCwiZXhwIjoxNzM0NDQ5NjI0fQ.ka_xqm3tlMFDSXG7x_QpIP6CytBDbdwTP50qhDnM7ls"
            },
            "coords": [
                [
                    18.08404,
                    59.30709
                ],
                [
                    18.08377,
                    59.30706
                ],
                [
                    18.08372,
                    59.30706
                ],
                [
                    18.0834,
                    59.30689
                ],
                [
                    18.08335,
                    59.30685
                ],
                [
                    18.08369,
                    59.30689
                ],
                [
                    18.08394,
                    59.30642
                ],
                [
                    18.08381,
                    59.30639
                ],
                [
                    18.08388,
                    59.30613
                ],
                [
                    18.08387,
                    59.30605
                ],
                [
                    18.08348,
                    59.30574
                ],
                [
                    18.08338,
                    59.30572
                ],
                [
                    18.08252,
                    59.30561
                ],
                [
                    18.0827,
                    59.30549
                ],
                [
                    18.08275,
                    59.3054
                ],
                [
                    18.08373,
                    59.30554
                ],
                [
                    18.08404,
                    59.30559
                ],
                [
                    18.08422,
                    59.30527
                ]
            ]
        }
    ]
}