{
    "city": 1,
    "initialStart": [
        18.04423,
        59.34797
    ],
    "trips": [
        {
            "summary": {
                "distance": 526.1,
                "duration": 111.2
            },
            "user": {
                "id": 311,
                "token": "eyJhbGciOiJIUzI1NiIsInR5cCI6IkpXVCJ9.eyJpZCI6MzExLCJyb2xlIjoidXNlciIsImlhdCI6MTcwMjkxMzYyNiwiZXhwIjoxNzM0NDQ5NjI2fQ.L_0d7wOfX8hUcr5IOgo9tNY-d6boLbG_-uv1TFNBhfU"
            },
            "coords": [
                [
                    18.04423,
                    59.34797
                ],
                [
                    18.04419,
                    59.34827
                ],
                [
                    18.04416,
                    59.34833
                ],
                [
                    18.04426,
                    59.34836
                ],
                [
                    18.04432,
                    59.34831
                ],
                [
                    18.04441,
                    59.34822
                ],
                [
                    18.04535,
                    59.34845
                ],
                [
                    18.04542,
                    59.34848
                ],
                [
                    18.04547,
                    59.34844
                ],
                [
                    18.04564,
                    59.3483
                ],
                [
                    18.04613,
                    59.34781
                ],
                [
                    18.04643,
                    59.34751
                ],
                [
                    18.04679,
                    59.34715
                ],
                [
                    18.04699,
                    59.34694
                ],
                [
                    18.04708,
                    59.34686
                ],
                [
                    18.04722,
                    59.34691
                ],
                [
                    18.04865,
                    59.34727
                ],
                [
                    18.04946,
                    59.34748
                ],
                [
                    18.04937,
                    59.34755
                ],
                [
                    18.04939,
                    59.34757
                ],
                [
                    18.04938,
                    59.34762
                ],
                [
                    18.04907,
                    59.34754
                ],
                [
                    18.04904,
                    59.34753
                ]
            ]
        }
    ]
}