{
    "city": 1,
    "initialStart": [
        17.99792,
        59.33289
    ],
    "trips": [
        {
            "summary": {
                "distance": 382.8,
                "duration": 83.3
            },
            "user": {
                "id": 313,
                "token": "eyJhbGciOiJIUzI1NiIsInR5cCI6IkpXVCJ9.eyJpZCI6MzEzLCJyb2xlIjoidXNlciIsImlhdCI6MTcwMjkxMzYyNywiZXhwIjoxNzM0NDQ5NjI3fQ.8W08eeF6XTpqT84caeNUxapKXxVyLQ1RcSx6FCCa2Bg"
            },
            "coords": [
                [
                    17.99792,
                    59.33289
                ],
                [
                    17.99868,
                    59.33273
                ],
                [
                    17.99948,
                    59.33258
                ],
                [
                    17.99925,
                    59.33232
                ],
                [
                    17.9993,
                    59.33225
                ],
                [
                    17.99947,
                    59.33217
                ],
                [
                    17.99959,
                    59.33205
                ],
                [
                    17.99936,
                    59.33186
                ],
                [
                    17.99902,
                    59.33192
                ],
                [
                    17.99889,
                    59.33191
                ],
                [
                    17.99883,
                    59.33189
                ],
                [
                    17.99879,
                    59.33186
                ],
                [
                    17.99853,
                    59.33147
                ],
                [
                    17.9985,
                    59.33139
                ],
                [
                    17.99816,
                    59.33137
                ],
                [
                    17.99786,
                    59.33133
                ],
                [
                    17.99748,
                    59.33123
                ],
                [
                    17.99722,
                    59.33109
                ],
                [
                    17.99707,
                    59.33095
                ],
                [
                    17.99706,
                    59.33094
                ]
            ]
        }
    ]
}