{
    "city": 1,
    "initialStart": [
        18.0732,
        59.3363
    ],
    "trips": [
        {
            "summary": {
                "distance": 232.1,
                "duration": 74
            },
            "user": {
                "id": 323,
                "token": "eyJhbGciOiJIUzI1NiIsInR5cCI6IkpXVCJ9.eyJpZCI6MzIzLCJyb2xlIjoidXNlciIsImlhdCI6MTcwMjkxMzY5MSwiZXhwIjoxNzM0NDQ5NjkxfQ.nlN5g0BR1D-sMC6ytuCpUoX_2SKCjeVg5K5qJZLsf0g"
            },
            "coords": [
                [
                    18.0732,
                    59.3363
                ],
                [
                    18.07315,
                    59.33632
                ],
                [
                    18.07311,
                    59.33633
                ],
                [
                    18.0729,
                    59.33623
                ],
                [
                    18.07266,
                    59.33618
                ],
                [
                    18.07262,
                    59.33616
                ],
                [
                    18.07261,
                    59.33612
                ],
                [
                    18.07252,
                    59.33611
                ],
                [
                    18.07243,
                    59.33618
                ],
                [
                    18.07234,
                    59.33624
                ],
                [
                    18.07217,
                    59.33622
                ],
                [
                    18.07195,
                    59.3362
                ],
                [
                    18.07168,
                    59.33616
                ],
                [
                    18.07112,
                    59.33614
                ],
                [
                    18.07098,
                    59.33613
                ],
                [
                    18.07079,
                    59.33612
                ],
                [
                    18.07081,
                    59.33603
                ],
                [
                    18.06963,
                    59.33598
                ]
            ]
        }
    ]
}