{
    "city": 1,
    "initialStart": [
        18.07014,
        59.31647
    ],
    "trips": [
        {
            "summary": {
                "distance": 380.7,
                "duration": 65.1
            },
            "user": {
                "id": 326,
                "token": "eyJhbGciOiJIUzI1NiIsInR5cCI6IkpXVCJ9.eyJpZCI6MzI2LCJyb2xlIjoidXNlciIsImlhdCI6MTcwMjkxMzY5MiwiZXhwIjoxNzM0NDQ5NjkyfQ.ZVGtQ1z03Dw0ifUDs9aD_mRVNl5qGO3pMcSYi2N6ZDc"
            },
            "coords": [
                [
                    18.07014,
                    59.31647
                ],
                [
                    18.07022,
                    59.31629
                ],
                [
                    18.07041,
                    59.31629
                ],
                [
                    18.07083,
                    59.31635
                ],
                [
                    18.07097,
                    59.3164
                ],
                [
                    18.07073,
                    59.31686
                ],
                [
                    18.07049,
                    59.31732
                ],
                [
                    18.0704,
                    59.3175
                ],
                [
                    18.07017,
                    59.31796
                ],
                [
                    18.06991,
                    59.31844
                ],
                [
                    18.0698,
                    59.31842
                ],
                [
                    18.06925,
                    59.31835
                ],
                [
                    18.06882,
                    59.31829
                ],
                [
                    18.06877,
                    59.31838
                ],
                [
                    18.06871,
                    59.31839
                ],
                [
                    18.06868,
                    59.31839
                ]
            ]
        }
    ]
}