{
    "city": 1,
    "initialStart": [
        18.03887,
        59.34521
    ],
    "trips": [
        {
            "summary": {
                "distance": 434.4,
                "duration": 87
            },
            "user": {
                "id": 329,
                "token": "eyJhbGciOiJIUzI1NiIsInR5cCI6IkpXVCJ9.eyJpZCI6MzI5LCJyb2xlIjoidXNlciIsImlhdCI6MTcwMjkxMzY5MywiZXhwIjoxNzM0NDQ5NjkzfQ.nqe6nCY4iCkeOkPVA9Gf5J4fB_vI-pQTx2Np_ejvDis"
            },
            "coords": [
                [
                    18.03887,
                    59.34521
                ],
                [
                    18.03874,
                    59.34522
                ],
                [
                    18.03906,
                    59.34506
                ],
                [
                    18.03904,
                    59.34502
                ],
                [
                    18.03941,
                    59.34467
                ],
                [
                    18.03942,
                    59.34465
                ],
                [
                    18.03943,
                    59.34456
                ],
                [
                    18.0393,
                    59.34433
                ],
                [
                    18.03928,
                    59.34428
                ],
                [
                    18.03918,
                    59.34421
                ],
                [
                    18.03875,
                    59.34338
                ],
                [
                    18.03878,
                    59.34334
                ],
                [
                    18.03874,
                    59.34326
                ],
                [
                    18.03865,
                    59.34306
                ],
                [
                    18.03866,
                    59.34303
                ],
                [
                    18.03855,
                    59.34272
                ],
                [
                    18.03851,
                    59.34262
                ],
                [
                    18.03843,
                    59.34249
                ],
                [
                    18.0385,
                    59.3425
                ],
                [
                    18.03869,
                    59.34251
                ],
                [
                    18.03878,
                    59.34251
                ],
                [
                    18.03885,
                    59.34263
                ],
                [
                    18.03887,
                    59.34274
                ],
                [
                    18.03897,
                    59.34275
                ],
                [
                    18.03901,
                    59.34291
                ],
                [
                    18.03907,
                    59.34314
                ],
                [
                    18.0391,
                    59.34319
                ]
            ]
        }
    ]
}