{
    "city": 1,
    "initialStart": [
        18.08497,
        59.31021
    ],
    "trips": [
        {
            "summary": {
                "distance": 709.3,
                "duration": 116.1
            },
            "user": {
                "id": 334,
                "token": "eyJhbGciOiJIUzI1NiIsInR5cCI6IkpXVCJ9.eyJpZCI6MzM0LCJyb2xlIjoidXNlciIsImlhdCI6MTcwMjkxMzY5NCwiZXhwIjoxNzM0NDQ5Njk0fQ.7Zh4EaI5pMm3oIc3mOXlWiChxkWgRQmGrIMDU-UQRzQ"
            },
            "coords": [
                [
                    18.08497,
                    59.31021
                ],
                [
                    18.08418,
                    59.31052
                ],
                [
                    18.08417,
                    59.3106
                ],
                [
                    18.08424,
                    59.31064
                ],
                [
                    18.08415,
                    59.31072
                ],
                [
                    18.08362,
                    59.31065
                ],
                [
                    18.0834,
                    59.31062
                ],
                [
                    18.08318,
                    59.31054
                ],
                [
                    18.08203,
                    59.31039
                ],
                [
                    18.08268,
                    59.30911
                ],
                [
                    18.08271,
                    59.30904
                ],
                [
                    18.08278,
                    59.30894
                ],
                [
                    18.08282,
                    59.30886
                ],
                [
                    18.08289,
                    59.30876
                ],
                [
                    18.08311,
                    59.30837
                ],
                [
                    18.08334,
                    59.30791
                ],
                [
                    18.08362,
                    59.30738
                ],
                [
                    18.08455,
                    59.30756
                ],
                [
                    18.08471,
                    59.30772
                ],
                [
                    18.08486,
                    59.30778
                ],
                [
                    18.08496,
                    59.30779
                ],
                [
                    18.08488,
                    59.30815
                ],
                [
                    18.08526,
                    59.30815
                ]
            ]
        }
    ]
}