{
    "city": 1,
    "initialStart": [
        18.03498,
        59.33888
    ],
    "trips": [
        {
            "summary": {
                "distance": 372.2,
                "duration": 71.8
            },
            "user": {
                "id": 342,
                "token": "eyJhbGciOiJIUzI1NiIsInR5cCI6IkpXVCJ9.eyJpZCI6MzQyLCJyb2xlIjoidXNlciIsImlhdCI6MTcwMjkxMzY5NywiZXhwIjoxNzM0NDQ5Njk3fQ.-oqMm-ykJ5VseZZ9tMV8Gjj5ROam2c35lLUTf36E4o8"
            },
            "coords": [
                [
                    18.03498,
                    59.33888
                ],
                [
                    18.03513,
                    59.33906
                ],
                [
                    18.03517,
                    59.3392
                ],
                [
                    18.0351,
                    59.33921
                ],
                [
                    18.03517,
                    59.33949
                ],
                [
                    18.03526,
                    59.33965
                ],
                [
                    18.03532,
                    59.33975
                ],
                [
                    18.03456,
                    59.33988
                ],
                [
                    18.03237,
                    59.34025
                ],
                [
                    18.03206,
                    59.3403
                ],
                [
                    18.03193,
                    59.34033
                ],
                [
                    18.03181,
                    59.34012
                ],
                [
                    18.03182,
                    59.34003
                ],
                [
                    18.03163,
                    59.33975
                ]
            ]
        }
    ]
}