{
    "city": 1,
    "initialStart": [
        18.02721,
        59.32469
    ],
    "trips": [
        {
            "summary": {
                "distance": 1572,
                "duration": 376.7
            },
            "user": {
                "id": 354,
                "token": "eyJhbGciOiJIUzI1NiIsInR5cCI6IkpXVCJ9.eyJpZCI6MzU0LCJyb2xlIjoidXNlciIsImlhdCI6MTcwMjkxMzcwNCwiZXhwIjoxNzM0NDQ5NzA0fQ.vZznW_RnSNQ2TVSyewRHGfeWpWxhnyyUnvS-r0Uu-i4"
            },
            "coords": [
                [
                    18.02721,
                    59.32469
                ],
                [
                    18.02545,
                    59.32613
                ],
                [
                    18.02463,
                    59.32678
                ],
                [
                    18.02417,
                    59.32717
                ],
                [
                    18.02357,
                    59.32763
                ],
                [
                    18.0235,
                    59.3276
                ],
                [
                    18.02343,
                    59.32758
                ],
                [
                    18.02251,
                    59.32817
                ],
                [
                    18.02239,
                    59.32812
                ],
                [
                    18.02227,
                    59.32807
                ],
                [
                    18.02234,
                    59.32793
                ],
                [
                    18.02227,
                    59.32786
                ],
                [
                    18.0222,
                    59.32778
                ],
                [
                    18.02241,
                    59.32773
                ],
                [
                    18.0226,
                    59.32767
                ],
                [
                    18.02312,
                    59.32747
                ],
                [
                    18.02351,
                    59.32726
                ],
                [
                    18.02374,
                    59.32713
                ],
                [
                    18.0243,
                    59.32667
                ],
                [
                    18.02518,
                    59.32598
                ],
                [
                    18.0279,
                    59.32373
                ],
                [
                    18.02824,
                    59.32343
                ],
                [
                    18.02991,
                    59.32204
                ],
                [
                    18.02989,
                    59.32204
                ],
                [
                    18.02987,
                    59.32203
                ],
                [
                    18.02992,
                    59.32197
                ],
                [
                    18.02995,
                    59.32193
                ],
                [
                    18.02961,
                    59.32215
                ],
                [
                    18.02944,
                    59.32236
                ],
                [
                    18.02945,
                    59.32247
                ],
                [
                    18.0298,
                    59.32247
                ],
                [
                    18.02983,
                    59.32254
                ],
                [
                    18.03032,
                    59.32258
                ],
                [
                    18.03093,
                    59.32257
                ],
                [
                    18.03101,
                    59.32259
                ],
                [
                    18.03133,
                    59.32263
                ],
                [
                    18.03145,
                    59.32269
                ],
                [
                    18.03141,
                    59.32276
                ],
                [
                    18.03155,
                    59.32278
                ],
                [
                    18.03185,
                    59.32276
                ],
                [
                    18.03195,
                    59.32278
                ],
                [
                    18.03212,
                    59.32279
                ]
            ]
        }
    ]
}