{
    "city": 1,
    "initialStart": [
        18.06955,
        59.31043
    ],
    "trips": [
        {
            "summary": {
                "distance": 377.6,
                "duration": 91.3
            },
            "user": {
                "id": 358,
                "token": "eyJhbGciOiJIUzI1NiIsInR5cCI6IkpXVCJ9.eyJpZCI6MzU4LCJyb2xlIjoidXNlciIsImlhdCI6MTcwMjkxMzcwNSwiZXhwIjoxNzM0NDQ5NzA1fQ.k5FlC9MHwU-K6lRiwdowL87kdHjSXnrARPhgXs2Ea3M"
            },
            "coords": [
                [
                    18.06955,
                    59.31043
                ],
                [
                    18.06968,
                    59.31019
                ],
                [
                    18.06973,
                    59.31013
                ],
                [
                    18.06986,
                    59.3099
                ],
                [
                    18.0699,
                    59.30986
                ],
                [
                    18.06962,
                    59.30978
                ],
                [
                    18.06907,
                    59.30971
                ],
                [
                    18.06889,
                    59.3097
                ],
                [
                    18.06862,
                    59.30968
                ],
                [
                    18.06888,
                    59.30911
                ],
                [
                    18.06887,
                    59.30905
                ],
                [
                    18.0686,
                    59.30876
                ],
                [
                    18.06849,
                    59.30865
                ],
                [
                    18.06834,
                    59.3086
                ],
                [
                    18.0684,
                    59.30851
                ],
                [
                    18.06869,
                    59.30846
                ],
                [
                    18.06883,
                    59.30847
                ],
                [
                    18.06897,
                    59.30842
                ],
                [
                    18.0693,
                    59.30836
                ],
                [
                    18.06925,
                    59.30827
                ],
                [
                    18.0695,
                    59.30824
                ],
                [
                    18.06952,
                    59.30821
                ],
                [
                    18.06947,
                    59.30813
                ]
            ]
        }
    ]
}