{
    "city": 1,
    "initialStart": [
        18.0711,
        59.34175
    ],
    "trips": [
        {
            "summary": {
                "distance": 539.9,
                "duration": 127
            },
            "user": {
                "id": 361,
                "token": "eyJhbGciOiJIUzI1NiIsInR5cCI6IkpXVCJ9.eyJpZCI6MzYxLCJyb2xlIjoidXNlciIsImlhdCI6MTcwMjkxMzcwNiwiZXhwIjoxNzM0NDQ5NzA2fQ.j8jUveSzMGgHRQYVkU80XXuSWM9XPLvFYQhHTHVjkOU"
            },
            "coords": [
                [
                    18.0711,
                    59.34175
                ],
                [
                    18.07244,
                    59.34148
                ],
                [
                    18.0724,
                    59.34143
                ],
                [
                    18.07124,
                    59.34166
                ],
                [
                    18.0709,
                    59.34173
                ],
                [
                    18.07188,
                    59.34298
                ],
                [
                    18.07194,
                    59.34305
                ],
                [
                    18.07187,
                    59.34307
                ],
                [
                    18.07171,
                    59.34311
                ],
                [
                    18.07082,
                    59.34351
                ],
                [
                    18.07073,
                    59.34355
                ],
                [
                    18.07077,
                    59.34362
                ],
                [
                    18.07075,
                    59.34369
                ],
                [
                    18.07059,
                    59.34379
                ],
                [
                    18.07041,
                    59.34384
                ],
                [
                    18.07031,
                    59.34384
                ],
                [
                    18.07014,
                    59.3438
                ],
                [
                    18.07003,
                    59.34385
                ],
                [
                    18.07012,
                    59.3439
                ],
                [
                    18.0696,
                    59.34413
                ]
            ]
        }
    ]
}