{
    "city": 1,
    "initialStart": [
        18.07236,
        59.3435
    ],
    "trips": [
        {
            "summary": {
                "distance": 467.5,
                "duration": 89.9
            },
            "user": {
                "id": 366,
                "token": "eyJhbGciOiJIUzI1NiIsInR5cCI6IkpXVCJ9.eyJpZCI6MzY2LCJyb2xlIjoidXNlciIsImlhdCI6MTcwMjkxMzc2OCwiZXhwIjoxNzM0NDQ5NzY4fQ.UJQxtf11VXidlHLyVuX3PPidIXYXT4K-5lJD-iQmvc0"
            },
            "coords": [
                [
                    18.07236,
                    59.3435
                ],
                [
                    18.07207,
                    59.34314
                ],
                [
                    18.07202,
                    59.34315
                ],
                [
                    18.07194,
                    59.34305
                ],
                [
                    18.07199,
                    59.34304
                ],
                [
                    18.07214,
                    59.34299
                ],
                [
                    18.07367,
                    59.34271
                ],
                [
                    18.07467,
                    59.34251
                ],
                [
                    18.07529,
                    59.34238
                ],
                [
                    18.07543,
                    59.34233
                ],
                [
                    18.07445,
                    59.34109
                ],
                [
                    18.0744,
                    59.34103
                ],
                [
                    18.07427,
                    59.34105
                ],
                [
                    18.07378,
                    59.34115
                ]
            ]
        }
    ]
}