{
    "city": 1,
    "initialStart": [
        18.08465,
        59.34577
    ],
    "trips": [
        {
            "summary": {
                "distance": 392.7,
                "duration": 91.6
            },
            "user": {
                "id": 367,
                "token": "eyJhbGciOiJIUzI1NiIsInR5cCI6IkpXVCJ9.eyJpZCI6MzY3LCJyb2xlIjoidXNlciIsImlhdCI6MTcwMjkxMzc2OCwiZXhwIjoxNzM0NDQ5NzY4fQ.XKLuzM5pB2wOA92JDUkbTuJwQMoVD71Kww76QtOlVn4"
            },
            "coords": [
                [
                    18.08465,
                    59.34577
                ],
                [
                    18.08474,
                    59.34581
                ],
                [
                    18.08492,
                    59.34588
                ],
                [
                    18.08503,
                    59.34579
                ],
                [
                    18.08508,
                    59.34574
                ],
                [
                    18.08526,
                    59.34558
                ],
                [
                    18.08533,
                    59.34551
                ],
                [
                    18.08575,
                    59.34563
                ],
                [
                    18.08582,
                    59.34564
                ],
                [
                    18.08596,
                    59.34567
                ],
                [
                    18.08609,
                    59.34566
                ],
                [
                    18.08623,
                    59.34569
                ],
                [
                    18.08645,
                    59.34546
                ],
                [
                    18.08653,
                    59.34536
                ],
                [
                    18.08684,
                    59.34504
                ],
                [
                    18.08696,
                    59.34503
                ],
                [
                    18.0875,
                    59.34503
                ],
                [
                    18.08757,
                    59.34512
                ],
                [
                    18.0877,
                    59.34517
                ],
                [
                    18.08789,
                    59.34522
                ],
                [
                    18.08825,
                    59.34533
                ],
                [
                    18.0886,
                    59.34547
                ],
                [
                    18.08923,
                    59.34566
                ],
                [
                    18.08971,
                    59.3458
                ]
            ]
        }
    ]
}