{
    "city": 1,
    "initialStart": [
        18.05295,
        59.35011
    ],
    "trips": [
        {
            "summary": {
                "distance": 873.7,
                "duration": 164
            },
            "user": {
                "id": 369,
                "token": "eyJhbGciOiJIUzI1NiIsInR5cCI6IkpXVCJ9.eyJpZCI6MzY5LCJyb2xlIjoidXNlciIsImlhdCI6MTcwMjkxMzc2OSwiZXhwIjoxNzM0NDQ5NzY5fQ.YvUFmvBB2ROqXxNBb_QkjUNEYWMgWRYYP3DHhyz5O0U"
            },
            "coords": [
                [
                    18.05295,
                    59.35011
                ],
                [
                    18.05265,
                    59.35009
                ],
                [
                    18.05244,
                    59.35003
                ],
                [
                    18.05206,
                    59.3499
                ],
                [
                    18.05195,
                    59.34987
                ],
                [
                    18.05151,
                    59.34967
                ],
                [
                    18.0513,
                    59.34949
                ],
                [
                    18.05126,
                    59.34931
                ],
                [
                    18.05124,
                    59.34916
                ],
                [
                    18.05127,
                    59.34895
                ],
                [
                    18.05123,
                    59.34882
                ],
                [
                    18.05178,
                    59.34824
                ],
                [
                    18.05176,
                    59.34824
                ],
                [
                    18.05045,
                    59.3496
                ],
                [
                    18.05042,
                    59.34968
                ],
                [
                    18.05043,
                    59.34976
                ],
                [
                    18.05048,
                    59.34991
                ],
                [
                    18.05058,
                    59.35007
                ],
                [
                    18.05068,
                    59.35014
                ],
                [
                    18.05091,
                    59.35022
                ],
                [
                    18.05285,
                    59.35068
                ],
                [
                    18.05317,
                    59.35069
                ],
                [
                    18.05364,
                    59.35075
                ],
                [
                    18.05371,
                    59.35079
                ],
                [
                    18.05386,
                    59.3508
                ],
                [
                    18.05416,
                    59.35085
                ],
                [
                    18.05503,
                    59.35097
                ],
                [
                    18.055,
                    59.35104
                ],
                [
                    18.05496,
                    59.35112
                ],
                [
                    18.05493,
                    59.35118
                ],
                [
                    18.0549,
                    59.35124
                ],
                [
                    18.05501,
                    59.35133
                ],
                [
                    18.05499,
                    59.35143
                ],
                [
                    18.05475,
                    59.35171
                ],
                [
                    18.05493,
                    59.35175
                ],
                [
                    18.05506,
                    59.35179
                ]
            ]
        }
    ]
}