{
    "city": 1,
    "initialStart": [
        18.07682,
        59.33108
    ],
    "trips": [
        {
            "summary": {
                "distance": 532.2,
                "duration": 129.4
            },
            "user": {
                "id": 371,
                "token": "eyJhbGciOiJIUzI1NiIsInR5cCI6IkpXVCJ9.eyJpZCI6MzcxLCJyb2xlIjoidXNlciIsImlhdCI6MTcwMjkxMzc3MCwiZXhwIjoxNzM0NDQ5NzcwfQ.FUeHvFMxVqU4ld0m-TVLt09Gh85xSgSzDBef1mPNcHw"
            },
            "coords": [
                [
                    18.07682,
                    59.33108
                ],
                [
                    18.07682,
                    59.33108
                ],
                [
                    18.07689,
                    59.33112
                ],
                [
                    18.07664,
                    59.33124
                ],
                [
                    18.07643,
                    59.33136
                ],
                [
                    18.07619,
                    59.33148
                ],
                [
                    18.07525,
                    59.33187
                ],
                [
                    18.07518,
                    59.33187
                ],
                [
                    18.07455,
                    59.33107
                ],
                [
                    18.07448,
                    59.331
                ],
                [
                    18.07434,
                    59.33094
                ],
                [
                    18.07346,
                    59.33069
                ],
                [
                    18.07302,
                    59.33059
                ],
                [
                    18.07299,
                    59.33058
                ],
                [
                    18.07291,
                    59.33056
                ],
                [
                    18.07297,
                    59.33041
                ],
                [
                    18.07332,
                    59.32984
                ],
                [
                    18.07333,
                    59.32975
                ],
                [
                    18.07329,
                    59.32963
                ],
                [
                    18.07348,
                    59.32963
                ],
                [
                    18.0736,
                    59.32964
                ],
                [
                    18.07397,
                    59.32967
                ],
                [
                    18.07418,
                    59.32964
                ],
                [
                    18.07451,
                    59.32965
                ],
                [
                    18.07467,
                    59.32964
                ],
                [
                    18.07465,
                    59.32962
                ]
            ]
        }
    ]
}