{
    "city": 1,
    "initialStart": [
        18.07125,
        59.31579
    ],
    "trips": [
        {
            "summary": {
                "distance": 525,
                "duration": 85.9
            },
            "user": {
                "id": 380,
                "token": "eyJhbGciOiJIUzI1NiIsInR5cCI6IkpXVCJ9.eyJpZCI6MzgwLCJyb2xlIjoidXNlciIsImlhdCI6MTcwMjkxMzc3NiwiZXhwIjoxNzM0NDQ5Nzc2fQ.J_kzOMfkTk7NU1mCv2cOBWKGkFURhPPGDmhYy7daamY"
            },
            "coords": [
                [
                    18.07125,
                    59.31579
                ],
                [
                    18.071,
                    59.31629
                ],
                [
                    18.07097,
                    59.3164
                ],
                [
                    18.07184,
                    59.31651
                ],
                [
                    18.07206,
                    59.31654
                ],
                [
                    18.07213,
                    59.31654
                ],
                [
                    18.07215,
                    59.31649
                ],
                [
                    18.0725,
                    59.31576
                ],
                [
                    18.07254,
                    59.31568
                ],
                [
                    18.07273,
                    59.31528
                ],
                [
                    18.073,
                    59.31475
                ],
                [
                    18.07314,
                    59.31476
                ],
                [
                    18.07334,
                    59.31479
                ],
                [
                    18.07477,
                    59.31498
                ],
                [
                    18.07512,
                    59.31503
                ],
                [
                    18.07525,
                    59.31504
                ],
                [
                    18.07503,
                    59.31549
                ]
            ]
        }
    ]
}