{
    "city": 1,
    "initialStart": [
        18.07859,
        59.34658
    ],
    "trips": [
        {
            "summary": {
                "distance": 752,
                "duration": 195.6
            },
            "user": {
                "id": 385,
                "token": "eyJhbGciOiJIUzI1NiIsInR5cCI6IkpXVCJ9.eyJpZCI6Mzg1LCJyb2xlIjoidXNlciIsImlhdCI6MTcwMjkxMzc3NywiZXhwIjoxNzM0NDQ5Nzc3fQ.2cxPjv4EkZx9buDucKSuhTcQnj2-JNrVveLIkBQPjAY"
            },
            "coords": [
                [
                    18.07859,
                    59.34658
                ],
                [
                    18.07875,
                    59.34642
                ],
                [
                    18.07877,
                    59.34634
                ],
                [
                    18.07872,
                    59.34625
                ],
                [
                    18.07842,
                    59.34605
                ],
                [
                    18.0783,
                    59.34597
                ],
                [
                    18.07711,
                    59.34512
                ],
                [
                    18.07685,
                    59.34492
                ],
                [
                    18.07644,
                    59.34462
                ],
                [
                    18.07637,
                    59.34456
                ],
                [
                    18.07619,
                    59.34437
                ],
                [
                    18.07635,
                    59.34433
                ],
                [
                    18.07685,
                    59.3442
                ],
                [
                    18.07789,
                    59.34394
                ],
                [
                    18.07881,
                    59.34373
                ],
                [
                    18.07888,
                    59.34371
                ],
                [
                    18.07906,
                    59.34388
                ],
                [
                    18.07913,
                    59.34396
                ],
                [
                    18.07916,
                    59.34399
                ],
                [
                    18.07935,
                    59.34395
                ],
                [
                    18.07947,
                    59.34392
                ],
                [
                    18.07948,
                    59.34398
                ],
                [
                    18.08006,
                    59.3446
                ],
                [
                    18.08031,
                    59.34481
                ],
                [
                    18.08048,
                    59.34477
                ],
                [
                    18.08071,
                    59.34473
                ],
                [
                    18.08078,
                    59.34482
                ],
                [
                    18.08129,
                    59.34472
                ],
                [
                    18.08149,
                    59.34492
                ],
                [
                    18.08175,
                    59.34501
                ],
                [
                    18.08168,
                    59.34513
                ]
            ]
        }
    ]
}