{
    "city": 1,
    "initialStart": [
        18.05168,
        59.32942
    ],
    "trips": [
        {
            "summary": {
                "distance": 348.1,
                "duration": 82.5
            },
            "user": {
                "id": 388,
                "token": "eyJhbGciOiJIUzI1NiIsInR5cCI6IkpXVCJ9.eyJpZCI6Mzg4LCJyb2xlIjoidXNlciIsImlhdCI6MTcwMjkxMzc3OCwiZXhwIjoxNzM0NDQ5Nzc4fQ.TNQa1O9hefKNvbUWR-jlwUS-DRMg85RpG-NW3lS_CUM"
            },
            "coords": [
                [
                    18.05168,
                    59.32942
                ],
                [
                    18.05156,
                    59.32892
                ],
                [
                    18.05149,
                    59.32864
                ],
                [
                    18.05158,
                    59.32853
                ],
                [
                    18.05145,
                    59.32793
                ],
                [
                    18.05191,
                    59.32791
                ],
                [
                    18.05244,
                    59.32791
                ],
                [
                    18.05277,
                    59.32789
                ],
                [
                    18.05297,
                    59.32787
                ],
                [
                    18.0529,
                    59.32778
                ],
                [
                    18.05291,
                    59.3277
                ],
                [
                    18.05296,
                    59.32762
                ],
                [
                    18.05311,
                    59.32719
                ],
                [
                    18.05309,
                    59.32716
                ],
                [
                    18.05304,
                    59.32714
                ],
                [
                    18.05313,
                    59.32708
                ]
            ]
        }
    ]
}