{
    "city": 1,
    "initialStart": [
        18.07405,
        59.31583
    ],
    "trips": [
        {
            "summary": {
                "distance": 1180.5,
                "duration": 230.6
            },
            "user": {
                "id": 393,
                "token": "eyJhbGciOiJIUzI1NiIsInR5cCI6IkpXVCJ9.eyJpZCI6MzkzLCJyb2xlIjoidXNlciIsImlhdCI6MTcwMjkxMzc3OSwiZXhwIjoxNzM0NDQ5Nzc5fQ.w-yeaY8Mwvj4RSqC39QYUyLNyR9sxzyTOZ7xWb-AgsU"
            },
            "coords": [
                [
                    18.07405,
                    59.31583
                ],
                [
                    18.07416,
                    59.31591
                ],
                [
                    18.07407,
                    59.31603
                ],
                [
                    18.07431,
                    59.31606
                ],
                [
                    18.07436,
                    59.31607
                ],
                [
                    18.07446,
                    59.31608
                ],
                [
                    18.07456,
                    59.31596
                ],
                [
                    18.07468,
                    59.31595
                ],
                [
                    18.07522,
                    59.31602
                ],
                [
                    18.07576,
                    59.31609
                ],
                [
                    18.07554,
                    59.31656
                ],
                [
                    18.07547,
                    59.31679
                ],
                [
                    18.07538,
                    59.31696
                ],
                [
                    18.07367,
                    59.31674
                ],
                [
                    18.07329,
                    59.3167
                ],
                [
                    18.07236,
                    59.31657
                ],
                [
                    18.07219,
                    59.31655
                ],
                [
                    18.07213,
                    59.31654
                ],
                [
                    18.07215,
                    59.31649
                ],
                [
                    18.0725,
                    59.31576
                ],
                [
                    18.07254,
                    59.31568
                ],
                [
                    18.07273,
                    59.31528
                ],
                [
                    18.073,
                    59.31475
                ],
                [
                    18.07303,
                    59.31469
                ],
                [
                    18.07322,
                    59.31433
                ],
                [
                    18.07326,
                    59.31423
                ],
                [
                    18.07329,
                    59.31416
                ],
                [
                    18.07334,
                    59.31406
                ],
                [
                    18.07386,
                    59.31301
                ],
                [
                    18.07389,
                    59.31289
                ],
                [
                    18.07159,
                    59.3126
                ],
                [
                    18.07143,
                    59.31256
                ],
                [
                    18.07129,
                    59.31257
                ],
                [
                    18.07117,
                    59.31261
                ],
                [
                    18.07089,
                    59.31317
                ],
                [
                    18.0707,
                    59.31357
                ],
                [
                    18.07051,
                    59.31384
                ],
                [
                    18.07092,
                    59.31389
                ],
                [
                    18.07092,
                    59.31398
                ],
                [
                    18.07097,
                    59.31399
                ]
            ]
        }
    ]
}