{
    "city": 1,
    "initialStart": [
        18.04926,
        59.34805
    ],
    "trips": [
        {
            "summary": {
                "distance": 488.9,
                "duration": 113.4
            },
            "user": {
                "id": 394,
                "token": "eyJhbGciOiJIUzI1NiIsInR5cCI6IkpXVCJ9.eyJpZCI6Mzk0LCJyb2xlIjoidXNlciIsImlhdCI6MTcwMjkxMzc4MCwiZXhwIjoxNzM0NDQ5NzgwfQ.olKvVq5rI7fwwsGK1HkA-o6peaBO4nnvxVm_U28Tqfs"
            },
            "coords": [
                [
                    18.04926,
                    59.34805
                ],
                [
                    18.04959,
                    59.3477
                ],
                [
                    18.04968,
                    59.34764
                ],
                [
                    18.04954,
                    59.34761
                ],
                [
                    18.04962,
                    59.34752
                ],
                [
                    18.04985,
                    59.34758
                ],
                [
                    18.04993,
                    59.34749
                ],
                [
                    18.0513,
                    59.34598
                ],
                [
                    18.05137,
                    59.3459
                ],
                [
                    18.05156,
                    59.34595
                ],
                [
                    18.05172,
                    59.34599
                ],
                [
                    18.05204,
                    59.34607
                ],
                [
                    18.05238,
                    59.34615
                ],
                [
                    18.05307,
                    59.34632
                ],
                [
                    18.05313,
                    59.34634
                ],
                [
                    18.0532,
                    59.34636
                ],
                [
                    18.05336,
                    59.3464
                ],
                [
                    18.05345,
                    59.34642
                ],
                [
                    18.05338,
                    59.3465
                ],
                [
                    18.05344,
                    59.34652
                ],
                [
                    18.05329,
                    59.34664
                ],
                [
                    18.05301,
                    59.34694
                ]
            ]
        }
    ]
}