{
    "city": 1,
    "initialStart": [
        18.05787,
        59.31201
    ],
    "trips": [
        {
            "summary": {
                "distance": 488.1,
                "duration": 90.3
            },
            "user": {
                "id": 395,
                "token": "eyJhbGciOiJIUzI1NiIsInR5cCI6IkpXVCJ9.eyJpZCI6Mzk1LCJyb2xlIjoidXNlciIsImlhdCI6MTcwMjkxMzc4MCwiZXhwIjoxNzM0NDQ5NzgwfQ.rOa9gXoLX_kJUr3QEroJ62xSXiUumLMEVHDcBRSE02I"
            },
            "coords": [
                [
                    18.05787,
                    59.31201
                ],
                [
                    18.05786,
                    59.31203
                ],
                [
                    18.05784,
                    59.31214
                ],
                [
                    18.05579,
                    59.31188
                ],
                [
                    18.05563,
                    59.31195
                ],
                [
                    18.0555,
                    59.31193
                ],
                [
                    18.05544,
                    59.31196
                ],
                [
                    18.05524,
                    59.31205
                ],
                [
                    18.05517,
                    59.31211
                ],
                [
                    18.05445,
                    59.31246
                ],
                [
                    18.0538,
                    59.31289
                ],
                [
                    18.05367,
                    59.31298
                ],
                [
                    18.05376,
                    59.31301
                ],
                [
                    18.05421,
                    59.31317
                ],
                [
                    18.05427,
                    59.31318
                ],
                [
                    18.05447,
                    59.31325
                ],
                [
                    18.05515,
                    59.31348
                ],
                [
                    18.05506,
                    59.31362
                ],
                [
                    18.05531,
                    59.31379
                ],
                [
                    18.05534,
                    59.31384
                ],
                [
                    18.05503,
                    59.3139
                ],
                [
                    18.05485,
                    59.31395
                ]
            ]
        }
    ]
}