{
    "city": 1,
    "initialStart": [
        18.05846,
        59.32773
    ],
    "trips": [
        {
            "summary": {
                "distance": 315.3,
                "duration": 93.2
            },
            "user": {
                "id": 398,
                "token": "eyJhbGciOiJIUzI1NiIsInR5cCI6IkpXVCJ9.eyJpZCI6Mzk4LCJyb2xlIjoidXNlciIsImlhdCI6MTcwMjkxMzc4MSwiZXhwIjoxNzM0NDQ5NzgxfQ.19pVbpXtSMwGryb2LX7TiqzRGTdzVb9pMZlvEh1-nZU"
            },
            "coords": [
                [
                    18.05846,
                    59.32773
                ],
                [
                    18.05833,
                    59.32799
                ],
                [
                    18.05874,
                    59.32787
                ],
                [
                    18.05952,
                    59.32796
                ],
                [
                    18.05948,
                    59.32803
                ],
                [
                    18.05905,
                    59.32798
                ],
                [
                    18.05886,
                    59.32798
                ],
                [
                    18.05819,
                    59.32808
                ],
                [
                    18.05802,
                    59.32812
                ],
                [
                    18.05809,
                    59.3282
                ],
                [
                    18.05816,
                    59.32827
                ],
                [
                    18.05819,
                    59.32831
                ],
                [
                    18.05826,
                    59.32841
                ],
                [
                    18.05829,
                    59.32843
                ],
                [
                    18.05825,
                    59.32845
                ],
                [
                    18.05809,
                    59.32853
                ],
                [
                    18.05802,
                    59.32853
                ],
                [
                    18.0577,
                    59.32871
                ],
                [
                    18.05743,
                    59.32882
                ],
                [
                    18.05751,
                    59.32885
                ],
                [
                    18.0576,
                    59.3288
                ]
            ]
        }
    ]
}