{
    "city": 1,
    "initialStart": [
        18.03956,
        59.3508
    ],
    "trips": [
        {
            "summary": {
                "distance": 765.2,
                "duration": 128.6
            },
            "user": {
                "id": 4,
                "token": "eyJhbGciOiJIUzI1NiIsInR5cCI6IkpXVCJ9.eyJpZCI6NCwicm9sZSI6InVzZXIiLCJpYXQiOjE3MDI4ODU5OTEsImV4cCI6MTczNDQyMTk5MX0.ZUU_sOvjWWg_NP3vrM-vysEswE2qQDj7fu0qMC7N5D0"
            },
            "coords": [
                [
                    18.03956,
                    59.3508
                ],
                [
                    18.03977,
                    59.35095
                ],
                [
                    18.04,
                    59.35107
                ],
                [
                    18.04014,
                    59.35107
                ],
                [
                    18.04042,
                    59.35103
                ],
                [
                    18.04068,
                    59.35101
                ],
                [
                    18.0407,
                    59.35094
                ],
                [
                    18.04055,
                    59.35089
                ],
                [
                    18.04054,
                    59.35087
                ],
                [
                    18.04058,
                    59.35086
                ],
                [
                    18.04083,
                    59.35087
                ],
                [
                    18.04109,
                    59.3509
                ],
                [
                    18.04131,
                    59.35099
                ],
                [
                    18.04138,
                    59.35083
                ],
                [
                    18.04132,
                    59.35067
                ],
                [
                    18.04135,
                    59.35045
                ],
                [
                    18.0414,
                    59.35035
                ],
                [
                    18.04167,
                    59.35032
                ],
                [
                    18.04179,
                    59.35025
                ],
                [
                    18.04208,
                    59.35005
                ],
                [
                    18.04215,
                    59.34998
                ],
                [
                    18.04227,
                    59.34975
                ],
                [
                    18.04257,
                    59.34952
                ],
                [
                    18.04255,
                    59.34948
                ],
                [
                    18.04244,
                    59.3494
                ],
                [
                    18.04218,
                    59.34929
                ],
                [
                    18.0413,
                    59.34906
                ],
                [
                    18.04118,
                    59.34906
                ],
                [
                    18.04099,
                    59.349
                ],
                [
                    18.04088,
                    59.34895
                ],
                [
                    18.04091,
                    59.34887
                ],
                [
                    18.04094,
                    59.34881
                ],
                [
                    18.04097,
                    59.34875
                ],
                [
                    18.04058,
                    59.3487
                ],
                [
                    18.04054,
                    59.3487
                ],
                [
                    18.03923,
                    59.34828
                ],
                [
                    18.0392,
                    59.34827
                ],
                [
                    18.03911,
                    59.34824
                ],
                [
                    18.03907,
                    59.34823
                ],
                [
                    18.03903,
                    59.34827
                ],
                [
                    18.03837,
                    59.34803
                ],
                [
                    18.0383,
                    59.3481
                ],
                [
                    18.03757,
                    59.34882
                ],
                [
                    18.03754,
                    59.34884
                ],
                [
                    18.03741,
                    59.3488
                ]
            ]
        }
    ]
}