{
    "city": 1,
    "initialStart": [
        18.069300749317637,
        59.36665001130051
    ],
    "trips": [
        {
            "user": {
                "id": 10,
                "token": "eyJhbGciOiJIUzI1NiIsInR5cCI6IkpXVCJ9.eyJpZCI6MTAsInJvbGUiOiJ1c2VyIiwiaWF0IjoxNzAwMTUyMjc0LCJleHAiOjE3MzE2ODgyNzR9.09aqvgVj7JShHaaCZ4rZHeAsR1ryCYTeZGbvkU1kYsY"
            },
            "coords": [
                [
                    18.06945,
                    59.36656
                ],
                [
                    18.06918,
                    59.36645
                ],
                [
                    18.06909,
                    59.36655
                ],
                [
                    18.06868,
                    59.36678
                ],
                [
                    18.06804,
                    59.36727
                ],
                [
                    18.06798,
                    59.36733
                ]
            ]
        },
        {
            "user": {
                "id": 11,
                "token": "eyJhbGciOiJIUzI1NiIsInR5cCI6IkpXVCJ9.eyJpZCI6MTEsInJvbGUiOiJ1c2VyIiwiaWF0IjoxNzAwMTUyMjc0LCJleHAiOjE3MzE2ODgyNzR9.5mHMPpX5cO9Qlnzeg5zn18I3oSPytMObzsOQaPt2A8k"
            },
            "coords": [
                [
                    18.06798,
                    59.36733
                ],
                [
                    18.06804,
                    59.36727
                ],
                [
                    18.06868,
                    59.36678
                ],
                [
                    18.06909,
                    59.36655
                ],
                [
                    18.06918,
                    59.36645
                ],
                [
                    18.06929,
                    59.3663
                ],
                [
                    18.07098,
                    59.3652
                ],
                [
                    18.0709,
                    59.36496
                ],
                [
                    18.07092,
                    59.36457
                ],
                [
                    18.07095,
                    59.36448
                ],
                [
                    18.07076,
                    59.36445
                ],
                [
                    18.07062,
                    59.36444
                ],
                [
                    18.07012,
                    59.36454
                ],
                [
                    18.06992,
                    59.3646
                ],
                [
                    18.0696,
                    59.36473
                ],
                [
                    18.06898,
                    59.36504
                ],
                [
                    18.06887,
                    59.36512
                ]
            ]
        },
        {
            "user": {
                "id": 12,
                "token": "eyJhbGciOiJIUzI1NiIsInR5cCI6IkpXVCJ9.eyJpZCI6MTIsInJvbGUiOiJ1c2VyIiwiaWF0IjoxNzAwMTUyMjc1LCJleHAiOjE3MzE2ODgyNzV9.GCdK1Dwn5MS6_miVnktpgpN5aFrGXCDHsDBO__TBKMY"
            },
            "coords": [
                [
                    18.06887,
                    59.36512
                ],
                [
                    18.06898,
                    59.36504
                ],
                [
                    18.0696,
                    59.36473
                ],
                [
                    18.06992,
                    59.3646
                ],
                [
                    18.07012,
                    59.36454
                ],
                [
                    18.07062,
                    59.36444
                ],
                [
                    18.07098,
                    59.3643
                ],
                [
                    18.07108,
                    59.36437
                ],
                [
                    18.07109,
                    59.36442
                ],
                [
                    18.07105,
                    59.36445
                ],
                [
                    18.07095,
                    59.36448
                ],
                [
                    18.07092,
                    59.36457
                ],
                [
                    18.0709,
                    59.36496
                ],
                [
                    18.07098,
                    59.3652
                ],
                [
                    18.06929,
                    59.3663
                ],
                [
                    18.06918,
                    59.36645
                ],
                [
                    18.06966,
                    59.36664
                ],
                [
                    18.06975,
                    59.36668
                ]
            ]
        }
    ]
}