{
    "city": 1,
    "initialStart": [
        18.05919,
        59.30669
    ],
    "trips": [
        {
            "summary": {
                "distance": 1056.5,
                "duration": 185.2
            },
            "user": {
                "id": 10,
                "token": "eyJhbGciOiJIUzI1NiIsInR5cCI6IkpXVCJ9.eyJpZCI6MTAsInJvbGUiOiJ1c2VyIiwiaWF0IjoxNzAwOTIzNDk3LCJleHAiOjE3MzI0NTk0OTd9.fhQ7LoodNO0FCpJ95b8jr4kbUZALzpyxIFDucqbG3YY"
            },
            "coords": [
                [
                    18.05919,
                    59.30669
                ],
                [
                    18.05982,
                    59.30657
                ],
                [
                    18.06072,
                    59.30645
                ],
                [
                    18.06145,
                    59.30637
                ],
                [
                    18.06194,
                    59.30634
                ],
                [
                    18.06245,
                    59.30636
                ],
                [
                    18.06363,
                    59.30646
                ],
                [
                    18.06385,
                    59.30646
                ],
                [
                    18.06375,
                    59.30662
                ],
                [
                    18.06378,
                    59.3067
                ],
                [
                    18.06389,
                    59.30688
                ],
                [
                    18.06395,
                    59.30698
                ],
                [
                    18.06428,
                    59.30745
                ],
                [
                    18.06427,
                    59.30754
                ],
                [
                    18.06432,
                    59.30763
                ],
                [
                    18.06472,
                    59.30798
                ],
                [
                    18.06471,
                    59.308
                ],
                [
                    18.06296,
                    59.30853
                ],
                [
                    18.06274,
                    59.30859
                ],
                [
                    18.06165,
                    59.3089
                ],
                [
                    18.06153,
                    59.30904
                ],
                [
                    18.06165,
                    59.30921
                ],
                [
                    18.06166,
                    59.30927
                ],
                [
                    18.06167,
                    59.30931
                ],
                [
                    18.06177,
                    59.30939
                ],
                [
                    18.06184,
                    59.30946
                ],
                [
                    18.0617,
                    59.30951
                ],
                [
                    18.06159,
                    59.30955
                ],
                [
                    18.0615,
                    59.30948
                ],
                [
                    18.0614,
                    59.30939
                ],
                [
                    18.06115,
                    59.30919
                ],
                [
                    18.06103,
                    59.30917
                ],
                [
                    18.0609,
                    59.30917
                ],
                [
                    18.06074,
                    59.3092
                ],
                [
                    18.06039,
                    59.3093
                ],
                [
                    18.06016,
                    59.30937
                ],
                [
                    18.05976,
                    59.30949
                ],
                [
                    18.05933,
                    59.30962
                ],
                [
                    18.05886,
                    59.30976
                ],
                [
                    18.05865,
                    59.30984
                ],
                [
                    18.05846,
                    59.30993
                ],
                [
                    18.05784,
                    59.31012
                ],
                [
                    18.05766,
                    59.31015
                ],
                [
                    18.05713,
                    59.3102
                ],
                [
                    18.05696,
                    59.31021
                ]
            ]
        },
        {
            "summary": {
                "distance": 1114.3,
                "duration": 186.8
            },
            "user": {
                "id": 11,
                "token": "eyJhbGciOiJIUzI1NiIsInR5cCI6IkpXVCJ9.eyJpZCI6MTEsInJvbGUiOiJ1c2VyIiwiaWF0IjoxNzAwOTIzNDk3LCJleHAiOjE3MzI0NTk0OTd9.Z3n7x-o_8I40ZkJJbQQZJkKDJwaGIRqsBALoBAhrnoo"
            },