{
    "city": 1,
    "initialStart": [
        18.04515,
        59.32939
    ],
    "trips": [
        {
            "summary": {
                "distance": 665.2,
                "duration": 108.8
            },
            "user": {
                "id": 40,
                "token": "eyJhbGciOiJIUzI1NiIsInR5cCI6IkpXVCJ9.eyJpZCI6NDAsInJvbGUiOiJ1c2VyIiwiaWF0IjoxNzAyODg5MzYxLCJleHAiOjE3MzQ0MjUzNjF9.I-visD-AXvtT7cAcu7uSRi-c7MtwQtLtHSEx0J9Hc5g"
            },
            "coords": [
                [
                    18.04515,
                    59.32939
                ],
                [
                    18.0453,
                    59.32967
                ],
                [
                    18.04366,
                    59.32989
                ],
                [
                    18.04318,
                    59.329
                ],
                [
                    18.04306,
                    59.32902
                ],
                [
                    18.04278,
                    59.32877
                ],
                [
                    18.04255,
                    59.32838
                ],
                [
                    18.0417,
                    59.32686
                ],
                [
                    18.04165,
                    59.32677
                ],
                [
                    18.04163,
                    59.32672
                ],
                [
                    18.04176,
                    59.32672
                ],
                [
                    18.04205,
                    59.32673
                ],
                [
                    18.04221,
                    59.32676
                ],
                [
                    18.04226,
                    59.32685
                ],
                [
                    18.04281,
                    59.32785
                ]
            ]
        }
    ]
}