{
    "city": 1,
    "initialStart": [
        18.05908,
        59.34167
    ],
    "trips": [
        {
            "summary": {
                "distance": 345.7,
                "duration": 74
            },
            "user": {
                "id": 401,
                "token": "eyJhbGciOiJIUzI1NiIsInR5cCI6IkpXVCJ9.eyJpZCI6NDAxLCJyb2xlIjoidXNlciIsImlhdCI6MTcwMjkxMzc4MiwiZXhwIjoxNzM0NDQ5NzgyfQ.0EYhJ_kL9koAkYKa79VCD-aiIvgK1a0kgF4Y8ZJDIJo"
            },
            "coords": [
                [
                    18.05908,
                    59.34167
                ],
                [
                    18.05923,
                    59.3417
                ],
                [
                    18.05919,
                    59.34175
                ],
                [
                    18.05925,
                    59.34177
                ],
                [
                    18.05934,
                    59.34179
                ],
                [
                    18.06029,
                    59.34204
                ],
                [
                    18.06044,
                    59.34208
                ],
                [
                    18.06051,
                    59.34201
                ],
                [
                    18.06131,
                    59.34123
                ],
                [
                    18.06141,
                    59.34114
                ],
                [
                    18.06158,
                    59.34118
                ],
                [
                    18.06276,
                    59.3415
                ],
                [
                    18.06282,
                    59.34144
                ],
                [
                    18.06287,
                    59.34144
                ],
                [
                    18.06314,
                    59.34115
                ]
            ]
        }
    ]
}