{
    "city": 1,
    "initialStart": [
        18.06973,
        59.30496
    ],
    "trips": [
        {
            "summary": {
                "distance": 651.1,
                "duration": 170.6
            },
            "user": {
                "id": 402,
                "token": "eyJhbGciOiJIUzI1NiIsInR5cCI6IkpXVCJ9.eyJpZCI6NDAyLCJyb2xlIjoidXNlciIsImlhdCI6MTcwMjkxMzg0NCwiZXhwIjoxNzM0NDQ5ODQ0fQ.8rUBtx9vqRJ0Wc2FdlyjlTEQVcaFqo9Z2qQUjWtLwAM"
            },
            "coords": [
                [
                    18.06973,
                    59.30496
                ],
                [
                    18.06973,
                    59.30495
                ],
                [
                    18.07041,
                    59.3049
                ],
                [
                    18.07049,
                    59.30487
                ],
                [
                    18.07081,
                    59.30484
                ],
                [
                    18.07081,
                    59.3047
                ],
                [
                    18.07071,
                    59.30441
                ],
                [
                    18.07061,
                    59.30419
                ],
                [
                    18.07076,
                    59.30418
                ],
                [
                    18.07114,
                    59.30413
                ],
                [
                    18.0717,
                    59.3041
                ],
                [
                    18.07223,
                    59.30405
                ],
                [
                    18.07253,
                    59.30405
                ],
                [
                    18.07274,
                    59.30413
                ],
                [
                    18.07341,
                    59.30434
                ],
                [
                    18.07384,
                    59.30445
                ],
                [
                    18.07407,
                    59.30449
                ],
                [
                    18.07428,
                    59.3045
                ],
                [
                    18.07483,
                    59.30462
                ],
                [
                    18.07505,
                    59.30466
                ],
                [
                    18.07467,
                    59.30519
                ],
                [
                    18.07448,
                    59.30552
                ],
                [
                    18.07447,
                    59.30554
                ],
                [
                    18.07429,
                    59.30598
                ],
                [
                    18.07425,
                    59.30621
                ],
                [
                    18.07416,
                    59.3062
                ],
                [
                    18.07376,
                    59.30617
                ],
                [
                    18.07373,
                    59.30617
                ],
                [
                    18.07376,
                    59.30585
                ]
            ]
        }
    ]
}