{
    "city": 1,
    "initialStart": [
        18.08284,
        59.31095
    ],
    "trips": [
        {
            "summary": {
                "distance": 388.2,
                "duration": 89.2
            },
            "user": {
                "id": 403,
                "token": "eyJhbGciOiJIUzI1NiIsInR5cCI6IkpXVCJ9.eyJpZCI6NDAzLCJyb2xlIjoidXNlciIsImlhdCI6MTcwMjkxMzg0NCwiZXhwIjoxNzM0NDQ5ODQ0fQ.Xxb4yCMiPkkhdu9F2RrXKylI5hDb6-d6w-kSdh-oYmM"
            },
            "coords": [
                [
                    18.08284,
                    59.31095
                ],
                [
                    18.08362,
                    59.31065
                ],
                [
                    18.0834,
                    59.31062
                ],
                [
                    18.08318,
                    59.31054
                ],
                [
                    18.08203,
                    59.31039
                ],
                [
                    18.08268,
                    59.30911
                ],
                [
                    18.08271,
                    59.30904
                ],
                [
                    18.08278,
                    59.30894
                ],
                [
                    18.08282,
                    59.30886
                ],
                [
                    18.08289,
                    59.30876
                ],
                [
                    18.08308,
                    59.30886
                ],
                [
                    18.08334,
                    59.30886
                ],
                [
                    18.08349,
                    59.30888
                ],
                [
                    18.08361,
                    59.30891
                ],
                [
                    18.08366,
                    59.30892
                ]
            ]
        }
    ]
}