{
    "city": 1,
    "initialStart": [
        18.01397,
        59.32796
    ],
    "trips": [
        {
            "summary": {
                "distance": 380.7,
                "duration": 74.7
            },
            "user": {
                "id": 405,
                "token": "eyJhbGciOiJIUzI1NiIsInR5cCI6IkpXVCJ9.eyJpZCI6NDA1LCJyb2xlIjoidXNlciIsImlhdCI6MTcwMjkxMzg0NSwiZXhwIjoxNzM0NDQ5ODQ1fQ.0D364S0SpNquy2BPnIwu5h1-U1LZQ0RcxBnQ2-jaVvQ"
            },
            "coords": [
                [
                    18.01397,
                    59.32796
                ],
                [
                    18.01428,
                    59.32796
                ],
                [
                    18.01453,
                    59.32799
                ],
                [
                    18.01456,
                    59.32827
                ],
                [
                    18.01457,
                    59.32836
                ],
                [
                    18.01558,
                    59.32833
                ],
                [
                    18.01649,
                    59.32829
                ],
                [
                    18.0166,
                    59.32829
                ],
                [
                    18.0166,
                    59.32821
                ],
                [
                    18.01659,
                    59.32811
                ],
                [
                    18.01652,
                    59.32808
                ],
                [
                    18.01649,
                    59.32777
                ],
                [
                    18.01639,
                    59.327
                ],
                [
                    18.01638,
                    59.32693
                ],
                [
                    18.01637,
                    59.32684
                ],
                [
                    18.01653,
                    59.32685
                ],
                [
                    18.01655,
                    59.3268
                ],
                [
                    18.01664,
                    59.32681
                ],
                [
                    18.01678,
                    59.32683
                ]
            ]
        }
    ]
}