{
    "city": 1,
    "initialStart": [
        18.05456,
        59.31622
    ],
    "trips": [
        {
            "summary": {
                "distance": 451.5,
                "duration": 73.9
            },
            "user": {
                "id": 414,
                "token": "eyJhbGciOiJIUzI1NiIsInR5cCI6IkpXVCJ9.eyJpZCI6NDE0LCJyb2xlIjoidXNlciIsImlhdCI6MTcwMjkxMzg1MCwiZXhwIjoxNzM0NDQ5ODUwfQ.qY8N6ZwM-d--LOcHdUFhoEpW0MQKyZ8DiZz2A9fI3Cw"
            },
            "coords": [
                [
                    18.05456,
                    59.31622
                ],
                [
                    18.05447,
                    59.31641
                ],
                [
                    18.05427,
                    59.31641
                ],
                [
                    18.05395,
                    59.31704
                ],
                [
                    18.05217,
                    59.31681
                ],
                [
                    18.05147,
                    59.31672
                ],
                [
                    18.05126,
                    59.31675
                ],
                [
                    18.05112,
                    59.31674
                ],
                [
                    18.05106,
                    59.31676
                ],
                [
                    18.05097,
                    59.31674
                ],
                [
                    18.05082,
                    59.31672
                ],
                [
                    18.05071,
                    59.31671
                ],
                [
                    18.05069,
                    59.31669
                ],
                [
                    18.05071,
                    59.31664
                ],
                [
                    18.04857,
                    59.31637
                ],
                [
                    18.04865,
                    59.31618
                ]
            ]
        }
    ]
}