{
    "city": 1,
    "initialStart": [
        18.03188,
        59.34642
    ],
    "trips": [
        {
            "summary": {
                "distance": 413.5,
                "duration": 113.3
            },
            "user": {
                "id": 415,
                "token": "eyJhbGciOiJIUzI1NiIsInR5cCI6IkpXVCJ9.eyJpZCI6NDE1LCJyb2xlIjoidXNlciIsImlhdCI6MTcwMjkxMzg1MSwiZXhwIjoxNzM0NDQ5ODUxfQ.qWqFQlqevd0uDuAVl0KMByuaWpXc6xYPJI1j5dg-wE8"
            },
            "coords": [
                [
                    18.03188,
                    59.34642
                ],
                [
                    18.03136,
                    59.34611
                ],
                [
                    18.03148,
                    59.34604
                ],
                [
                    18.03216,
                    59.34566
                ],
                [
                    18.03221,
                    59.34563
                ],
                [
                    18.03227,
                    59.3456
                ],
                [
                    18.03236,
                    59.34555
                ],
                [
                    18.03316,
                    59.3459
                ],
                [
                    18.03327,
                    59.34595
                ],
                [
                    18.03334,
                    59.34599
                ],
                [
                    18.03347,
                    59.34606
                ],
                [
                    18.03353,
                    59.34608
                ],
                [
                    18.03366,
                    59.34614
                ],
                [
                    18.03435,
                    59.34641
                ],
                [
                    18.03441,
                    59.34637
                ],
                [
                    18.03454,
                    59.34629
                ],
                [
                    18.03465,
                    59.34634
                ],
                [
                    18.03468,
                    59.34632
                ],
                [
                    18.03617,
                    59.34691
                ]
            ]
        }
    ]
}