{
    "city": 1,
    "initialStart": [
        18.07093,
        59.30613
    ],
    "trips": [
        {
            "summary": {
                "distance": 455.1,
                "duration": 74.5
            },
            "user": {
                "id": 417,
                "token": "eyJhbGciOiJIUzI1NiIsInR5cCI6IkpXVCJ9.eyJpZCI6NDE3LCJyb2xlIjoidXNlciIsImlhdCI6MTcwMjkxMzg1MSwiZXhwIjoxNzM0NDQ5ODUxfQ.IQ4TnqCQNj5Aqhnwk4hXMVZ8acQoHn6_6n8Gai3l_kA"
            },
            "coords": [
                [
                    18.07093,
                    59.30613
                ],
                [
                    18.07064,
                    59.30615
                ],
                [
                    18.07018,
                    59.30618
                ],
                [
                    18.06897,
                    59.30627
                ],
                [
                    18.06887,
                    59.30628
                ],
                [
                    18.06873,
                    59.3063
                ],
                [
                    18.06841,
                    59.30632
                ],
                [
                    18.06801,
                    59.30636
                ],
                [
                    18.06771,
                    59.30639
                ],
                [
                    18.06757,
                    59.3064
                ],
                [
                    18.06745,
                    59.30641
                ],
                [
                    18.06679,
                    59.30649
                ],
                [
                    18.06634,
                    59.30655
                ],
                [
                    18.067,
                    59.30747
                ],
                [
                    18.06708,
                    59.30759
                ],
                [
                    18.06722,
                    59.3078
                ],
                [
                    18.06794,
                    59.30768
                ]
            ]
        }
    ]
}