{
    "city": 1,
    "initialStart": [
        18.09514,
        59.3413
    ],
    "trips": [
        {
            "summary": {
                "distance": 328.3,
                "duration": 92.4
            },
            "user": {
                "id": 420,
                "token": "eyJhbGciOiJIUzI1NiIsInR5cCI6IkpXVCJ9.eyJpZCI6NDIwLCJyb2xlIjoidXNlciIsImlhdCI6MTcwMjkxMzg1MiwiZXhwIjoxNzM0NDQ5ODUyfQ.CdvzDtqbTtTEWotKzoZCDqQ5soOHlTf3_RZ8MX10eU4"
            },
            "coords": [
                [
                    18.09514,
                    59.3413
                ],
                [
                    18.09551,
                    59.34121
                ],
                [
                    18.09532,
                    59.34106
                ],
                [
                    18.09571,
                    59.34094
                ],
                [
                    18.09566,
                    59.3409
                ],
                [
                    18.09559,
                    59.34086
                ],
                [
                    18.09554,
                    59.34082
                ],
                [
                    18.09574,
                    59.34075
                ],
                [
                    18.09588,
                    59.34086
                ],
                [
                    18.09607,
                    59.34099
                ],
                [
                    18.09691,
                    59.34156
                ],
                [
                    18.09758,
                    59.34131
                ],
                [
                    18.09792,
                    59.34119
                ],
                [
                    18.09803,
                    59.34112
                ],
                [
                    18.09817,
                    59.34116
                ],
                [
                    18.0982,
                    59.34111
                ],
                [
                    18.09819,
                    59.34105
                ],
                [
                    18.0981,
                    59.34094
                ]
            ]
        }
    ]
}