{
    "city": 1,
    "initialStart": [
        18.0643,
        59.34709
    ],
    "trips": [
        {
            "summary": {
                "distance": 435.3,
                "duration": 90.6
            },
            "user": {
                "id": 421,
                "token": "eyJhbGciOiJIUzI1NiIsInR5cCI6IkpXVCJ9.eyJpZCI6NDIxLCJyb2xlIjoidXNlciIsImlhdCI6MTcwMjkxMzg1MywiZXhwIjoxNzM0NDQ5ODUzfQ.634p8SnNNoO-3wFlw_09Gnj2p_f5cLYSTyP7-sJ2OtQ"
            },
            "coords": [
                [
                    18.0643,
                    59.34709
                ],
                [
                    18.06524,
                    59.34733
                ],
                [
                    18.06519,
                    59.34734
                ],
                [
                    18.06512,
                    59.34737
                ],
                [
                    18.06522,
                    59.3474
                ],
                [
                    18.06533,
                    59.34742
                ],
                [
                    18.06553,
                    59.34747
                ],
                [
                    18.06539,
                    59.34754
                ],
                [
                    18.06536,
                    59.34756
                ],
                [
                    18.06526,
                    59.34761
                ],
                [
                    18.06516,
                    59.34761
                ],
                [
                    18.06497,
                    59.34765
                ],
                [
                    18.06473,
                    59.34775
                ],
                [
                    18.06465,
                    59.34781
                ],
                [
                    18.0646,
                    59.34785
                ],
                [
                    18.06241,
                    59.3488
                ],
                [
                    18.06237,
                    59.34882
                ],
                [
                    18.06224,
                    59.34873
                ],
                [
                    18.06212,
                    59.34866
                ],
                [
                    18.06193,
                    59.3486
                ],
                [
                    18.06136,
                    59.34846
                ],
                [
                    18.06142,
                    59.3484
                ],
                [
                    18.06163,
                    59.34818
                ]
            ]
        }
    ]
}