{
    "city": 1,
    "initialStart": [
        18.02769,
        59.35237
    ],
    "trips": [
        {
            "summary": {
                "distance": 581.2,
                "duration": 113.8
            },
            "user": {
                "id": 423,
                "token": "eyJhbGciOiJIUzI1NiIsInR5cCI6IkpXVCJ9.eyJpZCI6NDIzLCJyb2xlIjoidXNlciIsImlhdCI6MTcwMjkxMzg1MywiZXhwIjoxNzM0NDQ5ODUzfQ.6cswoF8F28JW7PbHfXb5HjG3hbPrk2aIKXwG5ezSASI"
            },
            "coords": [
                [
                    18.02769,
                    59.35237
                ],
                [
                    18.02735,
                    59.35238
                ],
                [
                    18.0266,
                    59.35193
                ],
                [
                    18.02655,
                    59.35174
                ],
                [
                    18.02666,
                    59.35155
                ],
                [
                    18.02672,
                    59.35153
                ],
                [
                    18.02708,
                    59.3513
                ],
                [
                    18.02792,
                    59.35161
                ],
                [
                    18.0291,
                    59.35206
                ],
                [
                    18.02926,
                    59.35216
                ],
                [
                    18.02948,
                    59.35235
                ],
                [
                    18.02952,
                    59.35239
                ],
                [
                    18.02956,
                    59.35243
                ],
                [
                    18.02966,
                    59.35253
                ],
                [
                    18.02985,
                    59.35266
                ],
                [
                    18.03033,
                    59.35286
                ],
                [
                    18.03087,
                    59.3531
                ],
                [
                    18.03094,
                    59.35305
                ],
                [
                    18.03113,
                    59.35313
                ],
                [
                    18.03129,
                    59.35301
                ],
                [
                    18.03145,
                    59.35288
                ],
                [
                    18.03162,
                    59.35276
                ],
                [
                    18.03216,
                    59.35286
                ],
                [
                    18.0324,
                    59.35293
                ]
            ]
        }
    ]
}