{
    "city": 1,
    "initialStart": [
        18.07492,
        59.32616
    ],
    "trips": [
        {
            "summary": {
                "distance": 401.3,
                "duration": 85.3
            },
            "user": {
                "id": 424,
                "token": "eyJhbGciOiJIUzI1NiIsInR5cCI6IkpXVCJ9.eyJpZCI6NDI0LCJyb2xlIjoidXNlciIsImlhdCI6MTcwMjkxMzg1NCwiZXhwIjoxNzM0NDQ5ODU0fQ.X3tzR2jazPITJ378IYdGEIz4jgLYVl4ERzXh5UTgRVM"
            },
            "coords": [
                [
                    18.07492,
                    59.32616
                ],
                [
                    18.07494,
                    59.32614
                ],
                [
                    18.07487,
                    59.32613
                ],
                [
                    18.07466,
                    59.32633
                ],
                [
                    18.07439,
                    59.32648
                ],
                [
                    18.07434,
                    59.32652
                ],
                [
                    18.07446,
                    59.32656
                ],
                [
                    18.07466,
                    59.32662
                ],
                [
                    18.07453,
                    59.32672
                ],
                [
                    18.07446,
                    59.32679
                ],
                [
                    18.073,
                    59.32804
                ],
                [
                    18.07287,
                    59.32805
                ],
                [
                    18.07274,
                    59.32805
                ],
                [
                    18.07253,
                    59.32802
                ],
                [
                    18.0722,
                    59.3279
                ],
                [
                    18.07111,
                    59.32755
                ],
                [
                    18.07117,
                    59.3275
                ],
                [
                    18.07111,
                    59.32748
                ]
            ]
        }
    ]
}