{
    "city": 1,
    "initialStart": [
        18.05523,
        59.31509
    ],
    "trips": [
        {
            "summary": {
                "distance": 658.5,
                "duration": 107.8
            },
            "user": {
                "id": 425,
                "token": "eyJhbGciOiJIUzI1NiIsInR5cCI6IkpXVCJ9.eyJpZCI6NDI1LCJyb2xlIjoidXNlciIsImlhdCI6MTcwMjkxMzg1NCwiZXhwIjoxNzM0NDQ5ODU0fQ.qoufl1jUFbHqsre1_QxaBvVtkcnP3Upj3T8afXnMs1E"
            },
            "coords": [
                [
                    18.05523,
                    59.31509
                ],
                [
                    18.05359,
                    59.31488
                ],
                [
                    18.05282,
                    59.31479
                ],
                [
                    18.05236,
                    59.31472
                ],
                [
                    18.0523,
                    59.31467
                ],
                [
                    18.05228,
                    59.3146
                ],
                [
                    18.05232,
                    59.31453
                ],
                [
                    18.05243,
                    59.31449
                ],
                [
                    18.05279,
                    59.31443
                ],
                [
                    18.054,
                    59.31423
                ],
                [
                    18.05501,
                    59.31407
                ],
                [
                    18.05662,
                    59.31379
                ],
                [
                    18.05687,
                    59.31374
                ],
                [
                    18.05704,
                    59.31373
                ],
                [
                    18.05719,
                    59.31375
                ],
                [
                    18.05724,
                    59.31367
                ],
                [
                    18.05727,
                    59.3136
                ],
                [
                    18.0574,
                    59.3136
                ],
                [
                    18.05802,
                    59.31356
                ],
                [
                    18.05861,
                    59.31361
                ],
                [
                    18.05872,
                    59.31363
                ],
                [
                    18.05902,
                    59.31359
                ],
                [
                    18.05922,
                    59.31354
                ],
                [
                    18.05924,
                    59.3135
                ],
                [
                    18.05961,
                    59.31355
                ],
                [
                    18.05973,
                    59.31371
                ]
            ]
        }
    ]
}