{
    "city": 1,
    "initialStart": [
        18.05183,
        59.33166
    ],
    "trips": [
        {
            "summary": {
                "distance": 734.5,
                "duration": 120.2
            },
            "user": {
                "id": 432,
                "token": "eyJhbGciOiJIUzI1NiIsInR5cCI6IkpXVCJ9.eyJpZCI6NDMyLCJyb2xlIjoidXNlciIsImlhdCI6MTcwMjkxMzg1NiwiZXhwIjoxNzM0NDQ5ODU2fQ.vPkS-Qzo8tP0koXjWOFoT6Bgz8gUmrFXP3AfLOijt9E"
            },
            "coords": [
                [
                    18.05183,
                    59.33166
                ],
                [
                    18.05223,
                    59.33125
                ],
                [
                    18.0523,
                    59.33117
                ],
                [
                    18.05237,
                    59.3311
                ],
                [
                    18.0533,
                    59.33017
                ],
                [
                    18.05335,
                    59.3301
                ],
                [
                    18.05336,
                    59.33008
                ],
                [
                    18.0534,
                    59.32998
                ],
                [
                    18.05325,
                    59.32994
                ],
                [
                    18.0532,
                    59.32993
                ],
                [
                    18.05211,
                    59.32966
                ],
                [
                    18.05186,
                    59.32964
                ],
                [
                    18.05146,
                    59.32967
                ],
                [
                    18.05134,
                    59.32968
                ],
                [
                    18.05114,
                    59.32969
                ],
                [
                    18.051,
                    59.32973
                ],
                [
                    18.05093,
                    59.32971
                ],
                [
                    18.05083,
                    59.32968
                ],
                [
                    18.0506,
                    59.32971
                ],
                [
                    18.05052,
                    59.32977
                ],
                [
                    18.05043,
                    59.32967
                ],
                [
                    18.05036,
                    59.32944
                ],
                [
                    18.05038,
                    59.3294
                ],
                [
                    18.05024,
                    59.32897
                ],
                [
                    18.04929,
                    59.3291
                ],
                [
                    18.04907,
                    59.32913
                ],
                [
                    18.049,
                    59.32918
                ],
                [
                    18.04903,
                    59.32923
                ],
                [
                    18.04932,
                    59.32982
                ],
                [
                    18.0494,
                    59.32998
                ],
                [
                    18.04884,
                    59.33005
                ],
                [
                    18.04872,
                    59.33007
                ],
                [
                    18.04862,
                    59.33008
                ],
                [
                    18.04821,
                    59.33014
                ],
                [
                    18.04804,
                    59.33016
                ],
                [
                    18.04786,
                    59.33018
                ]
            ]
        }
    ]
}