{
    "city": 1,
    "initialStart": [
        18.05601,
        59.35036
    ],
    "trips": [
        {
            "summary": {
                "distance": 369.8,
                "duration": 75.5
            },
            "user": {
                "id": 440,
                "token": "eyJhbGciOiJIUzI1NiIsInR5cCI6IkpXVCJ9.eyJpZCI6NDQwLCJyb2xlIjoidXNlciIsImlhdCI6MTcwMjkxMzg1OCwiZXhwIjoxNzM0NDQ5ODU4fQ.FjVWXDyQJOO2e9ouVRzCd6wm-Jwa39gE_iOT53P2z1s"
            },
            "coords": [
                [
                    18.05601,
                    59.35036
                ],
                [
                    18.05611,
                    59.35024
                ],
                [
                    18.05619,
                    59.35026
                ],
                [
                    18.0556,
                    59.35087
                ],
                [
                    18.05538,
                    59.35099
                ],
                [
                    18.05534,
                    59.35101
                ],
                [
                    18.05503,
                    59.35097
                ],
                [
                    18.055,
                    59.35104
                ],
                [
                    18.05496,
                    59.35112
                ],
                [
                    18.05493,
                    59.35118
                ],
                [
                    18.0549,
                    59.35124
                ],
                [
                    18.0548,
                    59.35121
                ],
                [
                    18.0544,
                    59.35113
                ],
                [
                    18.05364,
                    59.35102
                ],
                [
                    18.05288,
                    59.35093
                ],
                [
                    18.05256,
                    59.35086
                ],
                [
                    18.05236,
                    59.35098
                ],
                [
                    18.05159,
                    59.3508
                ]
            ]
        }
    ]
}