{
    "city": 1,
    "initialStart": [
        18.03238,
        59.31966
    ],
    "trips": [
        {
            "summary": {
                "distance": 609.7,
                "duration": 99.8
            },
            "user": {
                "id": 442,
                "token": "eyJhbGciOiJIUzI1NiIsInR5cCI6IkpXVCJ9.eyJpZCI6NDQyLCJyb2xlIjoidXNlciIsImlhdCI6MTcwMjkxMzkxOSwiZXhwIjoxNzM0NDQ5OTE5fQ.wcjCRSImU5-c-mphB7rSjiH6IxRGnWIn5H5nu1oGLk8"
            },
            "coords": [
                [
                    18.03238,
                    59.31966
                ],
                [
                    18.03217,
                    59.31963
                ],
                [
                    18.03193,
                    59.31963
                ],
                [
                    18.03146,
                    59.31957
                ],
                [
                    18.03135,
                    59.31952
                ],
                [
                    18.03122,
                    59.31949
                ],
                [
                    18.03089,
                    59.31945
                ],
                [
                    18.03069,
                    59.31946
                ],
                [
                    18.03043,
                    59.31943
                ],
                [
                    18.03028,
                    59.3194
                ],
                [
                    18.03,
                    59.31932
                ],
                [
                    18.02912,
                    59.31921
                ],
                [
                    18.02864,
                    59.31916
                ],
                [
                    18.02851,
                    59.31911
                ],
                [
                    18.02841,
                    59.31903
                ],
                [
                    18.02834,
                    59.319
                ],
                [
                    18.02823,
                    59.31899
                ],
                [
                    18.02828,
                    59.31878
                ],
                [
                    18.0284,
                    59.31839
                ],
                [
                    18.0286,
                    59.3184
                ],
                [
                    18.03023,
                    59.3185
                ],
                [
                    18.03042,
                    59.3185
                ],
                [
                    18.0306,
                    59.31847
                ],
                [
                    18.03064,
                    59.31837
                ],
                [
                    18.03071,
                    59.31824
                ],
                [
                    18.03101,
                    59.31761
                ],
                [
                    18.03211,
                    59.31774
                ]
            ]
        }
    ]
}