{
    "city": 1,
    "initialStart": [
        18.06667,
        59.33723
    ],
    "trips": [
        {
            "summary": {
                "distance": 351.8,
                "duration": 75.3
            },
            "user": {
                "id": 445,
                "token": "eyJhbGciOiJIUzI1NiIsInR5cCI6IkpXVCJ9.eyJpZCI6NDQ1LCJyb2xlIjoidXNlciIsImlhdCI6MTcwMjkxMzkyMCwiZXhwIjoxNzM0NDQ5OTIwfQ.dIn6SYiFjWMELybzrTeKbZ3pH7Z1n02JTA5KY24CKc0"
            },
            "coords": [
                [
                    18.06667,
                    59.33723
                ],
                [
                    18.06626,
                    59.33723
                ],
                [
                    18.06511,
                    59.33718
                ],
                [
                    18.06471,
                    59.33712
                ],
                [
                    18.06431,
                    59.33703
                ],
                [
                    18.06418,
                    59.33699
                ],
                [
                    18.0638,
                    59.33689
                ],
                [
                    18.06289,
                    59.33665
                ],
                [
                    18.06276,
                    59.33661
                ],
                [
                    18.06263,
                    59.33658
                ],
                [
                    18.06257,
                    59.33665
                ],
                [
                    18.06242,
                    59.33662
                ],
                [
                    18.0625,
                    59.33651
                ],
                [
                    18.06236,
                    59.33647
                ],
                [
                    18.06182,
                    59.33633
                ],
                [
                    18.06174,
                    59.33628
                ],
                [
                    18.0618,
                    59.33621
                ],
                [
                    18.06185,
                    59.33623
                ],
                [
                    18.06196,
                    59.33611
                ]
            ]
        }
    ]
}