{
    "city": 1,
    "initialStart": [
        18.01689,
        59.33228
    ],
    "trips": [
        {
            "summary": {
                "distance": 566.6,
                "duration": 92.7
            },
            "user": {
                "id": 449,
                "token": "eyJhbGciOiJIUzI1NiIsInR5cCI6IkpXVCJ9.eyJpZCI6NDQ5LCJyb2xlIjoidXNlciIsImlhdCI6MTcwMjkxMzkyMiwiZXhwIjoxNzM0NDQ5OTIyfQ.uJ0UCTV8Fye90CtagaY-ZLS--_XohHNjSUHYBUm3a9I"
            },
            "coords": [
                [
                    18.01689,
                    59.33228
                ],
                [
                    18.0175,
                    59.33196
                ],
                [
                    18.01751,
                    59.33188
                ],
                [
                    18.01753,
                    59.33181
                ],
                [
                    18.01834,
                    59.33185
                ],
                [
                    18.01853,
                    59.33187
                ],
                [
                    18.01887,
                    59.33194
                ],
                [
                    18.01889,
                    59.3319
                ],
                [
                    18.01887,
                    59.33183
                ],
                [
                    18.01885,
                    59.33178
                ],
                [
                    18.01884,
                    59.33169
                ],
                [
                    18.01887,
                    59.33155
                ],
                [
                    18.0189,
                    59.33149
                ],
                [
                    18.01897,
                    59.33139
                ],
                [
                    18.01833,
                    59.33133
                ],
                [
                    18.01673,
                    59.33119
                ],
                [
                    18.01571,
                    59.33113
                ],
                [
                    18.0147,
                    59.33107
                ],
                [
                    18.01465,
                    59.33107
                ],
                [
                    18.01366,
                    59.33106
                ],
                [
                    18.01288,
                    59.33103
                ],
                [
                    18.01269,
                    59.33101
                ]
            ]
        }
    ]
}