{
    "city": 1,
    "initialStart": [
        18.06434,
        59.3317
    ],
    "trips": [
        {
            "summary": {
                "distance": 1056.6,
                "duration": 265.6
            },
            "user": {
                "id": 45,
                "token": "eyJhbGciOiJIUzI1NiIsInR5cCI6IkpXVCJ9.eyJpZCI6NDUsInJvbGUiOiJ1c2VyIiwiaWF0IjoxNzAyODg5MzYzLCJleHAiOjE3MzQ0MjUzNjN9.J4tbbwQfv-D8VYeX3XP079L6nt5xpsYgx5Kx0RY6aTg"
            },
            "coords": [
                [
                    18.06434,
                    59.3317
                ],
                [
                    18.06493,
                    59.33185
                ],
                [
                    18.06491,
                    59.33187
                ],
                [
                    18.06525,
                    59.33195
                ],
                [
                    18.06524,
                    59.33196
                ],
                [
                    18.06505,
                    59.33216
                ],
                [
                    18.06502,
                    59.33219
                ],
                [
                    18.06497,
                    59.33225
                ],
                [
                    18.06436,
                    59.33247
                ],
                [
                    18.06439,
                    59.33251
                ],
                [
                    18.0644,
                    59.33252
                ],
                [
                    18.0646,
                    59.33245
                ],
                [
                    18.06494,
                    59.33232
                ],
                [
                    18.06505,
                    59.33231
                ],
                [
                    18.06521,
                    59.33231
                ],
                [
                    18.06541,
                    59.33234
                ],
                [
                    18.06565,
                    59.33241
                ],
                [
                    18.06581,
                    59.33245
                ],
                [
                    18.0658,
                    59.33245
                ],
                [
                    18.0658,
                    59.33247
                ],
                [
                    18.06578,
                    59.3325
                ],
                [
                    18.0658,
                    59.33258
                ],
                [
                    18.06579,
                    59.33262
                ],
                [
                    18.06578,
                    59.33267
                ],
                [
                    18.06576,
                    59.33268
                ],
                [
                    18.06565,
                    59.33289
                ],
                [
                    18.06564,
                    59.33294
                ],
                [
                    18.06538,
                    59.33332
                ],
                [
                    18.06529,
                    59.33337
                ],
                [
                    18.0651,
                    59.33367
                ],
                [
                    18.06467,
                    59.33439
                ],
                [
                    18.06456,
                    59.33447
                ],
                [
                    18.06431,
                    59.33486
                ],
                [
                    18.06421,
                    59.33503
                ],
                [
                    18.06384,
                    59.33541
                ],
                [
                    18.06367,
                    59.33557
                ],
                [
                    18.06347,
                    59.33553
                ],
                [
                    18.06327,
                    59.33549
                ],
                [
                    18.06266,
                    59.33535
                ],
                [
                    18.06197,
                    59.33517
                ],
                [
                    18.06186,
                    59.33514
                ],
                [
                    18.05946,
                    59.33452
                ],
                [
                    18.05938,
                    59.3345
                ],
                [
                    18.05941,
                    59.33443
                ],
                [
                    18.0599,
                    59.33394
                ],
                [
                    18.05992,
                    59.33392
                ],
                [
                    18.06049,
                    59.33334
                ],
                [
                    18.06051,
                    59.33332
                ],
                [
                    18.06102,
                    59.33345
                ]
            ]
        }
    ]
}