{
    "city": 1,
    "initialStart": [
        18.09808,
        59.33762
    ],
    "trips": [
        {
            "summary": {
                "distance": 764.2,
                "duration": 158.9
            },
            "user": {
                "id": 452,
                "token": "eyJhbGciOiJIUzI1NiIsInR5cCI6IkpXVCJ9.eyJpZCI6NDUyLCJyb2xlIjoidXNlciIsImlhdCI6MTcwMjkxMzk4MywiZXhwIjoxNzM0NDQ5OTgzfQ.U74O4krnPJ0-Egui4iOkXOJEHnA6-FGS_UPkVnE9HRQ"
            },
            "coords": [
                [
                    18.09808,
                    59.33762
                ],
                [
                    18.09798,
                    59.33756
                ],
                [
                    18.09798,
                    59.33761
                ],
                [
                    18.09789,
                    59.33766
                ],
                [
                    18.09775,
                    59.33771
                ],
                [
                    18.09748,
                    59.33774
                ],
                [
                    18.09716,
                    59.33783
                ],
                [
                    18.09705,
                    59.33787
                ],
                [
                    18.09715,
                    59.33792
                ],
                [
                    18.0979,
                    59.33878
                ],
                [
                    18.09795,
                    59.33884
                ],
                [
                    18.09853,
                    59.33871
                ],
                [
                    18.09863,
                    59.33869
                ],
                [
                    18.0992,
                    59.33856
                ],
                [
                    18.09989,
                    59.3384
                ],
                [
                    18.10032,
                    59.3383
                ],
                [
                    18.10057,
                    59.33825
                ],
                [
                    18.10065,
                    59.33834
                ],
                [
                    18.10072,
                    59.33843
                ],
                [
                    18.10083,
                    59.3384
                ],
                [
                    18.10237,
                    59.33806
                ],
                [
                    18.10241,
                    59.33805
                ],
                [
                    18.10237,
                    59.3379
                ],
                [
                    18.10236,
                    59.33786
                ],
                [
                    18.10235,
                    59.3378
                ],
                [
                    18.10239,
                    59.33777
                ],
                [
                    18.10249,
                    59.33774
                ],
                [
                    18.10248,
                    59.33771
                ],
                [
                    18.10244,
                    59.33766
                ],
                [
                    18.10171,
                    59.33677
                ],
                [
                    18.10165,
                    59.33666
                ],
                [
                    18.10167,
                    59.33657
                ],
                [
                    18.10107,
                    59.33589
                ],
                [
                    18.10097,
                    59.33591
                ],
                [
                    18.10087,
                    59.3358
                ]
            ]
        }
    ]
}