{
    "city": 1,
    "initialStart": [
        18.04752,
        59.30958
    ],
    "trips": [
        {
            "summary": {
                "distance": 283.8,
                "duration": 54
            },
            "user": {
                "id": 463,
                "token": "eyJhbGciOiJIUzI1NiIsInR5cCI6IkpXVCJ9.eyJpZCI6NDYzLCJyb2xlIjoidXNlciIsImlhdCI6MTcwMjkxMzk4NywiZXhwIjoxNzM0NDQ5OTg3fQ.Y71kVJLDty7lDElBoeryRE4hXYnbV-_AGi2wmi8jdkY"
            },
            "coords": [
                [
                    18.04752,
                    59.30958
                ],
                [
                    18.04731,
                    59.3096
                ],
                [
                    18.04701,
                    59.3096
                ],
                [
                    18.04686,
                    59.30957
                ],
                [
                    18.04652,
                    59.30959
                ],
                [
                    18.04628,
                    59.30963
                ],
                [
                    18.04614,
                    59.30969
                ],
                [
                    18.04573,
                    59.30993
                ],
                [
                    18.04563,
                    59.31002
                ],
                [
                    18.04567,
                    59.3101
                ],
                [
                    18.04547,
                    59.31016
                ],
                [
                    18.04535,
                    59.3102
                ],
                [
                    18.04529,
                    59.31022
                ],
                [
                    18.04513,
                    59.31028
                ],
                [
                    18.04519,
                    59.31047
                ],
                [
                    18.04515,
                    59.31055
                ],
                [
                    18.04526,
                    59.3106
                ],
                [
                    18.04527,
                    59.31083
                ],
                [
                    18.04532,
                    59.31097
                ],
                [
                    18.04539,
                    59.311
                ],
                [
                    18.04571,
                    59.31113
                ]
            ]
        }
    ]
}