{
    "city": 1,
    "initialStart": [
        18.07883,
        59.30475
    ],
    "trips": [
        {
            "summary": {
                "distance": 653.2,
                "duration": 113.5
            },
            "user": {
                "id": 464,
                "token": "eyJhbGciOiJIUzI1NiIsInR5cCI6IkpXVCJ9.eyJpZCI6NDY0LCJyb2xlIjoidXNlciIsImlhdCI6MTcwMjkxMzk4NywiZXhwIjoxNzM0NDQ5OTg3fQ.f3-TMwezN6pkJefDm6PYe6bySbiEU2DaXBqk-nQRGjg"
            },
            "coords": [
                [
                    18.07883,
                    59.30475
                ],
                [
                    18.07827,
                    59.3056
                ],
                [
                    18.07814,
                    59.30573
                ],
                [
                    18.07819,
                    59.30575
                ],
                [
                    18.07831,
                    59.30579
                ],
                [
                    18.07838,
                    59.30582
                ],
                [
                    18.07821,
                    59.30594
                ],
                [
                    18.07788,
                    59.30631
                ],
                [
                    18.07791,
                    59.30636
                ],
                [
                    18.07784,
                    59.30639
                ],
                [
                    18.07794,
                    59.30647
                ],
                [
                    18.0783,
                    59.30662
                ],
                [
                    18.07824,
                    59.30673
                ],
                [
                    18.07823,
                    59.30686
                ],
                [
                    18.079,
                    59.30786
                ],
                [
                    18.07897,
                    59.30794
                ],
                [
                    18.07943,
                    59.308
                ],
                [
                    18.0796,
                    59.30801
                ],
                [
                    18.07974,
                    59.30801
                ],
                [
                    18.07976,
                    59.30796
                ],
                [
                    18.0803,
                    59.30689
                ],
                [
                    18.08046,
                    59.30655
                ],
                [
                    18.07973,
                    59.30646
                ]
            ]
        }
    ]
}