{
    "city": 1,
    "initialStart": [
        18.00106,
        59.32525
    ],
    "trips": [
        {
            "summary": {
                "distance": 1751.9,
                "duration": 336.5
            },
            "user": {
                "id": 47,
                "token": "eyJhbGciOiJIUzI1NiIsInR5cCI6IkpXVCJ9.eyJpZCI6NDcsInJvbGUiOiJ1c2VyIiwiaWF0IjoxNzAyODg5MzY0LCJleHAiOjE3MzQ0MjUzNjR9.QSWmDIQb0qdnotiPhXg4ofzAkMGGD0WSP-yBa5AsgvE"
            },
            "coords": [
                [
                    18.00106,
                    59.32525
                ],
                [
                    18.00116,
                    59.32521
                ],
                [
                    18.00115,
                    59.32512
                ],
                [
                    18.00119,
                    59.32509
                ],
                [
                    18.00128,
                    59.32506
                ],
                [
                    18.00143,
                    59.32505
                ],
                [
                    18.00155,
                    59.3251
                ],
                [
                    18.00158,
                    59.32514
                ],
                [
                    18.00158,
                    59.3252
                ],
                [
                    18.00154,
                    59.32523
                ],
                [
                    18.0014,
                    59.32528
                ],
                [
                    18.0015,
                    59.32536
                ],
                [
                    18.00183,
                    59.32553
                ],
                [
                    18.00284,
                    59.32592
                ],
                [
                    18.00347,
                    59.32618
                ],
                [
                    18.00367,
                    59.32622
                ],
                [
                    18.00382,
                    59.32622
                ],
                [
                    18.00396,
                    59.32619
                ],
                [
                    18.00406,
                    59.32611
                ],
                [
                    18.00407,
                    59.32603
                ],
                [
                    18.00404,
                    59.32594
                ],
                [
                    18.004,
                    59.32584
                ],
                [
                    18.00484,
                    59.32569
                ],
                [
                    18.00586,
                    59.32555
                ],
                [
                    18.00628,
                    59.32554
                ],
                [
                    18.00708,
                    59.32561
                ],
                [
                    18.00751,
                    59.32565
                ],
                [
                    18.00784,
                    59.32566
                ],
                [
                    18.00822,
                    59.32561
                ],
                [
                    18.00837,
                    59.32552
                ],
                [
                    18.00846,
                    59.32542
                ],
                [
                    18.00871,
                    59.32549
                ],
                [
                    18.0088,
                    59.32551
                ],
                [
                    18.00934,
                    59.32564
                ],
                [
                    18.00948,
                    59.32561
                ],
                [
                    18.01059,
                    59.32589
                ],
                [
                    18.01234,
                    59.3263
                ],
                [
                    18.01276,
                    59.32641
                ],
                [
                    18.01347,
                    59.32656
                ],
                [
                    18.01343,
                    59.32661
                ],
                [
                    18.01339,
                    59.32667
                ],
                [
                    18.01332,
                    59.32677
                ],
                [
                    18.01312,
                    59.32688
                ],
                [
                    18.01307,
                    59.32694
                ],
                [
                    18.01309,
                    59.32722
                ],
                [
                    18.01206,
                    59.32725
                ],
                [
                    18.01187,
                    59.32726
                ],
                [
                    18.01109,
                    59.32728
                ],
                [
                    18.01112,
                    59.327
                ],
                [
                    18.01105,
                    59.32694
                ],
                [
                    18.01098,
                    59.32692
                ],
                [
                    18.00996,
                    59.32693
                ],
                [
                    18.00978,
                    59.32694
                ],
                [
                    18.00961,
                    59.32698
                ],
                [
                    18.00777,
                    59.32751
                ],
                [
                    18.00602,
                    59.32794
                ],
                [
                    18.00442,
                    59.32832
                ],
                [
                    18.00321,
                    59.32859
                ],
                [
                    18.00313,
                    59.32849
                ],
                [
                    18.00417,
                    59.32812
                ],
                [
                    18.00448,
                    59.32804
                ],
                [
                    18.00451,
                    59.32802
                ],
                [
                    18.00453,
                    59.32799
                ],
                [
                    18.00466,
                    59.32792
                ],
                [
                    18.00461,
                    59.32787
                ],
                [
                    18.00425,
                    59.32787
                ],
                [
                    18.0042,
                    59.32785
                ]
            ]
        }
    ]
}