{
    "city": 1,
    "initialStart": [
        18.05134,
        59.35275
    ],
    "trips": [
        {
            "summary": {
                "distance": 342.4,
                "duration": 56
            },
            "user": {
                "id": 471,
                "token": "eyJhbGciOiJIUzI1NiIsInR5cCI6IkpXVCJ9.eyJpZCI6NDcxLCJyb2xlIjoidXNlciIsImlhdCI6MTcwMjkxMzk5MCwiZXhwIjoxNzM0NDQ5OTkwfQ.uqCiuIj0q8PsgHjunX3NBf1_Z2IpVq9HHFEgNSzD9ro"
            },
            "coords": [
                [
                    18.05134,
                    59.35275
                ],
                [
                    18.05118,
                    59.35287
                ],
                [
                    18.05112,
                    59.35299
                ],
                [
                    18.05113,
                    59.35315
                ],
                [
                    18.05098,
                    59.35331
                ],
                [
                    18.05091,
                    59.35333
                ],
                [
                    18.05086,
                    59.35335
                ],
                [
                    18.05075,
                    59.35336
                ],
                [
                    18.05063,
                    59.35335
                ],
                [
                    18.05052,
                    59.35331
                ],
                [
                    18.05019,
                    59.35313
                ],
                [
                    18.04999,
                    59.35306
                ],
                [
                    18.04932,
                    59.35287
                ],
                [
                    18.04906,
                    59.35281
                ],
                [
                    18.04867,
                    59.3528
                ],
                [
                    18.04856,
                    59.35282
                ],
                [
                    18.04848,
                    59.35286
                ],
                [
                    18.04828,
                    59.35283
                ],
                [
                    18.04764,
                    59.3527
                ],
                [
                    18.04744,
                    59.35265
                ],
                [
                    18.04726,
                    59.35255
                ],
                [
                    18.04681,
                    59.3524
                ]
            ]
        }
    ]
}