{
    "city": 1,
    "initialStart": [
        18.07512,
        59.30591
    ],
    "trips": [
        {
            "summary": {
                "distance": 526.6,
                "duration": 86.2
            },
            "user": {
                "id": 474,
                "token": "eyJhbGciOiJIUzI1NiIsInR5cCI6IkpXVCJ9.eyJpZCI6NDc0LCJyb2xlIjoidXNlciIsImlhdCI6MTcwMjkxMzk5MSwiZXhwIjoxNzM0NDQ5OTkxfQ.kQv-v25tmPMpd1e_s5uKBJPdL0NqGXF3hb_tATk6uIU"
            },
            "coords": [
                [
                    18.07512,
                    59.30591
                ],
                [
                    18.07498,
                    59.30594
                ],
                [
                    18.07445,
                    59.3062
                ],
                [
                    18.07438,
                    59.30623
                ],
                [
                    18.07425,
                    59.30623
                ],
                [
                    18.07425,
                    59.30621
                ],
                [
                    18.07429,
                    59.30598
                ],
                [
                    18.07447,
                    59.30554
                ],
                [
                    18.07448,
                    59.30552
                ],
                [
                    18.07467,
                    59.30519
                ],
                [
                    18.07505,
                    59.30466
                ],
                [
                    18.07515,
                    59.30454
                ],
                [
                    18.07509,
                    59.30422
                ],
                [
                    18.07565,
                    59.30384
                ],
                [
                    18.07583,
                    59.30375
                ],
                [
                    18.07601,
                    59.30369
                ],
                [
                    18.07623,
                    59.30365
                ],
                [
                    18.07646,
                    59.30363
                ],
                [
                    18.07681,
                    59.30365
                ],
                [
                    18.07707,
                    59.30369
                ],
                [
                    18.07743,
                    59.30376
                ],
                [
                    18.07728,
                    59.30386
                ],
                [
                    18.07693,
                    59.3043
                ]
            ]
        }
    ]
}