{
    "city": 1,
    "initialStart": [
        18.01767,
        59.33051
    ],
    "trips": [
        {
            "summary": {
                "distance": 944.7,
                "duration": 184.8
            },
            "user": {
                "id": 475,
                "token": "eyJhbGciOiJIUzI1NiIsInR5cCI6IkpXVCJ9.eyJpZCI6NDc1LCJyb2xlIjoidXNlciIsImlhdCI6MTcwMjkxMzk5MSwiZXhwIjoxNzM0NDQ5OTkxfQ.3Sn1oDucTM8U-poVZw8fVDCHQYDtitwA2KN9tkOB1TI"
            },
            "coords": [
                [
                    18.01767,
                    59.33051
                ],
                [
                    18.01806,
                    59.33031
                ],
                [
                    18.01836,
                    59.33025
                ],
                [
                    18.01888,
                    59.33014
                ],
                [
                    18.01916,
                    59.32998
                ],
                [
                    18.01912,
                    59.32946
                ],
                [
                    18.01938,
                    59.32937
                ],
                [
                    18.01947,
                    59.32933
                ],
                [
                    18.01957,
                    59.32929
                ],
                [
                    18.01967,
                    59.32934
                ],
                [
                    18.01972,
                    59.32937
                ],
                [
                    18.02029,
                    59.3297
                ],
                [
                    18.02045,
                    59.32979
                ],
                [
                    18.0206,
                    59.32981
                ],
                [
                    18.02064,
                    59.32988
                ],
                [
                    18.02071,
                    59.32993
                ],
                [
                    18.02112,
                    59.3302
                ],
                [
                    18.02133,
                    59.33033
                ],
                [
                    18.02165,
                    59.33043
                ],
                [
                    18.02163,
                    59.33064
                ],
                [
                    18.02166,
                    59.33077
                ],
                [
                    18.02172,
                    59.33094
                ],
                [
                    18.02154,
                    59.33099
                ],
                [
                    18.02122,
                    59.33109
                ],
                [
                    18.02034,
                    59.33137
                ],
                [
                    18.02029,
                    59.33139
                ],
                [
                    18.02038,
                    59.33146
                ],
                [
                    18.02048,
                    59.33158
                ],
                [
                    18.0209,
                    59.3316
                ],
                [
                    18.02271,
                    59.33166
                ],
                [
                    18.02352,
                    59.3317
                ],
                [
                    18.02364,
                    59.33168
                ],
                [
                    18.02311,
                    59.33095
                ],
                [
                    18.0231,
                    59.33083
                ],
                [
                    18.02236,
                    59.32985
                ]
            ]
        }
    ]
}