{
    "city": 1,
    "initialStart": [
        18.08366,
        59.33768
    ],
    "trips": [
        {
            "summary": {
                "distance": 360.2,
                "duration": 100.1
            },
            "user": {
                "id": 476,
                "token": "eyJhbGciOiJIUzI1NiIsInR5cCI6IkpXVCJ9.eyJpZCI6NDc2LCJyb2xlIjoidXNlciIsImlhdCI6MTcwMjkxMzk5MiwiZXhwIjoxNzM0NDQ5OTkyfQ.feryhEbO7sjJttbzVDyj-vVLPOEkMF9B-CCz2zuGKqU"
            },
            "coords": [
                [
                    18.08366,
                    59.33768
                ],
                [
                    18.08373,
                    59.33776
                ],
                [
                    18.08369,
                    59.33779
                ],
                [
                    18.08374,
                    59.33784
                ],
                [
                    18.08296,
                    59.338
                ],
                [
                    18.08284,
                    59.33803
                ],
                [
                    18.08272,
                    59.33805
                ],
                [
                    18.08189,
                    59.33822
                ],
                [
                    18.08174,
                    59.33824
                ],
                [
                    18.08158,
                    59.33827
                ],
                [
                    18.08051,
                    59.33849
                ],
                [
                    18.08035,
                    59.33853
                ],
                [
                    18.08028,
                    59.33844
                ],
                [
                    18.08017,
                    59.33847
                ],
                [
                    18.07984,
                    59.33805
                ],
                [
                    18.07897,
                    59.33825
                ],
                [
                    18.07886,
                    59.33826
                ],
                [
                    18.07882,
                    59.33821
                ]
            ]
        }
    ]
}