{
    "city": 1,
    "initialStart": [
        18.05193,
        59.3088
    ],
    "trips": [
        {
            "summary": {
                "distance": 830.3,
                "duration": 174.5
            },
            "user": {
                "id": 477,
                "token": "eyJhbGciOiJIUzI1NiIsInR5cCI6IkpXVCJ9.eyJpZCI6NDc3LCJyb2xlIjoidXNlciIsImlhdCI6MTcwMjkxMzk5MiwiZXhwIjoxNzM0NDQ5OTkyfQ.fpRIOm4cMJEfC8Nq6iFunt4CcyWQj111JVS8TA_wYMI"
            },
            "coords": [
                [
                    18.05193,
                    59.3088
                ],
                [
                    18.05208,
                    59.3088
                ],
                [
                    18.05237,
                    59.30883
                ],
                [
                    18.05246,
                    59.3089
                ],
                [
                    18.05251,
                    59.30903
                ],
                [
                    18.05284,
                    59.309
                ],
                [
                    18.05295,
                    59.30891
                ],
                [
                    18.05287,
                    59.30867
                ],
                [
                    18.05313,
                    59.3086
                ],
                [
                    18.05326,
                    59.30859
                ],
                [
                    18.05333,
                    59.30885
                ],
                [
                    18.05362,
                    59.30878
                ],
                [
                    18.05404,
                    59.30873
                ],
                [
                    18.05419,
                    59.30876
                ],
                [
                    18.05455,
                    59.30876
                ],
                [
                    18.05501,
                    59.30871
                ],
                [
                    18.05554,
                    59.30865
                ],
                [
                    18.05595,
                    59.30872
                ],
                [
                    18.05661,
                    59.30868
                ],
                [
                    18.05682,
                    59.30866
                ],
                [
                    18.05721,
                    59.30864
                ],
                [
                    18.05752,
                    59.30865
                ],
                [
                    18.05774,
                    59.3087
                ],
                [
                    18.05804,
                    59.30873
                ],
                [
                    18.0586,
                    59.30871
                ],
                [
                    18.05867,
                    59.30872
                ],
                [
                    18.05876,
                    59.30874
                ],
                [
                    18.05881,
                    59.30892
                ],
                [
                    18.05882,
                    59.30896
                ],
                [
                    18.05885,
                    59.30904
                ],
                [
                    18.05883,
                    59.30912
                ],
                [
                    18.05877,
                    59.30922
                ],
                [
                    18.05865,
                    59.30933
                ],
                [
                    18.05864,
                    59.30939
                ],
                [
                    18.05866,
                    59.30943
                ],
                [
                    18.05877,
                    59.3097
                ],
                [
                    18.05886,
                    59.30976
                ],
                [
                    18.05865,
                    59.30984
                ],
                [
                    18.05846,
                    59.30993
                ],
                [
                    18.05784,
                    59.31012
                ],
                [
                    18.05766,
                    59.31015
                ],
                [
                    18.05713,
                    59.3102
                ],
                [
                    18.05679,
                    59.31023
                ],
                [
                    18.05676,
                    59.31013
                ],
                [
                    18.05601,
                    59.31019
                ],
                [
                    18.05597,
                    59.31007
                ],
                [
                    18.05658,
                    59.31002
                ]
            ]
        }
    ]
}