{
    "city": 1,
    "initialStart": [
        18.03865,
        59.34013
    ],
    "trips": [
        {
            "summary": {
                "distance": 469.7,
                "duration": 76.9
            },
            "user": {
                "id": 478,
                "token": "eyJhbGciOiJIUzI1NiIsInR5cCI6IkpXVCJ9.eyJpZCI6NDc4LCJyb2xlIjoidXNlciIsImlhdCI6MTcwMjkxMzk5MywiZXhwIjoxNzM0NDQ5OTkzfQ.MN1UyfZQQR4JmcK5l-b9qVrfqPFPbXS2r_OaTIuzQb0"
            },
            "coords": [
                [
                    18.03865,
                    59.34013
                ],
                [
                    18.03884,
                    59.33991
                ],
                [
                    18.0389,
                    59.33986
                ],
                [
                    18.03901,
                    59.33988
                ],
                [
                    18.03908,
                    59.3399
                ],
                [
                    18.03902,
                    59.33996
                ],
                [
                    18.03818,
                    59.34093
                ],
                [
                    18.03812,
                    59.34096
                ],
                [
                    18.03807,
                    59.34098
                ],
                [
                    18.03795,
                    59.34111
                ],
                [
                    18.03783,
                    59.34125
                ],
                [
                    18.03779,
                    59.3413
                ],
                [
                    18.03772,
                    59.34142
                ],
                [
                    18.03768,
                    59.34148
                ],
                [
                    18.03765,
                    59.34152
                ],
                [
                    18.03726,
                    59.34194
                ],
                [
                    18.03694,
                    59.34235
                ],
                [
                    18.03686,
                    59.34245
                ],
                [
                    18.03678,
                    59.34254
                ],
                [
                    18.03671,
                    59.34254
                ],
                [
                    18.03658,
                    59.34253
                ],
                [
                    18.0365,
                    59.34253
                ],
                [
                    18.03637,
                    59.34252
                ],
                [
                    18.03621,
                    59.34251
                ],
                [
                    18.03611,
                    59.34248
                ],
                [
                    18.03616,
                    59.34241
                ],
                [
                    18.03617,
                    59.34238
                ],
                [
                    18.03615,
                    59.34231
                ],
                [
                    18.03621,
                    59.34225
                ],
                [
                    18.036,
                    59.34195
                ]
            ]
        }
    ]
}