{
    "city": 1,
    "initialStart": [
        18.08744,
        59.30649
    ],
    "trips": [
        {
            "summary": {
                "distance": 370.4,
                "duration": 126.2
            },
            "user": {
                "id": 48,
                "token": "eyJhbGciOiJIUzI1NiIsInR5cCI6IkpXVCJ9.eyJpZCI6NDgsInJvbGUiOiJ1c2VyIiwiaWF0IjoxNzAyODg5MzY0LCJleHAiOjE3MzQ0MjUzNjR9.9Cmz27V4P0AQrJCuYipkJ8wGANlbhIlVQTPw02ODQy0"
            },
            "coords": [
                [
                    18.08744,
                    59.30649
                ],
                [
                    18.08705,
                    59.30638
                ],
                [
                    18.08681,
                    59.30641
                ],
                [
                    18.08663,
                    59.30624
                ],
                [
                    18.08629,
                    59.30612
                ],
                [
                    18.08633,
                    59.30605
                ],
                [
                    18.0865,
                    59.3061
                ],
                [
                    18.08654,
                    59.30605
                ],
                [
                    18.08641,
                    59.30601
                ],
                [
                    18.08551,
                    59.3058
                ],
                [
                    18.08404,
                    59.30559
                ],
                [
                    18.08373,
                    59.30554
                ],
                [
                    18.08275,
                    59.3054
                ],
                [
                    18.0827,
                    59.30549
                ],
                [
                    18.08252,
                    59.30561
                ],
                [
                    18.08244,
                    59.30566
                ]
            ]
        }
    ]
}