{
    "city": 1,
    "initialStart": [
        18.02959,
        59.31927
    ],
    "trips": [
        {
            "summary": {
                "distance": 454.4,
                "duration": 77
            },
            "user": {
                "id": 484,
                "token": "eyJhbGciOiJIUzI1NiIsInR5cCI6IkpXVCJ9.eyJpZCI6NDg0LCJyb2xlIjoidXNlciIsImlhdCI6MTcwMjkxMzk5NiwiZXhwIjoxNzM0NDQ5OTk2fQ.eLqtzT1_HTMNMSJ87fHVsGqAjJYWQJ2__XuuWXFcVsY"
            },
            "coords": [
                [
                    18.02959,
                    59.31927
                ],
                [
                    18.02912,
                    59.31921
                ],
                [
                    18.02864,
                    59.31916
                ],
                [
                    18.02851,
                    59.31911
                ],
                [
                    18.02841,
                    59.31903
                ],
                [
                    18.02834,
                    59.319
                ],
                [
                    18.02823,
                    59.31899
                ],
                [
                    18.02828,
                    59.31878
                ],
                [
                    18.0284,
                    59.31839
                ],
                [
                    18.0286,
                    59.3184
                ],
                [
                    18.03023,
                    59.3185
                ],
                [
                    18.03042,
                    59.3185
                ],
                [
                    18.0306,
                    59.31847
                ],
                [
                    18.03064,
                    59.31837
                ],
                [
                    18.03071,
                    59.31824
                ],
                [
                    18.03101,
                    59.31761
                ],
                [
                    18.03114,
                    59.31733
                ],
                [
                    18.03076,
                    59.31728
                ],
                [
                    18.03062,
                    59.31718
                ],
                [
                    18.03059,
                    59.31711
                ]
            ]
        }
    ]
}