{
    "city": 1,
    "initialStart": [
        18.01516,
        59.34582
    ],
    "trips": [
        {
            "summary": {
                "distance": 3085.4,
                "duration": 535
            },
            "user": {
                "id": 485,
                "token": "eyJhbGciOiJIUzI1NiIsInR5cCI6IkpXVCJ9.eyJpZCI6NDg1LCJyb2xlIjoidXNlciIsImlhdCI6MTcwMjkxMzk5NiwiZXhwIjoxNzM0NDQ5OTk2fQ.UonB2Zu4F08oA6xphMTCBuJg2f0L1yYhcp-xVv2ZkTY"
            },
            "coords": [
                [
                    18.01516,
                    59.34582
                ],
                [
                    18.01547,
                    59.34567
                ],
                [
                    18.01574,
                    59.34556
                ],
                [
                    18.01694,
                    59.34534
                ],
                [
                    18.01834,
                    59.34498
                ],
                [
                    18.02062,
                    59.34443
                ],
                [
                    18.02071,
                    59.34441
                ],
                [
                    18.02093,
                    59.34435
                ],
                [
                    18.02149,
                    59.34419
                ],
                [
                    18.02226,
                    59.34392
                ],
                [
                    18.02291,
                    59.34346
                ],
                [
                    18.02329,
                    59.34322
                ],
                [
                    18.02331,
                    59.34323
                ],
                [
                    18.02289,
                    59.3435
                ],
                [
                    18.02292,
                    59.34351
                ],
                [
                    18.02333,
                    59.34324
                ],
                [
                    18.02335,
                    59.34325
                ],
                [
                    18.02297,
                    59.34353
                ],
                [
                    18.02301,
                    59.34354
                ],
                [
                    18.02418,
                    59.34346
                ],
                [
                    18.02615,
                    59.34339
                ],
                [
                    18.02662,
                    59.34339
                ],
                [
                    18.02694,
                    59.34322
                ],
                [
                    18.02671,
                    59.34312
                ],
                [
                    18.02641,
                    59.34298
                ],
                [
                    18.02634,
                    59.34291
                ],
                [
                    18.02634,
                    59.34265
                ],
                [
                    18.02637,
                    59.34234
                ],
                [
                    18.02643,
                    59.34205
                ],
                [
                    18.02655,
                    59.34184
                ],
                [
                    18.0267,
                    59.34166
                ],
                [
                    18.02717,
                    59.34122
                ],
                [
                    18.02726,
                    59.34119
                ],
                [
                    18.03012,
                    59.3407
                ],
                [
                    18.03029,
                    59.34061
                ],
                [
                    18.03009,
                    59.34056
                ],
                [
                    18.0291,
                    59.34073
                ],
                [
                    18.02824,
                    59.34087
                ],
                [
                    18.02816,
                    59.34093
                ],
                [
                    18.02777,
                    59.34099
                ],
                [
                    18.02734,
                    59.34096
                ],
                [
                    18.02619,
                    59.34077
                ],
                [
                    18.02645,
                    59.34051
                ],
                [
                    18.0269,
                    59.34019
                ],
                [
                    18.0266,
                    59.34008
                ],
                [
                    18.02636,
                    59.34012
                ],
                [
                    18.0256,
                    59.3402
                ],
                [
                    18.02545,
                    59.34023
                ],
                [
                    18.02536,
                    59.34033
                ],
                [
                    18.02542,
                    59.34064
                ],
                [
                    18.02524,
                    59.34072
                ],
                [
                    18.02398,
                    59.34062
                ],
                [
                    18.02383,
                    59.34061
                ],
                [
                    18.02211,
                    59.34049
                ],
                [
                    18.02038,
                    59.34037
                ],
                [
                    18.02015,
                    59.34036
                ],
                [
                    18.01847,
                    59.34031
                ],
                [
                    18.01766,
                    59.34021
                ],
                [
                    18.01724,
                    59.34016
                ],
                [
                    18.01674,
                    59.34016
                ],
                [
                    18.01615,
                    59.34023
                ],
                [
                    18.01581,
                    59.34033
                ],
                [
                    18.01516,
                    59.34058
                ],
                [
                    18.01463,
                    59.34071
                ],
                [
                    18.01348,
                    59.34098
                ],
                [
                    18.01323,
                    59.34097
                ],
                [
                    18.01306,
                    59.34099
                ],
                [
                    18.0131,
                    59.34108
                ],
                [
                    18.01297,
                    59.34112
                ],
                [
                    18.01285,
                    59.34116
                ],
                [
                    18.01189,
                    59.34127
                ],
                [
                    18.01166,
                    59.34131
                ],
                [
                    18.01109,
                    59.3415
                ],
                [
                    18.01082,
                    59.34164
                ],
                [
                    18.01058,
                    59.34183
                ],
                [
                    18.01048,
                    59.34198
                ],
                [
                    18.01034,
                    59.34226
                ],
                [
                    18.01049,
                    59.34225
                ],
                [
