{
    "city": 1,
    "initialStart": [
        18.07321,
        59.34535
    ],
    "trips": [
        {
            "summary": {
                "distance": 521.9,
                "duration": 101.2
            },
            "user": {
                "id": 491,
                "token": "eyJhbGciOiJIUzI1NiIsInR5cCI6IkpXVCJ9.eyJpZCI6NDkxLCJyb2xlIjoidXNlciIsImlhdCI6MTcwMjkxNDA1OCwiZXhwIjoxNzM0NDUwMDU4fQ.vXpxY9PPGDoYU6UvXCXiFlTWTn3uUEBjz2TvDZSALGc"
            },
            "coords": [
                [
                    18.07321,
                    59.34535
                ],
                [
                    18.07291,
                    59.34543
                ],
                [
                    18.07197,
                    59.34566
                ],
                [
                    18.07185,
                    59.34556
                ],
                [
                    18.07174,
                    59.34553
                ],
                [
                    18.07166,
                    59.34546
                ],
                [
                    18.07191,
                    59.34539
                ],
                [
                    18.07296,
                    59.34513
                ],
                [
                    18.07319,
                    59.34501
                ],
                [
                    18.07327,
                    59.34496
                ],
                [
                    18.07339,
                    59.34493
                ],
                [
                    18.07354,
                    59.3449
                ],
                [
                    18.07351,
                    59.34486
                ],
                [
                    18.07342,
                    59.34483
                ],
                [
                    18.07332,
                    59.34475
                ],
                [
                    18.07301,
                    59.34437
                ],
                [
                    18.07291,
                    59.34425
                ],
                [
                    18.0729,
                    59.34423
                ],
                [
                    18.07202,
                    59.34315
                ],
                [
                    18.07194,
                    59.34305
                ],
                [
                    18.07188,
                    59.34298
                ],
                [
                    18.07194,
                    59.34297
                ],
                [
                    18.07199,
                    59.34297
                ],
                [
                    18.07278,
                    59.34281
                ]
            ]
        }
    ]
}