{
    "city": 1,
    "initialStart": [
        18.06045,
        59.33531
    ],
    "trips": [
        {
            "summary": {
                "distance": 438.5,
                "duration": 95.9
            },
            "user": {
                "id": 498,
                "token": "eyJhbGciOiJIUzI1NiIsInR5cCI6IkpXVCJ9.eyJpZCI6NDk4LCJyb2xlIjoidXNlciIsImlhdCI6MTcwMjkxNDA2MSwiZXhwIjoxNzM0NDUwMDYxfQ.8XdPftFZ_PCRBYMhRbDk3ikKe-pVF9doUvRO0WLB75U"
            },
            "coords": [
                [
                    18.06045,
                    59.33531
                ],
                [
                    18.06138,
                    59.33554
                ],
                [
                    18.06145,
                    59.33556
                ],
                [
                    18.06155,
                    59.33559
                ],
                [
                    18.06161,
                    59.3356
                ],
                [
                    18.06216,
                    59.33574
                ],
                [
                    18.06224,
                    59.33576
                ],
                [
                    18.06199,
                    59.33601
                ],
                [
                    18.0618,
                    59.33621
                ],
                [
                    18.06174,
                    59.33628
                ],
                [
                    18.06112,
                    59.33609
                ],
                [
                    18.06105,
                    59.33616
                ],
                [
                    18.06093,
                    59.33628
                ],
                [
                    18.0608,
                    59.33634
                ],
                [
                    18.06038,
                    59.33676
                ],
                [
                    18.06034,
                    59.33685
                ],
                [
                    18.06001,
                    59.33717
                ],
                [
                    18.05996,
                    59.33722
                ],
                [
                    18.05984,
                    59.33719
                ],
                [
                    18.0598,
                    59.33723
                ],
                [
                    18.05879,
                    59.33697
                ]
            ]
        }
    ]
}