{
    "city": 1,
    "initialStart": [
        18.04407,
        59.33946
    ],
    "trips": [
        {
            "summary": {
                "distance": 878.5,
                "duration": 176.7
            },
            "user": {
                "id": 13,
                "token": "eyJhbGciOiJIUzI1NiIsInR5cCI6IkpXVCJ9.eyJpZCI6MTMsInJvbGUiOiJ1c2VyIiwiaWF0IjoxNzAwOTIzNDk4LCJleHAiOjE3MzI0NTk0OTh9.gzbfGEwFPDm6di--S1mHy2EPzvvLMzSeEpuPU_sQO2M"
            },
            "coords": [
                [
                    18.04407,
                    59.33946
                ],
                [
                    18.04377,
                    59.33938
                ],
                [
                    18.04372,
                    59.33937
                ],
                [
                    18.04369,
                    59.33932
                ],
                [
                    18.04366,
                    59.33929
                ],
                [
                    18.04367,
                    59.33923
                ],
                [
                    18.04374,
                    59.33916
                ],
                [
                    18.04381,
                    59.33918
                ],
                [
                    18.04458,
                    59.33843
                ],
                [
                    18.04494,
                    59.33805
                ],
                [
                    18.04518,
                    59.33792
                ],
                [
                    18.04577,
                    59.33731
                ],
                [
                    18.04577,
                    59.3372
                ],
                [
                    18.04562,
                    59.33695
                ],
                [
                    18.04549,
                    59.33676
                ],
                [
                    18.04548,
                    59.33674
                ],
                [
                    18.04351,
                    59.33711
                ],
                [
                    18.04322,
                    59.33718
                ],
                [
                    18.04238,
                    59.33744
                ],
                [
                    18.04167,
                    59.33773
                ],
                [
                    18.041,
                    59.33806
                ],
                [
                    18.04063,
                    59.33831
                ],
                [
                    18.04052,
                    59.33827
                ],
                [
                    18.04041,
                    59.33823
                ],
                [
                    18.0406,
                    59.33811
                ],
                [
                    18.04049,
                    59.33806
                ],
                [
                    18.04032,
                    59.33798
                ],
                [
                    18.04019,
                    59.33786
                ],
                [
                    18.03966,
                    59.33755
                ],
                [
                    18.03942,
                    59.33757
                ],
                [
                    18.03941,
                    59.33754
                ],
                [
                    18.03954,
                    59.33753
                ],
                [
                    18.03948,
                    59.33731
                ],
                [
                    18.03971,
                    59.33729
                ],
                [
                    18.03975,
                    59.33743
                ]
            ]
        },
        {
            "summary": {
                "distance": 425.3,
                "duration": 106.8
            },
            "user": {
                "id": 14,
                "token": "eyJhbGciOiJIUzI1NiIsInR5cCI6IkpXVCJ9.eyJpZCI6MTQsInJvbGUiOiJ1c2VyIiwiaWF0IjoxNzAwOTIzNDk4LCJleHAiOjE3MzI0NTk0OTh9.Zoh4VlTqfBztf-xGVH6xmzqaihigcSDyFNv6HpxRAm4"
            },
            "coords": [
                [
                    18.03975,
                    59.33743
                ],
                [
                    18.03971,
                    59.33729
                ],
                [
                    18.03948,
                    59.33731
                ],
                [
                    18.03954,
                    59.33753
                ],
                [
                    18.03941,
                    59.33754
                ],
                [
                    18.03942,
                    59.33757
                ],
                [
                    18.03813,
                    59.33769
                ],
                [
                    18.03796,
                    59.3377
                ],
                [
                    18.0369,
                    59.33778
                ],
                [
                    18.0364,
                    59.33778
                ],
                [
                    18.03607,
                    59.33784
                ],
                [
                    18.0358,
                    59.33786
                ],
                [
                    18.03557,
                    59.33789
                ],
                [
                    18.03535,
                    59.33794
                ],
                [
                    18.03515,
                    59.33799
                ],
                [
                    18.03486,
                    59.33806
                ],
                [
                    18.03478,
                    59.33809
                ],
                [
                    18.0344,
                    59.33817
                ],
                [
                    18.03441,
                    59.33819
                ],
                [
                    18.03443,
                    59.3382
                ],
                [
                    18.03485,
                    59.33872
                ]
            ]
        },
        {
            "summary": {
                "distance": 1073.8,
                "duration": 196.9
            },
            "user": {
                "id": 15,
                "token": "eyJhbGciOiJIUzI1NiIsInR5cCI6IkpXVCJ9.eyJpZCI6MTUsInJvbGUiOiJ1c2VyIiwiaWF0IjoxNzAwOTIzNDk4LCJleHAiOjE3MzI0NTk0OTh9.UpDsJNC5qWNESJT6TCtv7B8hRJBrnGCTHvBr65Z82_8"
            },