{
    "city": 1,
    "initialStart": [
        18.07207,
        59.34322
    ],
    "trips": [
        {
            "summary": {
                "distance": 260.9,
                "duration": 43.7
            },
            "user": {
                "id": 502,
                "token": "eyJhbGciOiJIUzI1NiIsInR5cCI6IkpXVCJ9.eyJpZCI6NTAyLCJyb2xlIjoidXNlciIsImlhdCI6MTcwMjkxNDA2MiwiZXhwIjoxNzM0NDUwMDYyfQ.dX19QIYp9ElgliWCvJ-0jhJ5LhFX1MbB21A9cIqR-s8"
            },
            "coords": [
                [
                    18.07207,
                    59.34322
                ],
                [
                    18.0729,
                    59.34423
                ],
                [
                    18.07291,
                    59.34425
                ],
                [
                    18.07301,
                    59.34437
                ],
                [
                    18.07332,
                    59.34475
                ],
                [
                    18.07342,
                    59.34483
                ],
                [
                    18.07351,
                    59.34486
                ],
                [
                    18.07354,
                    59.3449
                ],
                [
                    18.07362,
                    59.34489
                ],
                [
                    18.07384,
                    59.34483
                ],
                [
                    18.07391,
                    59.34485
                ],
                [
                    18.07396,
                    59.34492
                ],
                [
                    18.07405,
                    59.34489
                ],
                [
                    18.07417,
                    59.34501
                ],
                [
                    18.07412,
                    59.34502
                ]
            ]
        }
    ]
}