{
    "city": 1,
    "initialStart": [
        18.01412,
        59.34076
    ],
    "trips": [
        {
            "summary": {
                "distance": 624,
                "duration": 127.1
            },
            "user": {
                "id": 504,
                "token": "eyJhbGciOiJIUzI1NiIsInR5cCI6IkpXVCJ9.eyJpZCI6NTA0LCJyb2xlIjoidXNlciIsImlhdCI6MTcwMjkxNDA2MiwiZXhwIjoxNzM0NDUwMDYyfQ.Fh-i1abdPQBS8jJoLaeLYiaB1gf-umAo8DTkQ_q6dEA"
            },
            "coords": [
                [
                    18.01412,
                    59.34076
                ],
                [
                    18.01456,
                    59.3407
                ],
                [
                    18.01463,
                    59.34071
                ],
                [
                    18.01348,
                    59.34098
                ],
                [
                    18.01323,
                    59.34097
                ],
                [
                    18.01306,
                    59.34099
                ],
                [
                    18.0131,
                    59.34108
                ],
                [
                    18.01297,
                    59.34112
                ],
                [
                    18.01285,
                    59.34116
                ],
                [
                    18.01189,
                    59.34127
                ],
                [
                    18.01166,
                    59.34131
                ],
                [
                    18.01109,
                    59.3415
                ],
                [
                    18.01082,
                    59.34164
                ],
                [
                    18.01058,
                    59.34183
                ],
                [
                    18.01048,
                    59.34198
                ],
                [
                    18.01034,
                    59.34226
                ],
                [
                    18.01049,
                    59.34225
                ],
                [
                    18.01087,
                    59.34213
                ],
                [
                    18.01109,
                    59.34209
                ],
                [
                    18.01134,
                    59.34223
                ],
                [
                    18.01148,
                    59.34235
                ],
                [
                    18.01154,
                    59.3424
                ],
                [
                    18.01204,
                    59.34255
                ],
                [
                    18.01225,
                    59.34261
                ],
                [
                    18.01397,
                    59.34312
                ],
                [
                    18.01381,
                    59.34325
                ]
            ]
        }
    ]
}