{
    "city": 1,
    "initialStart": [
        18.08348,
        59.30765
    ],
    "trips": [
        {
            "summary": {
                "distance": 770.4,
                "duration": 163.6
            },
            "user": {
                "id": 514,
                "token": "eyJhbGciOiJIUzI1NiIsInR5cCI6IkpXVCJ9.eyJpZCI6NTE0LCJyb2xlIjoidXNlciIsImlhdCI6MTcwMjkxNDEyNywiZXhwIjoxNzM0NDUwMTI3fQ.rKJ7e5_8PHVydgT7jSXW9A4OEP0NAH9_FOaNWhAgZWE"
            },
            "coords": [
                [
                    18.08348,
                    59.30765
                ],
                [
                    18.08362,
                    59.30738
                ],
                [
                    18.08455,
                    59.30756
                ],
                [
                    18.08471,
                    59.30772
                ],
                [
                    18.08486,
                    59.30778
                ],
                [
                    18.08496,
                    59.30779
                ],
                [
                    18.08488,
                    59.30815
                ],
                [
                    18.08544,
                    59.30815
                ],
                [
                    18.08681,
                    59.3083
                ],
                [
                    18.08758,
                    59.30856
                ],
                [
                    18.08768,
                    59.30858
                ],
                [
                    18.08781,
                    59.30857
                ],
                [
                    18.08843,
                    59.30832
                ],
                [
                    18.08847,
                    59.30831
                ],
                [
                    18.08893,
                    59.30812
                ],
                [
                    18.08912,
                    59.30808
                ],
                [
                    18.0893,
                    59.30809
                ],
                [
                    18.08943,
                    59.30814
                ],
                [
                    18.08954,
                    59.30821
                ],
                [
                    18.08966,
                    59.30816
                ],
                [
                    18.09,
                    59.30804
                ],
                [
                    18.09024,
                    59.30795
                ],
                [
                    18.09036,
                    59.3079
                ],
                [
                    18.09038,
                    59.30789
                ],
                [
                    18.09058,
                    59.30766
                ],
                [
                    18.0907,
                    59.3076
                ],
                [
                    18.09048,
                    59.30729
                ],
                [
                    18.09015,
                    59.30722
                ],
                [
                    18.08979,
                    59.30714
                ],
                [
                    18.08967,
                    59.30714
                ],
                [
                    18.08944,
                    59.30691
                ],
                [
                    18.0894,
                    59.30691
                ],
                [
                    18.08938,
                    59.30693
                ],
                [
                    18.08939,
                    59.30715
                ],
                [
                    18.08938,
                    59.30718
                ],
                [
                    18.08926,
                    59.30716
                ],
                [
                    18.08922,
                    59.3071
                ],
                [
                    18.08914,
                    59.30686
                ],
                [
                    18.08905,
                    59.30684
                ],
                [
                    18.0889,
                    59.30683
                ],
                [
                    18.08874,
                    59.30683
                ]
            ]
        }
    ]
}