{
    "city": 1,
    "initialStart": [
        18.06508,
        59.33169
    ],
    "trips": [
        {
            "summary": {
                "distance": 627.4,
                "duration": 133.3
            },
            "user": {
                "id": 516,
                "token": "eyJhbGciOiJIUzI1NiIsInR5cCI6IkpXVCJ9.eyJpZCI6NTE2LCJyb2xlIjoidXNlciIsImlhdCI6MTcwMjkxNDEyNywiZXhwIjoxNzM0NDUwMTI3fQ.DHtAapHcXB8LzX1vmXp7myPRFzImi7PECdWdRCwNuEU"
            },
            "coords": [
                [
                    18.06508,
                    59.33169
                ],
                [
                    18.06532,
                    59.33146
                ],
                [
                    18.06539,
                    59.33148
                ],
                [
                    18.06546,
                    59.33147
                ],
                [
                    18.06557,
                    59.3315
                ],
                [
                    18.06587,
                    59.33148
                ],
                [
                    18.06589,
                    59.33139
                ],
                [
                    18.06615,
                    59.33111
                ],
                [
                    18.06656,
                    59.3307
                ],
                [
                    18.06678,
                    59.3305
                ],
                [
                    18.06699,
                    59.33028
                ],
                [
                    18.06729,
                    59.33
                ],
                [
                    18.06732,
                    59.32995
                ],
                [
                    18.06734,
                    59.32991
                ],
                [
                    18.06726,
                    59.32988
                ],
                [
                    18.06586,
                    59.3295
                ],
                [
                    18.06556,
                    59.32944
                ],
                [
                    18.06539,
                    59.32942
                ],
                [
                    18.06446,
                    59.32917
                ],
                [
                    18.06365,
                    59.32897
                ],
                [
                    18.06349,
                    59.32894
                ],
                [
                    18.06342,
                    59.32904
                ],
                [
                    18.06332,
                    59.32918
                ],
                [
                    18.06328,
                    59.3293
                ],
                [
                    18.06286,
                    59.32971
                ],
                [
                    18.0626,
                    59.32964
                ],
                [
                    18.06248,
                    59.3296
                ],
                [
                    18.06242,
                    59.3296
                ],
                [
                    18.06233,
                    59.32957
                ]
            ]
        }
    ]
}