{
    "city": 1,
    "initialStart": [
        18.09634,
        59.33962
    ],
    "trips": [
        {
            "summary": {
                "distance": 318.2,
                "duration": 52.1
            },
            "user": {
                "id": 517,
                "token": "eyJhbGciOiJIUzI1NiIsInR5cCI6IkpXVCJ9.eyJpZCI6NTE3LCJyb2xlIjoidXNlciIsImlhdCI6MTcwMjkxNDEyNywiZXhwIjoxNzM0NDUwMTI3fQ.pkH6BsA6CnEI44SGO-6WtmKwEWWbjYCp2AVPC7lN7fU"
            },
            "coords": [
                [
                    18.09634,
                    59.33962
                ],
                [
                    18.09485,
                    59.33994
                ],
                [
                    18.09488,
                    59.33999
                ],
                [
                    18.09486,
                    59.34001
                ],
                [
                    18.09485,
                    59.34005
                ],
                [
                    18.09483,
                    59.34012
                ],
                [
                    18.09484,
                    59.34015
                ],
                [
                    18.09511,
                    59.34034
                ],
                [
                    18.09531,
                    59.34048
                ],
                [
                    18.09574,
                    59.34075
                ],
                [
                    18.09588,
                    59.34086
                ],
                [
                    18.09607,
                    59.34099
                ],
                [
                    18.09691,
                    59.34156
                ],
                [
                    18.09697,
                    59.34161
                ]
            ]
        }
    ]
}