{
    "city": 1,
    "initialStart": [
        18.01146,
        59.34008
    ],
    "trips": [
        {
            "summary": {
                "distance": 732.3,
                "duration": 159.4
            },
            "user": {
                "id": 520,
                "token": "eyJhbGciOiJIUzI1NiIsInR5cCI6IkpXVCJ9.eyJpZCI6NTIwLCJyb2xlIjoidXNlciIsImlhdCI6MTcwMjkxNDEyOCwiZXhwIjoxNzM0NDUwMTI4fQ.htMxK_9VvquntNPbpHSewxvhTXPkYT5hB9ZL6sgHoxQ"
            },
            "coords": [
                [
                    18.01146,
                    59.34008
                ],
                [
                    18.01139,
                    59.34023
                ],
                [
                    18.01174,
                    59.34026
                ],
                [
                    18.012,
                    59.3404
                ],
                [
                    18.01248,
                    59.34037
                ],
                [
                    18.0128,
                    59.34032
                ],
                [
                    18.01283,
                    59.3404
                ],
                [
                    18.01304,
                    59.34038
                ],
                [
                    18.01302,
                    59.34044
                ],
                [
                    18.0132,
                    59.34093
                ],
                [
                    18.01323,
                    59.34097
                ],
                [
                    18.01306,
                    59.34099
                ],
                [
                    18.0131,
                    59.34108
                ],
                [
                    18.01297,
                    59.34112
                ],
                [
                    18.01285,
                    59.34116
                ],
                [
                    18.01189,
                    59.34127
                ],
                [
                    18.01166,
                    59.34131
                ],
                [
                    18.01109,
                    59.3415
                ],
                [
                    18.01082,
                    59.34164
                ],
                [
                    18.01058,
                    59.34183
                ],
                [
                    18.01048,
                    59.34198
                ],
                [
                    18.01034,
                    59.34226
                ],
                [
                    18.01049,
                    59.34225
                ],
                [
                    18.01087,
                    59.34213
                ],
                [
                    18.01109,
                    59.34209
                ],
                [
                    18.01134,
                    59.34223
                ],
                [
                    18.01148,
                    59.34235
                ],
                [
                    18.01154,
                    59.3424
                ],
                [
                    18.01204,
                    59.34255
                ],
                [
                    18.01225,
                    59.34261
                ],
                [
                    18.01246,
                    59.34244
                ],
                [
                    18.01287,
                    59.34239
                ],
                [
                    18.01334,
                    59.34214
                ],
                [
                    18.01332,
                    59.34206
                ],
                [
                    18.01335,
                    59.34196
                ],
                [
                    18.01345,
                    59.3418
                ],
                [
                    18.01356,
                    59.34173
                ],
                [
                    18.01397,
                    59.34162
                ]
            ]
        }
    ]
}