{
    "city": 1,
    "initialStart": [
        18.03111,
        59.33744
    ],
    "trips": [
        {
            "summary": {
                "distance": 955.7,
                "duration": 237.6
            },
            "user": {
                "id": 524,
                "token": "eyJhbGciOiJIUzI1NiIsInR5cCI6IkpXVCJ9.eyJpZCI6NTI0LCJyb2xlIjoidXNlciIsImlhdCI6MTcwMjkxNDEyOSwiZXhwIjoxNzM0NDUwMTI5fQ.LKHq6ST1qnTZ61hSNYGzn7rfpiuA391_hKf0G168-F8"
            },
            "coords": [
                [
                    18.03111,
                    59.33744
                ],
                [
                    18.03247,
                    59.33721
                ],
                [
                    18.03246,
                    59.33719
                ],
                [
                    18.03243,
                    59.33714
                ],
                [
                    18.03239,
                    59.33706
                ],
                [
                    18.03235,
                    59.33701
                ],
                [
                    18.03224,
                    59.33703
                ],
                [
                    18.0322,
                    59.33696
                ],
                [
                    18.03235,
                    59.33694
                ],
                [
                    18.03239,
                    59.33699
                ],
                [
                    18.03247,
                    59.33702
                ],
                [
                    18.03417,
                    59.33673
                ],
                [
                    18.03428,
                    59.33671
                ],
                [
                    18.03399,
                    59.33636
                ],
                [
                    18.03413,
                    59.33633
                ],
                [
                    18.03443,
                    59.33672
                ],
                [
                    18.03544,
                    59.33798
                ],
                [
                    18.03549,
                    59.33805
                ],
                [
                    18.03562,
                    59.3381
                ],
                [
                    18.0366,
                    59.33932
                ],
                [
                    18.03662,
                    59.33934
                ],
                [
                    18.03655,
                    59.33935
                ],
                [
                    18.03641,
                    59.33937
                ],
                [
                    18.03636,
                    59.33938
                ],
                [
                    18.03633,
                    59.33939
                ],
                [
                    18.03632,
                    59.3394
                ],
                [
                    18.03621,
                    59.3395
                ],
                [
                    18.0362,
                    59.33952
                ],
                [
                    18.03623,
                    59.33956
                ],
                [
                    18.03627,
                    59.33963
                ],
                [
                    18.03615,
                    59.33964
                ],
                [
                    18.03596,
                    59.33964
                ],
                [
                    18.03532,
                    59.33975
                ],
                [
                    18.03456,
                    59.33988
                ],
                [
                    18.03237,
                    59.34025
                ],
                [
                    18.03246,
                    59.34037
                ]
            ]
        }
    ]
}