{
    "city": 1,
    "initialStart": [
        18.05746,
        59.3213
    ],
    "trips": [
        {
            "summary": {
                "distance": 761.6,
                "duration": 180.4
            },
            "user": {
                "id": 525,
                "token": "eyJhbGciOiJIUzI1NiIsInR5cCI6IkpXVCJ9.eyJpZCI6NTI1LCJyb2xlIjoidXNlciIsImlhdCI6MTcwMjkxNDEzMCwiZXhwIjoxNzM0NDUwMTMwfQ.oIMvmVfYCXsiu-n-QwvIsNyF_ur0ubRLvUdTSAFt1Bk"
            },
            "coords": [
                [
                    18.05746,
                    59.3213
                ],
                [
                    18.05475,
                    59.32129
                ],
                [
                    18.05475,
                    59.32126
                ],
                [
                    18.05442,
                    59.32122
                ],
                [
                    18.05442,
                    59.32114
                ],
                [
                    18.05461,
                    59.32111
                ],
                [
                    18.05475,
                    59.3211
                ],
                [
                    18.05492,
                    59.3211
                ],
                [
                    18.05492,
                    59.32106
                ],
                [
                    18.05491,
                    59.32096
                ],
                [
                    18.05491,
                    59.32088
                ],
                [
                    18.05491,
                    59.32062
                ],
                [
                    18.05483,
                    59.32056
                ],
                [
                    18.05429,
                    59.32054
                ],
                [
                    18.05401,
                    59.3205
                ],
                [
                    18.05373,
                    59.32047
                ],
                [
                    18.05346,
                    59.32044
                ],
                [
                    18.05291,
                    59.32034
                ],
                [
                    18.0529,
                    59.32028
                ],
                [
                    18.05299,
                    59.32024
                ],
                [
                    18.05359,
                    59.32012
                ],
                [
                    18.05487,
                    59.31992
                ],
                [
                    18.05499,
                    59.31991
                ],
                [
                    18.05519,
                    59.31987
                ],
                [
                    18.05532,
                    59.31981
                ],
                [
                    18.05564,
                    59.31974
                ],
                [
                    18.05594,
                    59.31965
                ],
                [
                    18.05603,
                    59.31958
                ],
                [
                    18.05642,
                    59.31878
                ],
                [
                    18.05659,
                    59.31878
                ],
                [
                    18.05678,
                    59.3188
                ],
                [
                    18.05681,
                    59.31876
                ],
                [
                    18.05699,
                    59.31878
                ],
                [
                    18.05766,
                    59.31889
                ]
            ]
        }
    ]
}