{
    "city": 1,
    "initialStart": [
        18.04821,
        59.34646
    ],
    "trips": [
        {
            "summary": {
                "distance": 365.5,
                "duration": 68.9
            },
            "user": {
                "id": 538,
                "token": "eyJhbGciOiJIUzI1NiIsInR5cCI6IkpXVCJ9.eyJpZCI6NTM4LCJyb2xlIjoidXNlciIsImlhdCI6MTcwMjkxNDEzNCwiZXhwIjoxNzM0NDUwMTM0fQ.wKr41QCvKGwjeurYAuSezKtbL0D7qOOQ78DjDh2pm2Q"
            },
            "coords": [
                [
                    18.04821,
                    59.34646
                ],
                [
                    18.04779,
                    59.34636
                ],
                [
                    18.04775,
                    59.34635
                ],
                [
                    18.04772,
                    59.34634
                ],
                [
                    18.04761,
                    59.34632
                ],
                [
                    18.04719,
                    59.34675
                ],
                [
                    18.04715,
                    59.34678
                ],
                [
                    18.04708,
                    59.34686
                ],
                [
                    18.04722,
                    59.34691
                ],
                [
                    18.04865,
                    59.34727
                ],
                [
                    18.04946,
                    59.34748
                ],
                [
                    18.04962,
                    59.34752
                ],
                [
                    18.04954,
                    59.34761
                ],
                [
                    18.04909,
                    59.34808
                ],
                [
                    18.04899,
                    59.34805
                ],
                [
                    18.04882,
                    59.34823
                ]
            ]
        }
    ]
}