{
    "city": 1,
    "initialStart": [
        18.06162,
        59.30757
    ],
    "trips": [
        {
            "summary": {
                "distance": 395.7,
                "duration": 125.8
            },
            "user": {
                "id": 54,
                "token": "eyJhbGciOiJIUzI1NiIsInR5cCI6IkpXVCJ9.eyJpZCI6NTQsInJvbGUiOiJ1c2VyIiwiaWF0IjoxNzAyODg5MzY2LCJleHAiOjE3MzQ0MjUzNjZ9.sWFrV2wD_RH1HaYmOboXcgjw2P-5gK_m3qTRHfoEq7I"
            },
            "coords": [
                [
                    18.06162,
                    59.30757
                ],
                [
                    18.06147,
                    59.30762
                ],
                [
                    18.06209,
                    59.30816
                ],
                [
                    18.06221,
                    59.30813
                ],
                [
                    18.06237,
                    59.30827
                ],
                [
                    18.06274,
                    59.30859
                ],
                [
                    18.06285,
                    59.30866
                ],
                [
                    18.06301,
                    59.3088
                ],
                [
                    18.06314,
                    59.30891
                ],
                [
                    18.06333,
                    59.30907
                ],
                [
                    18.06335,
                    59.30909
                ],
                [
                    18.06343,
                    59.30908
                ],
                [
                    18.064,
                    59.3089
                ],
                [
                    18.06404,
                    59.30893
                ],
                [
                    18.06348,
                    59.30911
                ],
                [
                    18.06433,
                    59.30922
                ],
                [
                    18.06467,
                    59.30905
                ],
                [
                    18.06475,
                    59.30913
                ],
                [
                    18.06459,
                    59.30921
                ]
            ]
        }
    ]
}