{
    "city": 1,
    "initialStart": [
        18.04377,
        59.32823
    ],
    "trips": [
        {
            "summary": {
                "distance": 425.9,
                "duration": 103.4
            },
            "user": {
                "id": 546,
                "token": "eyJhbGciOiJIUzI1NiIsInR5cCI6IkpXVCJ9.eyJpZCI6NTQ2LCJyb2xlIjoidXNlciIsImlhdCI6MTcwMjkxNDE5NywiZXhwIjoxNzM0NDUwMTk3fQ.TOwtrBRKyMtoIH0AEPkWFW9ckQKltcUMdHGuOXrFn6o"
            },
            "coords": [
                [
                    18.04377,
                    59.32823
                ],
                [
                    18.04501,
                    59.32807
                ],
                [
                    18.04633,
                    59.32791
                ],
                [
                    18.04615,
                    59.32745
                ],
                [
                    18.04624,
                    59.32735
                ],
                [
                    18.04623,
                    59.32733
                ],
                [
                    18.046,
                    59.32683
                ],
                [
                    18.04597,
                    59.32675
                ],
                [
                    18.04597,
                    59.32665
                ],
                [
                    18.04596,
                    59.32661
                ],
                [
                    18.04578,
                    59.32661
                ],
                [
                    18.04578,
                    59.32652
                ],
                [
                    18.04573,
                    59.32652
                ],
                [
                    18.04573,
                    59.32631
                ],
                [
                    18.04428,
                    59.32631
                ]
            ]
        }
    ]
}