{
    "city": 1,
    "initialStart": [
        18.0337,
        59.35112
    ],
    "trips": [
        {
            "summary": {
                "distance": 609.3,
                "duration": 130.3
            },
            "user": {
                "id": 549,
                "token": "eyJhbGciOiJIUzI1NiIsInR5cCI6IkpXVCJ9.eyJpZCI6NTQ5LCJyb2xlIjoidXNlciIsImlhdCI6MTcwMjkxNDE5OCwiZXhwIjoxNzM0NDUwMTk4fQ.Y1Lf4blCb8msZiJrgI-KnTYy1A5ikX6ispEHOqxZdIQ"
            },
            "coords": [
                [
                    18.0337,
                    59.35112
                ],
                [
                    18.03373,
                    59.35115
                ],
                [
                    18.03398,
                    59.35126
                ],
                [
                    18.03428,
                    59.35134
                ],
                [
                    18.03454,
                    59.35129
                ],
                [
                    18.03461,
                    59.35126
                ],
                [
                    18.03475,
                    59.3511
                ],
                [
                    18.03482,
                    59.35102
                ],
                [
                    18.03492,
                    59.35095
                ],
                [
                    18.035,
                    59.35092
                ],
                [
                    18.0352,
                    59.3509
                ],
                [
                    18.03528,
                    59.35083
                ],
                [
                    18.03518,
                    59.35071
                ],
                [
                    18.03513,
                    59.35058
                ],
                [
                    18.03506,
                    59.35035
                ],
                [
                    18.03507,
                    59.35023
                ],
                [
                    18.03511,
                    59.35021
                ],
                [
                    18.03531,
                    59.35015
                ],
                [
                    18.03561,
                    59.35009
                ],
                [
                    18.03571,
                    59.35007
                ],
                [
                    18.0359,
                    59.35
                ],
                [
                    18.03595,
                    59.34998
                ],
                [
                    18.03547,
                    59.34969
                ],
                [
                    18.03345,
                    59.3493
                ],
                [
                    18.03369,
                    59.34907
                ],
                [
                    18.03231,
                    59.34866
                ],
                [
                    18.03222,
                    59.34864
                ],
                [
                    18.03206,
                    59.34859
                ],
                [
                    18.03201,
                    59.34864
                ],
                [
                    18.03208,
                    59.34867
                ],
                [
                    18.03207,
                    59.34868
                ],
                [
                    18.03199,
                    59.34875
                ],
                [
                    18.03171,
                    59.34902
                ]
            ]
        }
    ]
}