{
    "city": 1,
    "initialStart": [
        18.07059,
        59.30517
    ],
    "trips": [
        {
            "summary": {
                "distance": 426.7,
                "duration": 142.5
            },
            "user": {
                "id": 551,
                "token": "eyJhbGciOiJIUzI1NiIsInR5cCI6IkpXVCJ9.eyJpZCI6NTUxLCJyb2xlIjoidXNlciIsImlhdCI6MTcwMjkxNDE5OCwiZXhwIjoxNzM0NDUwMTk4fQ.w9v8C4yuhshfZoELem9LW4gn-0nmDey78XLIxpiPZ7w"
            },
            "coords": [
                [
                    18.07059,
                    59.30517
                ],
                [
                    18.06971,
                    59.30513
                ],
                [
                    18.06972,
                    59.30541
                ],
                [
                    18.06971,
                    59.30546
                ],
                [
                    18.06945,
                    59.30546
                ],
                [
                    18.06889,
                    59.30554
                ],
                [
                    18.06871,
                    59.30563
                ],
                [
                    18.06861,
                    59.30593
                ],
                [
                    18.06871,
                    59.30606
                ],
                [
                    18.06866,
                    59.30609
                ],
                [
                    18.06873,
                    59.3063
                ],
                [
                    18.06887,
                    59.30628
                ],
                [
                    18.06897,
                    59.30627
                ],
                [
                    18.07018,
                    59.30618
                ],
                [
                    18.07043,
                    59.307
                ],
                [
                    18.06996,
                    59.30704
                ]
            ]
        }
    ]
}