{
    "city": 1,
    "initialStart": [
        18.0166,
        59.33908
    ],
    "trips": [
        {
            "summary": {
                "distance": 759.4,
                "duration": 126.2
            },
            "user": {
                "id": 557,
                "token": "eyJhbGciOiJIUzI1NiIsInR5cCI6IkpXVCJ9.eyJpZCI6NTU3LCJyb2xlIjoidXNlciIsImlhdCI6MTcwMjkxNDIwMCwiZXhwIjoxNzM0NDUwMjAwfQ.ZdoCRWvO3DXJStPcBVsX6bC8cYFKrEMm0O4Mr6N2Ylg"
            },
            "coords": [
                [
                    18.0166,
                    59.33908
                ],
                [
                    18.01635,
                    59.33911
                ],
                [
                    18.01612,
                    59.33915
                ],
                [
                    18.01589,
                    59.33924
                ],
                [
                    18.01574,
                    59.33933
                ],
                [
                    18.01534,
                    59.33963
                ],
                [
                    18.01459,
                    59.34002
                ],
                [
                    18.01424,
                    59.34014
                ],
                [
                    18.01389,
                    59.34022
                ],
                [
                    18.01322,
                    59.34033
                ],
                [
                    18.01311,
                    59.34035
                ],
                [
                    18.01304,
                    59.34038
                ],
                [
                    18.01283,
                    59.3404
                ],
                [
                    18.01263,
                    59.34043
                ],
                [
                    18.01254,
                    59.34044
                ],
                [
                    18.01225,
                    59.34044
                ],
                [
                    18.00948,
                    59.34061
                ],
                [
                    18.00948,
                    59.34055
                ],
                [
                    18.00966,
                    59.34054
                ],
                [
                    18.00961,
                    59.34022
                ],
                [
                    18.00955,
                    59.3398
                ],
                [
                    18.01042,
                    59.33979
                ],
                [
                    18.01091,
                    59.33977
                ],
                [
                    18.01149,
                    59.33975
                ],
                [
                    18.01212,
                    59.33973
                ],
                [
                    18.0128,
                    59.33968
                ],
                [
                    18.01279,
                    59.33957
                ]
            ]
        }
    ]
}