{
    "city": 1,
    "initialStart": [
        18.00434,
        59.3325
    ],
    "trips": [
        {
            "summary": {
                "distance": 608.9,
                "duration": 180.6
            },
            "user": {
                "id": 558,
                "token": "eyJhbGciOiJIUzI1NiIsInR5cCI6IkpXVCJ9.eyJpZCI6NTU4LCJyb2xlIjoidXNlciIsImlhdCI6MTcwMjkxNDIwMCwiZXhwIjoxNzM0NDUwMjAwfQ.1Vd9v9P5JS3lojnhP67CIg_4fiXmWJI5CBfkFp_8ueE"
            },
            "coords": [
                [
                    18.00434,
                    59.3325
                ],
                [
                    18.00321,
                    59.33269
                ],
                [
                    18.00287,
                    59.33276
                ],
                [
                    18.00294,
                    59.33285
                ],
                [
                    18.00295,
                    59.33287
                ],
                [
                    18.00297,
                    59.3329
                ],
                [
                    18.00274,
                    59.33294
                ],
                [
                    18.00268,
                    59.33285
                ],
                [
                    18.00246,
                    59.33252
                ],
                [
                    18.00237,
                    59.33239
                ],
                [
                    18.00228,
                    59.33227
                ],
                [
                    18.00224,
                    59.33221
                ],
                [
                    18.00215,
                    59.33207
                ],
                [
                    18.00214,
                    59.33199
                ],
                [
                    18.00219,
                    59.33186
                ],
                [
                    18.00231,
                    59.33178
                ],
                [
                    18.00331,
                    59.33147
                ],
                [
                    18.00355,
                    59.33139
                ],
                [
                    18.00369,
                    59.33136
                ],
                [
                    18.00489,
                    59.33114
                ],
                [
                    18.00502,
                    59.33112
                ],
                [
                    18.00602,
                    59.33095
                ],
                [
                    18.00611,
                    59.3309
                ],
                [
                    18.00658,
                    59.33081
                ],
                [
                    18.00682,
                    59.33077
                ],
                [
                    18.00655,
                    59.33035
                ],
                [
                    18.00659,
                    59.33026
                ],
                [
                    18.00669,
                    59.3302
                ],
                [
                    18.00673,
                    59.33018
                ]
            ]
        }
    ]
}