{
    "city": 1,
    "initialStart": [
        18.09464,
        59.34391
    ],
    "trips": [
        {
            "summary": {
                "distance": 612.7,
                "duration": 128.6
            },
            "user": {
                "id": 560,
                "token": "eyJhbGciOiJIUzI1NiIsInR5cCI6IkpXVCJ9.eyJpZCI6NTYwLCJyb2xlIjoidXNlciIsImlhdCI6MTcwMjkxNDIwMSwiZXhwIjoxNzM0NDUwMjAxfQ.mj18mr2h11r-UGLSsOpv9xtKnpmvsHVZ2JY4z6eKFYw"
            },
            "coords": [
                [
                    18.09464,
                    59.34391
                ],
                [
                    18.09474,
                    59.34388
                ],
                [
                    18.09489,
                    59.34411
                ],
                [
                    18.09498,
                    59.34409
                ],
                [
                    18.09458,
                    59.3435
                ],
                [
                    18.09415,
                    59.34291
                ],
                [
                    18.09389,
                    59.34257
                ],
                [
                    18.09352,
                    59.34212
                ],
                [
                    18.09304,
                    59.34156
                ],
                [
                    18.09311,
                    59.3415
                ],
                [
                    18.09317,
                    59.34146
                ],
                [
                    18.09345,
                    59.34139
                ],
                [
                    18.09379,
                    59.34131
                ],
                [
                    18.09388,
                    59.34131
                ],
                [
                    18.09401,
                    59.34131
                ],
                [
                    18.09465,
                    59.34183
                ],
                [
                    18.09517,
                    59.34226
                ],
                [
                    18.09646,
                    59.34195
                ]
            ]
        }
    ]
}