{
    "city": 1,
    "initialStart": [
        18.07628,
        59.34514
    ],
    "trips": [
        {
            "summary": {
                "distance": 381.6,
                "duration": 83.4
            },
            "user": {
                "id": 562,
                "token": "eyJhbGciOiJIUzI1NiIsInR5cCI6IkpXVCJ9.eyJpZCI6NTYyLCJyb2xlIjoidXNlciIsImlhdCI6MTcwMjkxNDIwMiwiZXhwIjoxNzM0NDUwMjAyfQ.mTDQ8-wf7LBmOWWRCODowZ9zbeX_WOkgxth4Rgdt52s"
            },
            "coords": [
                [
                    18.07628,
                    59.34514
                ],
                [
                    18.07626,
                    59.34513
                ],
                [
                    18.07614,
                    59.34508
                ],
                [
                    18.07617,
                    59.34492
                ],
                [
                    18.07619,
                    59.34488
                ],
                [
                    18.07623,
                    59.34487
                ],
                [
                    18.0762,
                    59.34481
                ],
                [
                    18.07629,
                    59.34466
                ],
                [
                    18.07644,
                    59.34462
                ],
                [
                    18.07637,
                    59.34456
                ],
                [
                    18.07619,
                    59.34437
                ],
                [
                    18.07602,
                    59.34441
                ],
                [
                    18.0759,
                    59.34444
                ],
                [
                    18.07405,
                    59.34489
                ],
                [
                    18.07396,
                    59.34492
                ],
                [
                    18.07391,
                    59.34485
                ],
                [
                    18.07384,
                    59.34483
                ],
                [
                    18.07362,
                    59.34489
                ],
                [
                    18.07354,
                    59.3449
                ],
                [
                    18.07351,
                    59.34486
                ],
                [
                    18.07342,
                    59.34483
                ],
                [
                    18.07332,
                    59.34475
                ],
                [
                    18.07301,
                    59.34437
                ],
                [
                    18.07294,
                    59.34439
                ],
                [
                    18.07285,
                    59.34427
                ],
                [
                    18.07273,
                    59.34429
                ],
                [
                    18.07284,
                    59.34442
                ]
            ]
        }
    ]
}