{
    "city": 1,
    "initialStart": [
        18.0693,
        59.34461
    ],
    "trips": [
        {
            "summary": {
                "distance": 946.7,
                "duration": 212.5
            },
            "user": {
                "id": 565,
                "token": "eyJhbGciOiJIUzI1NiIsInR5cCI6IkpXVCJ9.eyJpZCI6NTY1LCJyb2xlIjoidXNlciIsImlhdCI6MTcwMjkxNDIwMywiZXhwIjoxNzM0NDUwMjAzfQ.N8E5L7YnwDkW-GKMJ8X885hzglYVpE6BBLpSCsSkQmE"
            },
            "coords": [
                [
                    18.0693,
                    59.34461
                ],
                [
                    18.06912,
                    59.34436
                ],
                [
                    18.06906,
                    59.3444
                ],
                [
                    18.06903,
                    59.34442
                ],
                [
                    18.06898,
                    59.34432
                ],
                [
                    18.07003,
                    59.34385
                ],
                [
                    18.07014,
                    59.3438
                ],
                [
                    18.07005,
                    59.34373
                ],
                [
                    18.07005,
                    59.34366
                ],
                [
                    18.07008,
                    59.34361
                ],
                [
                    18.07019,
                    59.34352
                ],
                [
                    18.07027,
                    59.3435
                ],
                [
                    18.07045,
                    59.34348
                ],
                [
                    18.07063,
                    59.3435
                ],
                [
                    18.07073,
                    59.34355
                ],
                [
                    18.07082,
                    59.34351
                ],
                [
                    18.07171,
                    59.34311
                ],
                [
                    18.07187,
                    59.34307
                ],
                [
                    18.07194,
                    59.34305
                ],
                [
                    18.07188,
                    59.34298
                ],
                [
                    18.0709,
                    59.34173
                ],
                [
                    18.07075,
                    59.34153
                ],
                [
                    18.0707,
                    59.34147
                ],
                [
                    18.07012,
                    59.34076
                ],
                [
                    18.07002,
                    59.34057
                ],
                [
                    18.06995,
                    59.34058
                ],
                [
                    18.06979,
                    59.34061
                ],
                [
                    18.06897,
                    59.34078
                ],
                [
                    18.06885,
                    59.34078
                ],
                [
                    18.06877,
                    59.34089
                ],
                [
                    18.06859,
                    59.3411
                ],
                [
                    18.06848,
                    59.34124
                ],
                [
                    18.06846,
                    59.34134
                ],
                [
                    18.06846,
                    59.34171
                ],
                [
                    18.06839,
                    59.34178
                ],
                [
                    18.06832,
                    59.34185
                ],
                [
                    18.06801,
                    59.34201
                ],
                [
                    18.06785,
                    59.3421
                ],
                [
                    18.06736,
                    59.34237
                ],
                [
                    18.06746,
                    59.34242
                ],
                [
                    18.06755,
                    59.34252
                ],
                [
                    18.06749,
                    59.34252
                ],
                [
                    18.06743,
                    59.34249
                ],
                [
                    18.06702,
                    59.34249
                ],
                [
                    18.06654,
                    59.34236
                ]
            ]
        }
    ]
}