{
    "city": 1,
    "initialStart": [
        18.04394,
        59.31912
    ],
    "trips": [
        {
            "summary": {
                "distance": 1275.8,
                "duration": 248.4
            },
            "user": {
                "id": 57,
                "token": "eyJhbGciOiJIUzI1NiIsInR5cCI6IkpXVCJ9.eyJpZCI6NTcsInJvbGUiOiJ1c2VyIiwiaWF0IjoxNzAyODg5MzY3LCJleHAiOjE3MzQ0MjUzNjd9.Qeyl28Nrsa0gZJFP1Jdgkn3mOAdn5bMTyurLKSS4_fs"
            },
            "coords": [
                [
                    18.04394,
                    59.31912
                ],
                [
                    18.04376,
                    59.31908
                ],
                [
                    18.04363,
                    59.31901
                ],
                [
                    18.0436,
                    59.31895
                ],
                [
                    18.04368,
                    59.3187
                ],
                [
                    18.04384,
                    59.31826
                ],
                [
                    18.0438,
                    59.31822
                ],
                [
                    18.04372,
                    59.31818
                ],
                [
                    18.04324,
                    59.31812
                ],
                [
                    18.04186,
                    59.31795
                ],
                [
                    18.04164,
                    59.31837
                ],
                [
                    18.04161,
                    59.31843
                ],
                [
                    18.04153,
                    59.31862
                ],
                [
                    18.04153,
                    59.31866
                ],
                [
                    18.04158,
                    59.31869
                ],
                [
                    18.04321,
                    59.31923
                ],
                [
                    18.04321,
                    59.31939
                ],
                [
                    18.04391,
                    59.31963
                ],
                [
                    18.04411,
                    59.31966
                ],
                [
                    18.0442,
                    59.31968
                ],
                [
                    18.04452,
                    59.31977
                ],
                [
                    18.0448,
                    59.31986
                ],
                [
                    18.04542,
                    59.32007
                ],
                [
                    18.04598,
                    59.32022
                ],
                [
                    18.04647,
                    59.32036
                ],
                [
                    18.04671,
                    59.32043
                ],
                [
                    18.04692,
                    59.32052
                ],
                [
                    18.04697,
                    59.32054
                ],
                [
                    18.04701,
                    59.32056
                ],
                [
                    18.0472,
                    59.32063
                ],
                [
                    18.04856,
                    59.32076
                ],
                [
                    18.04972,
                    59.32092
                ],
                [
                    18.04976,
                    59.32094
                ],
                [
                    18.04976,
                    59.32097
                ],
                [
                    18.04973,
                    59.32101
                ],
                [
                    18.0497,
                    59.32106
                ],
                [
                    18.04967,
                    59.32112
                ],
                [
                    18.04938,
                    59.32107
                ],
                [
                    18.04874,
                    59.32097
                ],
                [
                    18.04604,
                    59.32077
                ],
                [
                    18.0458,
                    59.32075
                ],
                [
                    18.04547,
                    59.32076
                ],
                [
                    18.0449,
                    59.32076
                ],
                [
                    18.04413,
                    59.3207
                ],
                [
                    18.04412,
                    59.32077
                ],
                [
                    18.04286,
                    59.32068
                ]
            ]
        }
    ]
}