{
    "city": 1,
    "initialStart": [
        18.0906,
        59.31458
    ],
    "trips": [
        {
            "summary": {
                "distance": 460.8,
                "duration": 75.4
            },
            "user": {
                "id": 572,
                "token": "eyJhbGciOiJIUzI1NiIsInR5cCI6IkpXVCJ9.eyJpZCI6NTcyLCJyb2xlIjoidXNlciIsImlhdCI6MTcwMjkxNDIwOCwiZXhwIjoxNzM0NDUwMjA4fQ.k4UbiBoWmgXER8r4QMc-8Z9MySwwuEwYfVDVBV9o150"
            },
            "coords": [
                [
                    18.0906,
                    59.31458
                ],
                [
                    18.09043,
                    59.31459
                ],
                [
                    18.09016,
                    59.31458
                ],
                [
                    18.0901,
                    59.31551
                ],
                [
                    18.09009,
                    59.31557
                ],
                [
                    18.09066,
                    59.31558
                ],
                [
                    18.0908,
                    59.31555
                ],
                [
                    18.09156,
                    59.31556
                ],
                [
                    18.09174,
                    59.31555
                ],
                [
                    18.0931,
                    59.31541
                ],
                [
                    18.09489,
                    59.31521
                ],
                [
                    18.09487,
                    59.31527
                ],
                [
                    18.09484,
                    59.3154
                ],
                [
                    18.09482,
                    59.31548
                ],
                [
                    18.09467,
                    59.31545
                ],
                [
                    18.09451,
                    59.31545
                ]
            ]
        }
    ]
}