{
    "city": 1,
    "initialStart": [
        18.05485,
        59.35265
    ],
    "trips": [
        {
            "summary": {
                "distance": 498.7,
                "duration": 108.1
            },
            "user": {
                "id": 574,
                "token": "eyJhbGciOiJIUzI1NiIsInR5cCI6IkpXVCJ9.eyJpZCI6NTc0LCJyb2xlIjoidXNlciIsImlhdCI6MTcwMjkxNDIwOSwiZXhwIjoxNzM0NDUwMjA5fQ.BgU66I_h2DenRjsP3nC2RnlJfD2dnx4L6E6ICIGIiBQ"
            },
            "coords": [
                [
                    18.05485,
                    59.35265
                ],
                [
                    18.05527,
                    59.35248
                ],
                [
                    18.05562,
                    59.35231
                ],
                [
                    18.05585,
                    59.35214
                ],
                [
                    18.05583,
                    59.35208
                ],
                [
                    18.05577,
                    59.35204
                ],
                [
                    18.05551,
                    59.35194
                ],
                [
                    18.05493,
                    59.35175
                ],
                [
                    18.05475,
                    59.35171
                ],
                [
                    18.05499,
                    59.35143
                ],
                [
                    18.05501,
                    59.35133
                ],
                [
                    18.05443,
                    59.35146
                ],
                [
                    18.05345,
                    59.35167
                ],
                [
                    18.05305,
                    59.35182
                ],
                [
                    18.05287,
                    59.35189
                ],
                [
                    18.05255,
                    59.35198
                ],
                [
                    18.05243,
                    59.35204
                ],
                [
                    18.05235,
                    59.3521
                ],
                [
                    18.05229,
                    59.35231
                ],
                [
                    18.052,
                    59.35244
                ],
                [
                    18.05137,
                    59.35273
                ],
                [
                    18.05118,
                    59.35287
                ],
                [
                    18.05116,
                    59.3529
                ]
            ]
        }
    ]
}