{
    "city": 1,
    "initialStart": [
        18.07306,
        59.34215
    ],
    "trips": [
        {
            "summary": {
                "distance": 500.4,
                "duration": 112.2
            },
            "user": {
                "id": 58,
                "token": "eyJhbGciOiJIUzI1NiIsInR5cCI6IkpXVCJ9.eyJpZCI6NTgsInJvbGUiOiJ1c2VyIiwiaWF0IjoxNzAyODg5MzY4LCJleHAiOjE3MzQ0MjUzNjh9.Fi53dIoAJea9WyQDBOHRhwnhxjMuP8bCuFC1nG93NaI"
            },
            "coords": [
                [
                    18.07306,
                    59.34215
                ],
                [
                    18.07251,
                    59.34148
                ],
                [
                    18.07266,
                    59.34145
                ],
                [
                    18.07367,
                    59.34271
                ],
                [
                    18.07467,
                    59.34251
                ],
                [
                    18.07529,
                    59.34238
                ],
                [
                    18.07543,
                    59.34233
                ],
                [
                    18.0756,
                    59.3423
                ],
                [
                    18.07604,
                    59.34221
                ],
                [
                    18.07643,
                    59.34213
                ],
                [
                    18.07649,
                    59.34212
                ],
                [
                    18.07714,
                    59.34198
                ],
                [
                    18.07732,
                    59.34195
                ],
                [
                    18.07744,
                    59.34193
                ],
                [
                    18.07752,
                    59.34192
                ],
                [
                    18.07765,
                    59.34189
                ],
                [
                    18.07759,
                    59.34182
                ],
                [
                    18.07771,
                    59.3418
                ]
            ]
        }
    ]
}