{
    "city": 1,
    "initialStart": [
        18.03145,
        59.33948
    ],
    "trips": [
        {
            "summary": {
                "distance": 491.5,
                "duration": 80.4
            },
            "user": {
                "id": 580,
                "token": "eyJhbGciOiJIUzI1NiIsInR5cCI6IkpXVCJ9.eyJpZCI6NTgwLCJyb2xlIjoidXNlciIsImlhdCI6MTcwMjkxNDIxMSwiZXhwIjoxNzM0NDUwMjExfQ.aD1YUNvUcfBpGQKxATI9ytVxqAkCyt1ikZte7OvJs98"
            },
            "coords": [
                [
                    18.03145,
                    59.33948
                ],
                [
                    18.03132,
                    59.33927
                ],
                [
                    18.03038,
                    59.33966
                ],
                [
                    18.03029,
                    59.33969
                ],
                [
                    18.03027,
                    59.33973
                ],
                [
                    18.03027,
                    59.33983
                ],
                [
                    18.03025,
                    59.33993
                ],
                [
                    18.03009,
                    59.34026
                ],
                [
                    18.03029,
                    59.34061
                ],
                [
                    18.03009,
                    59.34056
                ],
                [
                    18.0291,
                    59.34073
                ],
                [
                    18.02824,
                    59.34087
                ],
                [
                    18.02816,
                    59.34093
                ],
                [
                    18.02777,
                    59.34099
                ],
                [
                    18.02734,
                    59.34096
                ],
                [
                    18.02619,
                    59.34077
                ],
                [
                    18.02645,
                    59.34051
                ],
                [
                    18.02652,
                    59.34046
                ]
            ]
        }
    ]
}