{
    "city": 1,
    "initialStart": [
        18.05129,
        59.34375
    ],
    "trips": [
        {
            "summary": {
                "distance": 282.1,
                "duration": 76.5
            },
            "user": {
                "id": 582,
                "token": "eyJhbGciOiJIUzI1NiIsInR5cCI6IkpXVCJ9.eyJpZCI6NTgyLCJyb2xlIjoidXNlciIsImlhdCI6MTcwMjkxNDIxMiwiZXhwIjoxNzM0NDUwMjEyfQ.KqGyWomVh88nSZzXCM5AkXQKfvHpIpUyvKN_FetmGOw"
            },
            "coords": [
                [
                    18.05129,
                    59.34375
                ],
                [
                    18.05051,
                    59.34355
                ],
                [
                    18.05049,
                    59.34354
                ],
                [
                    18.05043,
                    59.34353
                ],
                [
                    18.0504,
                    59.34356
                ],
                [
                    18.05038,
                    59.34359
                ],
                [
                    18.05034,
                    59.34363
                ],
                [
                    18.04976,
                    59.34422
                ],
                [
                    18.04972,
                    59.34424
                ],
                [
                    18.04959,
                    59.34432
                ],
                [
                    18.04945,
                    59.34428
                ],
                [
                    18.04847,
                    59.34404
                ],
                [
                    18.04842,
                    59.34409
                ],
                [
                    18.0485,
                    59.34411
                ],
                [
                    18.04815,
                    59.34447
                ]
            ]
        }
    ]
}