{
    "city": 1,
    "initialStart": [
        18.0902,
        59.31558
    ],
    "trips": [
        {
            "summary": {
                "distance": 720,
                "duration": 132.2
            },
            "user": {
                "id": 597,
                "token": "eyJhbGciOiJIUzI1NiIsInR5cCI6IkpXVCJ9.eyJpZCI6NTk3LCJyb2xlIjoidXNlciIsImlhdCI6MTcwMjkyMTQ3NSwiZXhwIjoxNzM0NDU3NDc1fQ.hhK11sB8YXtUMq5nKRmEGB-02q5zJ6DhhqgU4ylUUYw"
            },
            "coords": [
                [
                    18.0902,
                    59.31558
                ],
                [
                    18.09066,
                    59.31558
                ],
                [
                    18.09157,
                    59.3156
                ],
                [
                    18.09174,
                    59.31559
                ],
                [
                    18.09207,
                    59.31557
                ],
                [
                    18.09208,
                    59.31562
                ],
                [
                    18.09209,
                    59.31566
                ],
                [
                    18.09176,
                    59.31568
                ],
                [
                    18.09159,
                    59.31569
                ],
                [
                    18.0903,
                    59.31568
                ],
                [
                    18.0901,
                    59.3157
                ],
                [
                    18.09001,
                    59.31573
                ],
                [
                    18.08991,
                    59.31573
                ],
                [
                    18.08991,
                    59.31576
                ],
                [
                    18.08991,
                    59.31587
                ],
                [
                    18.08972,
                    59.31653
                ],
                [
                    18.08967,
                    59.31671
                ],
                [
                    18.08965,
                    59.31675
                ],
                [
                    18.08956,
                    59.31705
                ],
                [
                    18.0895,
                    59.31713
                ],
                [
                    18.08934,
                    59.31717
                ],
                [
                    18.08831,
                    59.31722
                ],
                [
                    18.0883,
                    59.31694
                ],
                [
                    18.0883,
                    59.31675
                ],
                [
                    18.08825,
                    59.31669
                ],
                [
                    18.08738,
                    59.31674
                ],
                [
                    18.08575,
                    59.31683
                ],
                [
                    18.08573,
                    59.31674
                ],
                [
                    18.08571,
                    59.31667
                ],
                [
                    18.08568,
                    59.31653
                ],
                [
                    18.08566,
                    59.31643
                ],
                [
                    18.08566,
                    59.31641
                ],
                [
                    18.08565,
                    59.31638
                ]
            ]
        }
    ]
}