{
    "city": 1,
    "initialStart": [
        18.04636,
        59.34109
    ],
    "trips": [
        {
            "summary": {
                "distance": 436.8,
                "duration": 96.1
            },
            "user": {
                "id": 601,
                "token": "eyJhbGciOiJIUzI1NiIsInR5cCI6IkpXVCJ9.eyJpZCI6NjAxLCJyb2xlIjoidXNlciIsImlhdCI6MTcwMjkyMTQ4MSwiZXhwIjoxNzM0NDU3NDgxfQ.riBqQ24efn51deeRHGvrLq1Hka-q5gtElka0XWn_JB4"
            },
            "coords": [
                [
                    18.04636,
                    59.34109
                ],
                [
                    18.04595,
                    59.3415
                ],
                [
                    18.04584,
                    59.34148
                ],
                [
                    18.04575,
                    59.34155
                ],
                [
                    18.046,
                    59.34162
                ],
                [
                    18.04725,
                    59.34193
                ],
                [
                    18.0474,
                    59.34198
                ],
                [
                    18.04756,
                    59.34202
                ],
                [
                    18.04862,
                    59.34229
                ],
                [
                    18.04884,
                    59.34234
                ],
                [
                    18.04905,
                    59.34239
                ],
                [
                    18.04991,
                    59.3426
                ],
                [
                    18.05093,
                    59.34285
                ],
                [
                    18.05099,
                    59.34286
                ],
                [
                    18.05106,
                    59.34278
                ],
                [
                    18.05099,
                    59.34276
                ],
                [
                    18.05117,
                    59.34258
                ]
            ]
        }
    ]
}