{
    "city": 1,
    "initialStart": [
        18.08514,
        59.31078
    ],
    "trips": [
        {
            "summary": {
                "distance": 426,
                "duration": 85.7
            },
            "user": {
                "id": 603,
                "token": "eyJhbGciOiJIUzI1NiIsInR5cCI6IkpXVCJ9.eyJpZCI6NjAzLCJyb2xlIjoidXNlciIsImlhdCI6MTcwMjkyMTQ4MiwiZXhwIjoxNzM0NDU3NDgyfQ.vH2ikFbmolSKu2yRYefXrYTv5L-eRd8dtq4wAcd9QDc"
            },
            "coords": [
                [
                    18.08514,
                    59.31078
                ],
                [
                    18.08596,
                    59.3109
                ],
                [
                    18.08594,
                    59.31095
                ],
                [
                    18.0862,
                    59.31098
                ],
                [
                    18.08626,
                    59.31098
                ],
                [
                    18.08629,
                    59.31096
                ],
                [
                    18.08633,
                    59.31089
                ],
                [
                    18.08649,
                    59.31086
                ],
                [
                    18.08732,
                    59.31048
                ],
                [
                    18.08739,
                    59.31045
                ],
                [
                    18.08756,
                    59.31037
                ],
                [
                    18.0878,
                    59.31027
                ],
                [
                    18.08951,
                    59.30955
                ],
                [
                    18.08914,
                    59.30932
                ],
                [
                    18.08935,
                    59.30924
                ],
                [
                    18.08899,
                    59.30901
                ],
                [
                    18.08885,
                    59.30904
                ],
                [
                    18.08875,
                    59.30908
                ],
                [
                    18.08858,
                    59.30915
                ]
            ]
        }
    ]
}