{
    "city": 1,
    "initialStart": [
        18.01462,
        59.3301
    ],
    "trips": [
        {
            "summary": {
                "distance": 377.2,
                "duration": 141.6
            },
            "user": {
                "id": 605,
                "token": "eyJhbGciOiJIUzI1NiIsInR5cCI6IkpXVCJ9.eyJpZCI6NjA1LCJyb2xlIjoidXNlciIsImlhdCI6MTcwMjkyMTQ4MywiZXhwIjoxNzM0NDU3NDgzfQ.DrhjLftn00O3w58Ex7cznSIXofyqG5iF-M81bimn9_8"
            },
            "coords": [
                [
                    18.01462,
                    59.3301
                ],
                [
                    18.01495,
                    59.32964
                ],
                [
                    18.01481,
                    59.32962
                ],
                [
                    18.01417,
                    59.32949
                ],
                [
                    18.01394,
                    59.32945
                ],
                [
                    18.01387,
                    59.32942
                ],
                [
                    18.01395,
                    59.32931
                ],
                [
                    18.01424,
                    59.3289
                ],
                [
                    18.01437,
                    59.32872
                ],
                [
                    18.01445,
                    59.3286
                ],
                [
                    18.01445,
                    59.32855
                ],
                [
                    18.01335,
                    59.32858
                ],
                [
                    18.01318,
                    59.32858
                ],
                [
                    18.01316,
                    59.32839
                ],
                [
                    18.01315,
                    59.32831
                ],
                [
                    18.013,
                    59.32833
                ],
                [
                    18.01223,
                    59.32835
                ]
            ]
        }
    ]
}