{
    "city": 1,
    "initialStart": [
        18.05823,
        59.31086
    ],
    "trips": [
        {
            "summary": {
                "distance": 390.6,
                "duration": 77.9
            },
            "user": {
                "id": 615,
                "token": "eyJhbGciOiJIUzI1NiIsInR5cCI6IkpXVCJ9.eyJpZCI6NjE1LCJyb2xlIjoidXNlciIsImlhdCI6MTcwMjkyMTQ5MCwiZXhwIjoxNzM0NDU3NDkwfQ.xj4Twkz-bfg89jHFbNPblRjIUTuXCcrqEGP-ZmIZo88"
            },
            "coords": [
                [
                    18.05823,
                    59.31086
                ],
                [
                    18.05832,
                    59.31081
                ],
                [
                    18.05825,
                    59.31078
                ],
                [
                    18.05822,
                    59.31076
                ],
                [
                    18.05783,
                    59.31091
                ],
                [
                    18.05776,
                    59.311
                ],
                [
                    18.05581,
                    59.31181
                ],
                [
                    18.05573,
                    59.31183
                ],
                [
                    18.0555,
                    59.31193
                ],
                [
                    18.05537,
                    59.31191
                ],
                [
                    18.05531,
                    59.31187
                ],
                [
                    18.05513,
                    59.31195
                ],
                [
                    18.05503,
                    59.3119
                ],
                [
                    18.05492,
                    59.31185
                ],
                [
                    18.05485,
                    59.31182
                ],
                [
                    18.05337,
                    59.31163
                ],
                [
                    18.05335,
                    59.31169
                ],
                [
                    18.05389,
                    59.31176
                ]
            ]
        }
    ]
}