{
    "city": 1,
    "initialStart": [
        18.03529,
        59.31676
    ],
    "trips": [
        {
            "summary": {
                "distance": 817.3,
                "duration": 162.6
            },
            "user": {
                "id": 616,
                "token": "eyJhbGciOiJIUzI1NiIsInR5cCI6IkpXVCJ9.eyJpZCI6NjE2LCJyb2xlIjoidXNlciIsImlhdCI6MTcwMjkyMTQ5MSwiZXhwIjoxNzM0NDU3NDkxfQ.YZ6nQR7-YauFT1ZnVHUKnWiiE-fvcey900MKal4cqYI"
            },
            "coords": [
                [
                    18.03529,
                    59.31676
                ],
                [
                    18.03497,
                    59.31712
                ],
                [
                    18.03484,
                    59.31725
                ],
                [
                    18.03466,
                    59.31736
                ],
                [
                    18.03448,
                    59.31741
                ],
                [
                    18.03415,
                    59.31805
                ],
                [
                    18.03542,
                    59.3181
                ],
                [
                    18.03549,
                    59.31811
                ],
                [
                    18.03518,
                    59.31898
                ],
                [
                    18.03289,
                    59.31877
                ],
                [
                    18.03264,
                    59.31875
                ],
                [
                    18.03245,
                    59.31876
                ],
                [
                    18.0323,
                    59.3188
                ],
                [
                    18.03224,
                    59.3188
                ],
                [
                    18.03211,
                    59.31878
                ],
                [
                    18.03197,
                    59.31876
                ],
                [
                    18.03183,
                    59.31874
                ],
                [
                    18.03189,
                    59.31861
                ],
                [
                    18.0319,
                    59.31848
                ],
                [
                    18.03199,
                    59.3183
                ],
                [
                    18.03186,
                    59.31828
                ],
                [
                    18.0317,
                    59.31828
                ],
                [
                    18.03156,
                    59.31829
                ],
                [
                    18.03085,
                    59.31842
                ],
                [
                    18.0306,
                    59.31847
                ],
                [
                    18.03064,
                    59.31837
                ],
                [
                    18.03071,
                    59.31824
                ],
                [
                    18.03101,
                    59.31761
                ],
                [
                    18.03114,
                    59.31733
                ],
                [
                    18.03076,
                    59.31728
                ]
            ]
        }
    ]
}