{
    "city": 1,
    "initialStart": [
        18.04261,
        59.33716
    ],
    "trips": [
        {
            "summary": {
                "distance": 1440.1,
                "duration": 289.4
            },
            "user": {
                "id": 619,
                "token": "eyJhbGciOiJIUzI1NiIsInR5cCI6IkpXVCJ9.eyJpZCI6NjE5LCJyb2xlIjoidXNlciIsImlhdCI6MTcwMjkyMTQ5MiwiZXhwIjoxNzM0NDU3NDkyfQ.6NF4-nOGzMdoRsAaIyGfrzeWEunJNNAzlgWoYgWag1Y"
            },
            "coords": [
                [
                    18.04261,
                    59.33716
                ],
                [
                    18.04146,
                    59.33761
                ],
                [
                    18.04056,
                    59.33803
                ],
                [
                    18.04049,
                    59.33806
                ],
                [
                    18.0406,
                    59.33811
                ],
                [
                    18.0415,
                    59.33764
                ],
                [
                    18.04268,
                    59.33718
                ],
                [
                    18.0431,
                    59.33706
                ],
                [
                    18.04496,
                    59.33671
                ],
                [
                    18.04572,
                    59.33658
                ],
                [
                    18.04574,
                    59.33663
                ],
                [
                    18.04578,
                    59.33669
                ],
                [
                    18.04548,
                    59.33674
                ],
                [
                    18.04549,
                    59.33676
                ],
                [
                    18.04562,
                    59.33695
                ],
                [
                    18.04577,
                    59.3372
                ],
                [
                    18.04577,
                    59.33731
                ],
                [
                    18.04518,
                    59.33792
                ],
                [
                    18.04494,
                    59.33805
                ],
                [
                    18.04458,
                    59.33843
                ],
                [
                    18.04478,
                    59.33848
                ],
                [
                    18.04491,
                    59.33836
                ],
                [
                    18.04519,
                    59.33808
                ],
                [
                    18.04587,
                    59.33739
                ],
                [
                    18.04599,
                    59.33733
                ],
                [
                    18.04765,
                    59.33692
                ],
                [
                    18.04774,
                    59.33687
                ],
                [
                    18.0481,
                    59.33652
                ],
                [
                    18.04813,
                    59.33651
                ],
                [
                    18.04802,
                    59.33647
                ],
                [
                    18.04756,
                    59.33624
                ],
                [
                    18.0473,
                    59.33607
                ],
                [
                    18.04709,
                    59.33587
                ],
                [
                    18.04657,
                    59.33526
                ],
                [
                    18.04638,
                    59.33498
                ],
                [
                    18.04607,
                    59.33449
                ],
                [
                    18.04607,
                    59.33445
                ],
                [
                    18.04606,
                    59.33442
                ],
                [
                    18.04604,
                    59.33439
                ],
                [
                    18.04596,
                    59.3344
                ],
                [
                    18.04576,
                    59.33442
                ],
                [
                    18.04481,
                    59.33455
                ],
                [
                    18.04471,
                    59.33454
                ],
                [
                    18.04464,
                    59.33452
                ],
                [
                    18.0444,
                    59.33452
                ],
                [
                    18.04447,
                    59.33462
                ],
                [
                    18.04448,
                    59.33463
                ]
            ]
        }
    ]
}