{
    "city": 1,
    "initialStart": [
        18.05377,
        59.31769
    ],
    "trips": [
        {
            "summary": {
                "distance": 421.6,
                "duration": 91
            },
            "user": {
                "id": 62,
                "token": "eyJhbGciOiJIUzI1NiIsInR5cCI6IkpXVCJ9.eyJpZCI6NjIsInJvbGUiOiJ1c2VyIiwiaWF0IjoxNzAyODg5MzY5LCJleHAiOjE3MzQ0MjUzNjl9.3n7iWARGvFfOaYjvqgk_ZIiAKbHIDDyF5Eo3D8kpT2c"
            },
            "coords": [
                [
                    18.05377,
                    59.31769
                ],
                [
                    18.05496,
                    59.31784
                ],
                [
                    18.05493,
                    59.3179
                ],
                [
                    18.05512,
                    59.31792
                ],
                [
                    18.05516,
                    59.31784
                ],
                [
                    18.05541,
                    59.31733
                ],
                [
                    18.05549,
                    59.31725
                ],
                [
                    18.05553,
                    59.31716
                ],
                [
                    18.05578,
                    59.31667
                ],
                [
                    18.05582,
                    59.31658
                ],
                [
                    18.05609,
                    59.31604
                ],
                [
                    18.05612,
                    59.31596
                ],
                [
                    18.05643,
                    59.31533
                ],
                [
                    18.05647,
                    59.31525
                ],
                [
                    18.05634,
                    59.31523
                ],
                [
                    18.05602,
                    59.31519
                ]
            ]
        }
    ]
}