{
    "city": 1,
    "initialStart": [
        18.01123,
        59.33736
    ],
    "trips": [
        {
            "summary": {
                "distance": 697,
                "duration": 124.2
            },
            "user": {
                "id": 620,
                "token": "eyJhbGciOiJIUzI1NiIsInR5cCI6IkpXVCJ9.eyJpZCI6NjIwLCJyb2xlIjoidXNlciIsImlhdCI6MTcwMjkyMTQ5MywiZXhwIjoxNzM0NDU3NDkzfQ.CFctLPWTLBPwAHIE9Z2uDbgZkN7dgcYBCSlqaiDhhoI"
            },
            "coords": [
                [
                    18.01123,
                    59.33736
                ],
                [
                    18.01128,
                    59.33776
                ],
                [
                    18.01135,
                    59.33836
                ],
                [
                    18.01074,
                    59.33838
                ],
                [
                    18.01058,
                    59.3372
                ],
                [
                    18.01049,
                    59.33691
                ],
                [
                    18.01032,
                    59.33676
                ],
                [
                    18.00996,
                    59.33693
                ],
                [
                    18.00853,
                    59.33764
                ],
                [
                    18.00828,
                    59.33777
                ],
                [
                    18.00802,
                    59.3379
                ],
                [
                    18.00796,
                    59.33786
                ],
                [
                    18.00788,
                    59.3379
                ],
                [
                    18.00774,
                    59.33782
                ],
                [
                    18.00768,
                    59.33779
                ],
                [
                    18.00778,
                    59.33774
                ],
                [
                    18.008,
                    59.33762
                ],
                [
                    18.00965,
                    59.33679
                ]
            ]
        }
    ]
}