{
    "city": 2,
    "initialStart": [
        11.94683,
        57.6893
    ],
    "trips": [
        {
            "summary": {
                "distance": 767.4,
                "duration": 193
            },
            "user": {
                "id": 630,
                "token": "eyJhbGciOiJIUzI1NiIsInR5cCI6IkpXVCJ9.eyJpZCI6NjMwLCJyb2xlIjoidXNlciIsImlhdCI6MTcwMjkyMzgxNiwiZXhwIjoxNzM0NDU5ODE2fQ.DKIPHJ8g6rnj6nplrwcEsOzFkeS-_bqNCC94vnJr3ck"
            },
            "coords": [
                [
                    11.94683,
                    57.6893
                ],
                [
                    11.94672,
                    57.68927
                ],
                [
                    11.94637,
                    57.68927
                ],
                [
                    11.94633,
                    57.68928
                ],
                [
                    11.94577,
                    57.6893
                ],
                [
                    11.94572,
                    57.6893
                ],
                [
                    11.94596,
                    57.68908
                ],
                [
                    11.94602,
                    57.68897
                ],
                [
                    11.94614,
                    57.68888
                ],
                [
                    11.94605,
                    57.68879
                ],
                [
                    11.94579,
                    57.68885
                ],
                [
                    11.94558,
                    57.68894
                ],
                [
                    11.94533,
                    57.68921
                ],
                [
                    11.94508,
                    57.68939
                ],
                [
                    11.94494,
                    57.68945
                ],
                [
                    11.94477,
                    57.68949
                ],
                [
                    11.94453,
                    57.68951
                ],
                [
                    11.94437,
                    57.68951
                ],
                [
                    11.94307,
                    57.68945
                ],
                [
                    11.94333,
                    57.68954
                ],
                [
                    11.94364,
                    57.6896
                ],
                [
                    11.94399,
                    57.68969
                ],
                [
                    11.94429,
                    57.68981
                ],
                [
                    11.94451,
                    57.68997
                ],
                [
                    11.94458,
                    57.69008
                ],
                [
                    11.94463,
                    57.69018
                ],
                [
                    11.94462,
                    57.69029
                ],
                [
                    11.94449,
                    57.69062
                ],
                [
                    11.94453,
                    57.69101
                ],
                [
                    11.9444,
                    57.69138
                ],
                [
                    11.94437,
                    57.69158
                ],
                [
                    11.94439,
                    57.69172
                ],
                [
                    11.94483,
                    57.69193
                ],
                [
                    11.94524,
                    57.69215
                ],
                [
                    11.94531,
                    57.69222
                ],
                [
                    11.94538,
                    57.69214
                ],
                [
                    11.94552,
                    57.69203
                ],
                [
                    11.94566,
                    57.692
                ]
            ]
        }
    ]
}