{
    "city": 2,
    "initialStart": [
        11.89644,
        57.65489
    ],
    "trips": [
        {
            "summary": {
                "distance": 512.1,
                "duration": 122.4
            },
            "user": {
                "id": 631,
                "token": "eyJhbGciOiJIUzI1NiIsInR5cCI6IkpXVCJ9.eyJpZCI6NjMxLCJyb2xlIjoidXNlciIsImlhdCI6MTcwMjkyMzgxNiwiZXhwIjoxNzM0NDU5ODE2fQ.OWmtR24GzxQqw1PlF9zUS88FAydEg23i__R8fLDOzGw"
            },
            "coords": [
                [
                    11.89644,
                    57.65489
                ],
                [
                    11.89699,
                    57.65507
                ],
                [
                    11.89712,
                    57.65511
                ],
                [
                    11.89704,
                    57.6552
                ],
                [
                    11.897,
                    57.6553
                ],
                [
                    11.89692,
                    57.6554
                ],
                [
                    11.89647,
                    57.65581
                ],
                [
                    11.89663,
                    57.65586
                ],
                [
                    11.89717,
                    57.65603
                ],
                [
                    11.89766,
                    57.65577
                ],
                [
                    11.89853,
                    57.65528
                ],
                [
                    11.89868,
                    57.6552
                ],
                [
                    11.90002,
                    57.65443
                ],
                [
                    11.90015,
                    57.65435
                ],
                [
                    11.90093,
                    57.65386
                ]
            ]
        }
    ]
}