{
    "city": 2,
    "initialStart": [
        11.87623,
        57.65467
    ],
    "trips": [
        {
            "summary": {
                "distance": 327,
                "duration": 53.5
            },
            "user": {
                "id": 632,
                "token": "eyJhbGciOiJIUzI1NiIsInR5cCI6IkpXVCJ9.eyJpZCI6NjMyLCJyb2xlIjoidXNlciIsImlhdCI6MTcwMjkyMzgxNiwiZXhwIjoxNzM0NDU5ODE2fQ.O4fx7EZMB1aqFZutAbzDmcrpharfjv7L4LsCGakbXZ0"
            },
            "coords": [
                [
                    11.87623,
                    57.65467
                ],
                [
                    11.87565,
                    57.65463
                ],
                [
                    11.87535,
                    57.65479
                ],
                [
                    11.87524,
                    57.6549
                ],
                [
                    11.8751,
                    57.65512
                ],
                [
                    11.87501,
                    57.65529
                ],
                [
                    11.87489,
                    57.65553
                ],
                [
                    11.87481,
                    57.6557
                ],
                [
                    11.87484,
                    57.65588
                ],
                [
                    11.87489,
                    57.65612
                ],
                [
                    11.8749,
                    57.65618
                ],
                [
                    11.87491,
                    57.65625
                ],
                [
                    11.87494,
                    57.65639
                ],
                [
                    11.87496,
                    57.65661
                ],
                [
                    11.87485,
                    57.65676
                ],
                [
                    11.87471,
                    57.65686
                ],
                [
                    11.87437,
                    57.65701
                ]
            ]
        }
    ]
}