{
    "city": 2,
    "initialStart": [
        12.00388,
        57.71409
    ],
    "trips": [
        {
            "summary": {
                "distance": 687.2,
                "duration": 117
            },
            "user": {
                "id": 634,
                "token": "eyJhbGciOiJIUzI1NiIsInR5cCI6IkpXVCJ9.eyJpZCI6NjM0LCJyb2xlIjoidXNlciIsImlhdCI6MTcwMzA4ODc3MSwiZXhwIjoxNzM0NjI0NzcxfQ.LoGUe6_uZDTJLvV8kweLYb1-TDbbSguBKXGXprZraL4"
            },
            "coords": [
                [
                    12.00388,
                    57.71409
                ],
                [
                    12.00387,
                    57.71406
                ],
                [
                    12.00403,
                    57.71403
                ],
                [
                    12.00404,
                    57.714
                ],
                [
                    12.0039,
                    57.71397
                ],
                [
                    12.0038,
                    57.71395
                ],
                [
                    12.0034,
                    57.71375
                ],
                [
                    12.00312,
                    57.7136
                ],
                [
                    12.00301,
                    57.71356
                ],
                [
                    12.00364,
                    57.71303
                ],
                [
                    12.00452,
                    57.71225
                ],
                [
                    12.00439,
                    57.71196
                ],
                [
                    12.00435,
                    57.71189
                ],
                [
                    12.00423,
                    57.71164
                ],
                [
                    12.00412,
                    57.7114
                ],
                [
                    12.0041,
                    57.71134
                ],
                [
                    12.00401,
                    57.71116
                ],
                [
                    12.00393,
                    57.71108
                ],
                [
                    12.00329,
                    57.71074
                ],
                [
                    12.00257,
                    57.71113
                ],
                [
                    12.00229,
                    57.71128
                ],
                [
                    12.00221,
                    57.7113
                ],
                [
                    12.00229,
                    57.71137
                ],
                [
                    12.00231,
                    57.71142
                ],
                [
                    12.00239,
                    57.71159
                ],
                [
                    12.00244,
                    57.7117
                ],
                [
                    12.00253,
                    57.7119
                ],
                [
                    12.00142,
                    57.71208
                ],
                [
                    12.00139,
                    57.71211
                ]
            ]
        }
    ]
}