{
    "city": 2,
    "initialStart": [
        11.95713,
        57.73178
    ],
    "trips": [
        {
            "summary": {
                "distance": 743.5,
                "duration": 121.7
            },
            "user": {
                "id": 639,
                "token": "eyJhbGciOiJIUzI1NiIsInR5cCI6IkpXVCJ9.eyJpZCI6NjM5LCJyb2xlIjoidXNlciIsImlhdCI6MTcwMzA4ODc3MywiZXhwIjoxNzM0NjI0NzczfQ.sQghIOdOIoszN6oGcWc69azahhpGbCLpjRH7s9LT-TU"
            },
            "coords": [
                [
                    11.95713,
                    57.73178
                ],
                [
                    11.95735,
                    57.73132
                ],
                [
                    11.95736,
                    57.73125
                ],
                [
                    11.95735,
                    57.73109
                ],
                [
                    11.9575,
                    57.73098
                ],
                [
                    11.95767,
                    57.73059
                ],
                [
                    11.95777,
                    57.73016
                ],
                [
                    11.9573,
                    57.73018
                ],
                [
                    11.95562,
                    57.73008
                ],
                [
                    11.95546,
                    57.73004
                ],
                [
                    11.95494,
                    57.72999
                ],
                [
                    11.95482,
                    57.73
                ],
                [
                    11.95455,
                    57.73007
                ],
                [
                    11.95444,
                    57.73006
                ],
                [
                    11.9543,
                    57.73005
                ],
                [
                    11.95427,
                    57.72992
                ],
                [
                    11.95421,
                    57.72989
                ],
                [
                    11.95416,
                    57.72981
                ],
                [
                    11.95417,
                    57.72975
                ],
                [
                    11.95422,
                    57.7297
                ],
                [
                    11.95435,
                    57.72966
                ],
                [
                    11.95445,
                    57.72965
                ],
                [
                    11.95455,
                    57.72966
                ],
                [
                    11.95468,
                    57.72971
                ],
                [
                    11.95473,
                    57.72975
                ],
                [
                    11.95508,
                    57.72984
                ],
                [
                    11.95538,
                    57.72989
                ],
                [
                    11.95577,
                    57.72992
                ],
                [
                    11.95821,
                    57.73003
                ],
                [
                    11.95879,
                    57.73002
                ],
                [
                    11.95894,
                    57.73
                ],
                [
                    11.95916,
                    57.72993
                ]
            ]
        }
    ]
}