{
    "city": 1,
    "initialStart": [
        18.07683,
        59.31749
    ],
    "trips": [
        {
            "summary": {
                "distance": 1567.6,
                "duration": 334.9
            },
            "user": {
                "id": 64,
                "token": "eyJhbGciOiJIUzI1NiIsInR5cCI6IkpXVCJ9.eyJpZCI6NjQsInJvbGUiOiJ1c2VyIiwiaWF0IjoxNzAyODg5MzcwLCJleHAiOjE3MzQ0MjUzNzB9.PpzgVkEhY-Ltp4thyPS3rTbqTvyiD-hqNpLu5QHiLq4"
            },
            "coords": [
                [
                    18.07683,
                    59.31749
                ],
                [
                    18.07679,
                    59.31752
                ],
                [
                    18.07669,
                    59.31781
                ],
                [
                    18.07667,
                    59.31788
                ],
                [
                    18.07496,
                    59.31767
                ],
                [
                    18.07477,
                    59.31801
                ],
                [
                    18.07467,
                    59.31819
                ],
                [
                    18.07461,
                    59.31824
                ],
                [
                    18.07448,
                    59.31825
                ],
                [
                    18.0741,
                    59.31821
                ],
                [
                    18.07392,
                    59.3182
                ],
                [
                    18.07375,
                    59.3182
                ],
                [
                    18.07329,
                    59.31814
                ],
                [
                    18.07144,
                    59.31788
                ],
                [
                    18.07109,
                    59.31858
                ],
                [
                    18.07106,
                    59.31865
                ],
                [
                    18.07091,
                    59.31894
                ],
                [
                    18.07079,
                    59.31917
                ],
                [
                    18.07069,
                    59.31935
                ],
                [
                    18.07068,
                    59.31938
                ],
                [
                    18.07066,
                    59.31942
                ],
                [
                    18.07056,
                    59.31963
                ],
                [
                    18.07052,
                    59.31978
                ],
                [
                    18.07049,
                    59.31987
                ],
                [
                    18.07053,
                    59.3199
                ],
                [
                    18.07082,
                    59.31996
                ],
                [
                    18.0723,
                    59.32013
                ],
                [
                    18.07256,
                    59.32017
                ],
                [
                    18.07285,
                    59.32023
                ],
                [
                    18.07318,
                    59.3203
                ],
                [
                    18.07336,
                    59.32037
                ],
                [
                    18.07342,
                    59.32042
                ],
                [
                    18.07389,
                    59.32096
                ],
                [
                    18.07433,
                    59.32139
                ],
                [
                    18.07446,
                    59.32164
                ],
                [
                    18.07448,
                    59.3217
                ],
                [
                    18.07454,
                    59.32183
                ],
                [
                    18.07479,
                    59.32235
                ],
                [
                    18.07504,
                    59.32231
                ],
                [
                    18.075,
                    59.32218
                ],
                [
                    18.07477,
                    59.32177
                ],
                [
                    18.07471,
                    59.32159
                ],
                [
                    18.07367,
                    59.3205
                ],
                [
                    18.07371,
                    59.32049
                ],
                [
                    18.07512,
                    59.32015
                ],
                [
                    18.07527,
                    59.32012
                ],
                [
                    18.07701,
                    59.3197
                ],
                [
                    18.07721,
                    59.31963
                ],
                [
                    18.07732,
                    59.31956
                ],
                [
                    18.07736,
                    59.31948
                ],
                [
                    18.07748,
                    59.31941
                ],
                [
                    18.07755,
                    59.31939
                ],
                [
                    18.07817,
                    59.31924
                ],
                [
                    18.07818,
                    59.31925
                ],
                [
                    18.07825,
                    59.31925
                ]
            ]
        }
    ]
}