{
    "city": 2,
    "initialStart": [
        11.97375,
        57.69078
    ],
    "trips": [
        {
            "summary": {
                "distance": 396.6,
                "duration": 64.9
            },
            "user": {
                "id": 640,
                "token": "eyJhbGciOiJIUzI1NiIsInR5cCI6IkpXVCJ9.eyJpZCI6NjQwLCJyb2xlIjoidXNlciIsImlhdCI6MTcwMzA4ODc3MywiZXhwIjoxNzM0NjI0NzczfQ.96r6ID9A3fmJ8ZeBDDBQhDNadnl6vSD7HY_3Q7wOB_c"
            },
            "coords": [
                [
                    11.97375,
                    57.69078
                ],
                [
                    11.97369,
                    57.69038
                ],
                [
                    11.97371,
                    57.6903
                ],
                [
                    11.97363,
                    57.6903
                ],
                [
                    11.97355,
                    57.69031
                ],
                [
                    11.97342,
                    57.69033
                ],
                [
                    11.97333,
                    57.69034
                ],
                [
                    11.97323,
                    57.69037
                ],
                [
                    11.97333,
                    57.69042
                ],
                [
                    11.9733,
                    57.69044
                ],
                [
                    11.97321,
                    57.69044
                ],
                [
                    11.97318,
                    57.69046
                ],
                [
                    11.97239,
                    57.69109
                ],
                [
                    11.97231,
                    57.69116
                ],
                [
                    11.97237,
                    57.69125
                ],
                [
                    11.97101,
                    57.69239
                ],
                [
                    11.97071,
                    57.69264
                ],
                [
                    11.97066,
                    57.69269
                ]
            ]
        }
    ]
}