{
    "city": 2,
    "initialStart": [
        11.97412,
        57.70804
    ],
    "trips": [
        {
            "summary": {
                "distance": 464.9,
                "duration": 147.9
            },
            "user": {
                "id": 646,
                "token": "eyJhbGciOiJIUzI1NiIsInR5cCI6IkpXVCJ9.eyJpZCI6NjQ2LCJyb2xlIjoidXNlciIsImlhdCI6MTcwMzA4ODc3NCwiZXhwIjoxNzM0NjI0Nzc0fQ.lUFuy_NYjBogYtRQn1m49z829F8S2jN_4Pe59ScPsFg"
            },
            "coords": [
                [
                    11.97412,
                    57.70804
                ],
                [
                    11.97395,
                    57.70837
                ],
                [
                    11.97346,
                    57.70828
                ],
                [
                    11.97375,
                    57.70777
                ],
                [
                    11.97389,
                    57.70768
                ],
                [
                    11.97396,
                    57.70753
                ],
                [
                    11.97396,
                    57.7075
                ],
                [
                    11.97395,
                    57.70739
                ],
                [
                    11.97394,
                    57.70736
                ],
                [
                    11.97236,
                    57.70732
                ],
                [
                    11.9719,
                    57.70732
                ],
                [
                    11.97185,
                    57.70732
                ],
                [
                    11.97181,
                    57.70733
                ],
                [
                    11.97166,
                    57.70733
                ],
                [
                    11.9716,
                    57.70733
                ],
                [
                    11.97157,
                    57.70736
                ],
                [
                    11.97161,
                    57.70746
                ],
                [
                    11.97162,
                    57.70758
                ],
                [
                    11.97128,
                    57.70814
                ],
                [
                    11.97045,
                    57.708
                ],
                [
                    11.9704,
                    57.70799
                ]
            ]
        }
    ]
}