{
    "city": 2,
    "initialStart": [
        11.90741,
        57.6861
    ],
    "trips": [
        {
            "summary": {
                "distance": 505.6,
                "duration": 82.7
            },
            "user": {
                "id": 650,
                "token": "eyJhbGciOiJIUzI1NiIsInR5cCI6IkpXVCJ9.eyJpZCI6NjUwLCJyb2xlIjoidXNlciIsImlhdCI6MTcwMzA4ODc3NSwiZXhwIjoxNzM0NjI0Nzc1fQ.NlOWC4ZzTIqu3dl2t42H2Z6-_mV_sCheQ5thgHsnnhQ"
            },
            "coords": [
                [
                    11.90741,
                    57.6861
                ],
                [
                    11.9071,
                    57.68624
                ],
                [
                    11.90695,
                    57.68631
                ],
                [
                    11.90687,
                    57.68633
                ],
                [
                    11.90723,
                    57.68666
                ],
                [
                    11.90756,
                    57.68687
                ],
                [
                    11.90815,
                    57.68723
                ],
                [
                    11.90849,
                    57.68744
                ],
                [
                    11.90844,
                    57.68747
                ],
                [
                    11.90897,
                    57.68781
                ],
                [
                    11.90903,
                    57.6879
                ],
                [
                    11.90917,
                    57.68801
                ],
                [
                    11.90934,
                    57.68811
                ],
                [
                    11.90958,
                    57.68826
                ],
                [
                    11.90966,
                    57.68831
                ],
                [
                    11.90918,
                    57.68845
                ],
                [
                    11.90861,
                    57.68863
                ],
                [
                    11.90823,
                    57.68871
                ],
                [
                    11.90778,
                    57.68872
                ],
                [
                    11.90777,
                    57.68868
                ],
                [
                    11.90774,
                    57.68855
                ],
                [
                    11.90762,
                    57.68843
                ],
                [
                    11.90749,
                    57.68833
                ],
                [
                    11.90733,
                    57.68825
                ]
            ]
        }
    ]
}