{
    "city": 2,
    "initialStart": [
        11.89991,
        57.6666
    ],
    "trips": [
        {
            "summary": {
                "distance": 584.6,
                "duration": 143.1
            },
            "user": {
                "id": 658,
                "token": "eyJhbGciOiJIUzI1NiIsInR5cCI6IkpXVCJ9.eyJpZCI6NjU4LCJyb2xlIjoidXNlciIsImlhdCI6MTcwMzA4ODc4MCwiZXhwIjoxNzM0NjI0NzgwfQ.tntu_fD1bJNWghHUKp6wrFm-NgbBcd8Or6RURC19_2A"
            },
            "coords": [
                [
                    11.89991,
                    57.6666
                ],
                [
                    11.8999,
                    57.66669
                ],
                [
                    11.89963,
                    57.66667
                ],
                [
                    11.89954,
                    57.66666
                ],
                [
                    11.89889,
                    57.66658
                ],
                [
                    11.89884,
                    57.66656
                ],
                [
                    11.89875,
                    57.66649
                ],
                [
                    11.89832,
                    57.66657
                ],
                [
                    11.89815,
                    57.66659
                ],
                [
                    11.89742,
                    57.66655
                ],
                [
                    11.89744,
                    57.66539
                ],
                [
                    11.89745,
                    57.66492
                ],
                [
                    11.8974,
                    57.66463
                ],
                [
                    11.89743,
                    57.66418
                ],
                [
                    11.89742,
                    57.66407
                ],
                [
                    11.89732,
                    57.66407
                ],
                [
                    11.89732,
                    57.6642
                ],
                [
                    11.89688,
                    57.6642
                ],
                [
                    11.89699,
                    57.66441
                ],
                [
                    11.897,
                    57.66469
                ],
                [
                    11.897,
                    57.66502
                ],
                [
                    11.89691,
                    57.66502
                ]
            ]
        }
    ]
}