{
    "city": 1,
    "initialStart": [
        18.06528,
        59.3315
    ],
    "trips": [
        {
            "summary": {
                "distance": 436.9,
                "duration": 88.6
            },
            "user": {
                "id": 66,
                "token": "eyJhbGciOiJIUzI1NiIsInR5cCI6IkpXVCJ9.eyJpZCI6NjYsInJvbGUiOiJ1c2VyIiwiaWF0IjoxNzAyODg5MzcxLCJleHAiOjE3MzQ0MjUzNzF9.KsBx1Y7uCeQpkbv3shLzlVxfhxxKFOM1qP7gza5pjMo"
            },
            "coords": [
                [
                    18.06528,
                    59.3315
                ],
                [
                    18.06532,
                    59.33146
                ],
                [
                    18.06539,
                    59.33148
                ],
                [
                    18.06546,
                    59.33147
                ],
                [
                    18.06557,
                    59.3315
                ],
                [
                    18.06587,
                    59.33148
                ],
                [
                    18.06589,
                    59.33139
                ],
                [
                    18.06615,
                    59.33111
                ],
                [
                    18.06477,
                    59.33075
                ],
                [
                    18.06442,
                    59.33066
                ],
                [
                    18.06407,
                    59.33057
                ],
                [
                    18.06355,
                    59.33044
                ],
                [
                    18.06251,
                    59.33017
                ],
                [
                    18.06236,
                    59.33012
                ],
                [
                    18.0623,
                    59.33018
                ],
                [
                    18.062,
                    59.33048
                ],
                [
                    18.0619,
                    59.33052
                ],
                [
                    18.06176,
                    59.33052
                ],
                [
                    18.06135,
                    59.33042
                ],
                [
                    18.06115,
                    59.33037
                ],
                [
                    18.06122,
                    59.33029
                ],
                [
                    18.06131,
                    59.33031
                ]
            ]
        }
    ]
}