{
    "city": 2,
    "initialStart": [
        11.93911,
        57.7331
    ],
    "trips": [
        {
            "summary": {
                "distance": 1390.2,
                "duration": 268.6
            },
            "user": {
                "id": 662,
                "token": "eyJhbGciOiJIUzI1NiIsInR5cCI6IkpXVCJ9.eyJpZCI6NjYyLCJyb2xlIjoidXNlciIsImlhdCI6MTcwMzA4ODc4MSwiZXhwIjoxNzM0NjI0NzgxfQ.Wo13g7KX_zBuU8UE_6AG07Xlgn8nVw2H4Pa5EIhhVM8"
            },
            "coords": [
                [
                    11.93911,
                    57.7331
                ],
                [
                    11.93959,
                    57.73305
                ],
                [
                    11.93991,
                    57.73335
                ],
                [
                    11.94037,
                    57.73372
                ],
                [
                    11.94052,
                    57.73382
                ],
                [
                    11.94084,
                    57.73399
                ],
                [
                    11.94074,
                    57.73406
                ],
                [
                    11.94072,
                    57.73412
                ],
                [
                    11.94088,
                    57.73456
                ],
                [
                    11.94066,
                    57.73458
                ],
                [
                    11.93985,
                    57.73473
                ],
                [
                    11.93977,
                    57.73476
                ],
                [
                    11.93967,
                    57.73483
                ],
                [
                    11.93941,
                    57.73507
                ],
                [
                    11.93907,
                    57.73523
                ],
                [
                    11.93867,
                    57.73545
                ],
                [
                    11.93846,
                    57.73559
                ],
                [
                    11.93842,
                    57.73562
                ],
                [
                    11.93826,
                    57.73573
                ],
                [
                    11.938,
                    57.73586
                ],
                [
                    11.9375,
                    57.73611
                ],
                [
                    11.93738,
                    57.73618
                ],
                [
                    11.93728,
                    57.73628
                ],
                [
                    11.93708,
                    57.73647
                ],
                [
                    11.93691,
                    57.73656
                ],
                [
                    11.93662,
                    57.7368
                ],
                [
                    11.93643,
                    57.73692
                ],
                [
                    11.93612,
                    57.73707
                ],
                [
                    11.93584,
                    57.73724
                ],
                [
                    11.9357,
                    57.7374
                ],
                [
                    11.93568,
                    57.73756
                ],
                [
                    11.93568,
                    57.73768
                ],
                [
                    11.93564,
                    57.73786
                ],
                [
                    11.9356,
                    57.73797
                ],
                [
                    11.93549,
                    57.73801
                ],
                [
                    11.93527,
                    57.73803
                ],
                [
                    11.93506,
                    57.73784
                ],
                [
                    11.93501,
                    57.73775
                ],
                [
                    11.93496,
                    57.73769
                ],
                [
                    11.93486,
                    57.73757
                ],
                [
                    11.93475,
                    57.73751
                ],
                [
                    11.93459,
                    57.73749
                ],
                [
                    11.93419,
                    57.73741
                ],
                [
                    11.93413,
                    57.7374
                ],
                [
                    11.93385,
                    57.73735
                ],
                [
                    11.93374,
                    57.73731
                ],
                [
                    11.93371,
                    57.73722
                ],
                [
                    11.93377,
                    57.73707
                ],
                [
                    11.93382,
                    57.737
                ],
                [
                    11.93386,
                    57.73692
                ],
                [
                    11.93392,
                    57.7368
                ],
                [
                    11.93396,
                    57.7367
                ],
                [
                    11.93399,
                    57.73665
                ],
                [
                    11.93415,
                    57.73641
                ],
                [
                    11.93403,
                    57.73596
                ],
                [
                    11.93401,
                    57.73572
                ],
                [
                    11.934,
                    57.73563
                ],
                [
                    11.93398,
                    57.73547
                ],
                [
                    11.93393,
                    57.73539
                ],
                [
                    11.93401,
                    57.73513
                ],
                [
                    11.93438,
                    57.73481
                ],
                [
                    11.93473,
                    57.73473
                ],
                [
                    11.93495,
                    57.73473
                ],
                [
                    11.93519,
                    57.7347
                ],
                [
                    11.93543,
                    57.73471
                ],
                [
                    11.93572,
                    57.73489
                ],
                [
                    11.9358,
                    57.73501
                ],
                [
                    11.9361,
                    57.73513
                ],
                [
                    11.93631,
                    57.73525
                ],
                [
                    11.93648,
                    57.73526
                ],
                [
                    11.93672,
                    57.73527
                ],
                [
                    11.93684,
                    57.73523
                ],
                [
                    11.93691,
                    57.73516
                ],
                [
                    11.9371,
                    57.73512
                ],
                [
                    11.9372,
                    57.73508
                ]
            ]
        }
    ]
}