{
    "city": 2,
    "initialStart": [
        12.00599,
        57.71823
    ],
    "trips": [
        {
            "summary": {
                "distance": 610.4,
                "duration": 157.2
            },
            "user": {
                "id": 666,
                "token": "eyJhbGciOiJIUzI1NiIsInR5cCI6IkpXVCJ9.eyJpZCI6NjY2LCJyb2xlIjoidXNlciIsImlhdCI6MTcwMzA4ODc4MiwiZXhwIjoxNzM0NjI0NzgyfQ.GuyS2WmGcwbP4ewQ9UbvDuGnZyEpvvianceHjfVNZkg"
            },
            "coords": [
                [
                    12.00599,
                    57.71823
                ],
                [
                    12.00599,
                    57.71823
                ],
                [
                    12.006,
                    57.71825
                ],
                [
                    12.00545,
                    57.7183
                ],
                [
                    12.00538,
                    57.71817
                ],
                [
                    12.00524,
                    57.71816
                ],
                [
                    12.00511,
                    57.71787
                ],
                [
                    12.00513,
                    57.71777
                ],
                [
                    12.00511,
                    57.7177
                ],
                [
                    12.00505,
                    57.71765
                ],
                [
                    12.00499,
                    57.71742
                ],
                [
                    12.00496,
                    57.71731
                ],
                [
                    12.00496,
                    57.71719
                ],
                [
                    12.00493,
                    57.71705
                ],
                [
                    12.00497,
                    57.71697
                ],
                [
                    12.00491,
                    57.71694
                ],
                [
                    12.00488,
                    57.71692
                ],
                [
                    12.00489,
                    57.7169
                ],
                [
                    12.00491,
                    57.71686
                ],
                [
                    12.00478,
                    57.71684
                ],
                [
                    12.00458,
                    57.71677
                ],
                [
                    12.00452,
                    57.7167
                ],
                [
                    12.00428,
                    57.71636
                ],
                [
                    12.00422,
                    57.71623
                ],
                [
                    12.00416,
                    57.716
                ],
                [
                    12.00414,
                    57.71598
                ],
                [
                    12.00412,
                    57.71594
                ],
                [
                    12.00404,
                    57.71581
                ],
                [
                    12.00404,
                    57.7158
                ],
                [
                    12.00392,
                    57.71567
                ],
                [
                    12.00382,
                    57.71569
                ],
                [
                    12.00375,
                    57.7157
                ],
                [
                    12.00324,
                    57.71579
                ],
                [
                    12.00318,
                    57.71581
                ],
                [
                    12.00318,
                    57.71586
                ],
                [
                    12.00353,
                    57.71649
                ],
                [
                    12.00344,
                    57.71652
                ],
                [
                    12.00325,
                    57.71686
                ],
                [
                    12.00294,
                    57.71697
                ],
                [
                    12.00277,
                    57.71691
                ],
                [
                    12.00276,
                    57.71669
                ],
                [
                    12.00271,
                    57.71657
                ],
                [
                    12.00264,
                    57.71652
                ]
            ]
        }
    ]
}