{
    "city": 2,
    "initialStart": [
        11.87653,
        57.65198
    ],
    "trips": [
        {
            "summary": {
                "distance": 473.1,
                "duration": 96.2
            },
            "user": {
                "id": 671,
                "token": "eyJhbGciOiJIUzI1NiIsInR5cCI6IkpXVCJ9.eyJpZCI6NjcxLCJyb2xlIjoidXNlciIsImlhdCI6MTcwMzA4ODc4MywiZXhwIjoxNzM0NjI0NzgzfQ.6KVY4TqDDDsWeNOSWDIP32AHzstlg0pG7cnBRQzHnPA"
            },
            "coords": [
                [
                    11.87653,
                    57.65198
                ],
                [
                    11.87652,
                    57.65198
                ],
                [
                    11.87644,
                    57.652
                ],
                [
                    11.87639,
                    57.65203
                ],
                [
                    11.87643,
                    57.65211
                ],
                [
                    11.87637,
                    57.65215
                ],
                [
                    11.87629,
                    57.65206
                ],
                [
                    11.87628,
                    57.65201
                ],
                [
                    11.87626,
                    57.65194
                ],
                [
                    11.87582,
                    57.6519
                ],
                [
                    11.8757,
                    57.65188
                ],
                [
                    11.87567,
                    57.65185
                ],
                [
                    11.87559,
                    57.65163
                ],
                [
                    11.87602,
                    57.65164
                ],
                [
                    11.87661,
                    57.65169
                ],
                [
                    11.87683,
                    57.6517
                ],
                [
                    11.87701,
                    57.65169
                ],
                [
                    11.87744,
                    57.65166
                ],
                [
                    11.8777,
                    57.65164
                ],
                [
                    11.87811,
                    57.65167
                ],
                [
                    11.87836,
                    57.65173
                ],
                [
                    11.87854,
                    57.6518
                ],
                [
                    11.87911,
                    57.65207
                ],
                [
                    11.88017,
                    57.65233
                ],
                [
                    11.88026,
                    57.65236
                ],
                [
                    11.88091,
                    57.65254
                ],
                [
                    11.88086,
                    57.65267
                ],
                [
                    11.88085,
                    57.65269
                ]
            ]
        }
    ]
}