{
    "city": 2,
    "initialStart": [
        11.89081,
        57.65523
    ],
    "trips": [
        {
            "summary": {
                "distance": 483.6,
                "duration": 120.7
            },
            "user": {
                "id": 674,
                "token": "eyJhbGciOiJIUzI1NiIsInR5cCI6IkpXVCJ9.eyJpZCI6Njc0LCJyb2xlIjoidXNlciIsImlhdCI6MTcwMzA4ODg5NCwiZXhwIjoxNzM0NjI0ODk0fQ.YSx0nbVc-SMu7TOQ1N5oBvoWUEileqCx4NLIkr-d9aI"
            },
            "coords": [
                [
                    11.89081,
                    57.65523
                ],
                [
                    11.89084,
                    57.65518
                ],
                [
                    11.89083,
                    57.65514
                ],
                [
                    11.89072,
                    57.65504
                ],
                [
                    11.89063,
                    57.65498
                ],
                [
                    11.88988,
                    57.65472
                ],
                [
                    11.88976,
                    57.65471
                ],
                [
                    11.88923,
                    57.65452
                ],
                [
                    11.88906,
                    57.65448
                ],
                [
                    11.88899,
                    57.65449
                ],
                [
                    11.88895,
                    57.65445
                ],
                [
                    11.88887,
                    57.65442
                ],
                [
                    11.88778,
                    57.65416
                ],
                [
                    11.88775,
                    57.65422
                ],
                [
                    11.88761,
                    57.65453
                ],
                [
                    11.88749,
                    57.65478
                ],
                [
                    11.88724,
                    57.65511
                ],
                [
                    11.88715,
                    57.6552
                ],
                [
                    11.88701,
                    57.65525
                ],
                [
                    11.88651,
                    57.6554
                ],
                [
                    11.88629,
                    57.6554
                ],
                [
                    11.88623,
                    57.65507
                ],
                [
                    11.88612,
                    57.65497
                ],
                [
                    11.88582,
                    57.65484
                ],
                [
                    11.88579,
                    57.65482
                ]
            ]
        }
    ]
}