{
    "city": 2,
    "initialStart": [
        12.0152,
        57.69772
    ],
    "trips": [
        {
            "summary": {
                "distance": 619.4,
                "duration": 107.1
            },
            "user": {
                "id": 675,
                "token": "eyJhbGciOiJIUzI1NiIsInR5cCI6IkpXVCJ9.eyJpZCI6Njc1LCJyb2xlIjoidXNlciIsImlhdCI6MTcwMzA4ODg5NSwiZXhwIjoxNzM0NjI0ODk1fQ.mEWMXc7Hn34I35MJIodC6v_OloDQdw2QfZae-Q-Jz4Q"
            },
            "coords": [
                [
                    12.0152,
                    57.69772
                ],
                [
                    12.015,
                    57.69795
                ],
                [
                    12.01445,
                    57.69829
                ],
                [
                    12.0142,
                    57.69845
                ],
                [
                    12.01373,
                    57.69879
                ],
                [
                    12.01321,
                    57.69939
                ],
                [
                    12.01305,
                    57.69948
                ],
                [
                    12.01304,
                    57.69957
                ],
                [
                    12.01308,
                    57.69967
                ],
                [
                    12.01304,
                    57.69975
                ],
                [
                    12.01249,
                    57.69962
                ],
                [
                    12.01215,
                    57.69963
                ],
                [
                    12.01154,
                    57.69954
                ],
                [
                    12.01041,
                    57.69942
                ],
                [
                    12.00978,
                    57.69935
                ],
                [
                    12.00964,
                    57.69931
                ],
                [
                    12.00959,
                    57.69893
                ],
                [
                    12.00966,
                    57.69889
                ],
                [
                    12.00965,
                    57.69888
                ],
                [
                    12.01074,
                    57.69864
                ],
                [
                    12.01066,
                    57.69848
                ],
                [
                    12.01066,
                    57.69845
                ]
            ]
        }
    ]
}