{
    "city": 2,
    "initialStart": [
        11.88629,
        57.70396
    ],
    "trips": [
        {
            "summary": {
                "distance": 1582.6,
                "duration": 263.3
            },
            "user": {
                "id": 677,
                "token": "eyJhbGciOiJIUzI1NiIsInR5cCI6IkpXVCJ9.eyJpZCI6Njc3LCJyb2xlIjoidXNlciIsImlhdCI6MTcwMzA4ODg5NSwiZXhwIjoxNzM0NjI0ODk1fQ.xpSl8fGZiasZgKnqpssEmXydorzhfpkYvjIO52_pLOc"
            },
            "coords": [
                [
                    11.88629,
                    57.70396
                ],
                [
                    11.88853,
                    57.7041
                ],
                [
                    11.88977,
                    57.70419
                ],
                [
                    11.88987,
                    57.70415
                ],
                [
                    11.89041,
                    57.70416
                ],
                [
                    11.89059,
                    57.70412
                ],
                [
                    11.89203,
                    57.7036
                ],
                [
                    11.89216,
                    57.70352
                ],
                [
                    11.89231,
                    57.70334
                ],
                [
                    11.89238,
                    57.7032
                ],
                [
                    11.89247,
                    57.70289
                ],
                [
                    11.89287,
                    57.702
                ],
                [
                    11.89302,
                    57.70172
                ],
                [
                    11.89343,
                    57.70081
                ],
                [
                    11.8934,
                    57.7006
                ],
                [
                    11.89344,
                    57.70054
                ],
                [
                    11.8934,
                    57.70038
                ],
                [
                    11.89332,
                    57.70023
                ],
                [
                    11.89305,
                    57.69985
                ],
                [
                    11.89313,
                    57.69959
                ],
                [
                    11.89312,
                    57.69946
                ],
                [
                    11.8931,
                    57.69936
                ],
                [
                    11.89308,
                    57.6993
                ],
                [
                    11.89303,
                    57.69912
                ],
                [
                    11.89297,
                    57.69906
                ],
                [
                    11.89306,
                    57.69897
                ],
                [
                    11.89306,
                    57.6989
                ],
                [
                    11.89301,
                    57.69885
                ],
                [
                    11.89285,
                    57.69879
                ],
                [
                    11.89269,
                    57.69871
                ],
                [
                    11.89258,
                    57.69864
                ],
                [
                    11.89223,
                    57.69852
                ],
                [
                    11.89186,
                    57.69843
                ],
                [
                    11.89153,
                    57.69842
                ],
                [
                    11.88319,
                    57.69881
                ],
                [
                    11.88327,
                    57.69896
                ],
                [
                    11.88343,
                    57.69905
                ],
                [
                    11.88353,
                    57.69908
                ],
                [
                    11.88408,
                    57.69906
                ]
            ]
        }
    ]
}