{
    "city": 2,
    "initialStart": [
        11.89242,
        57.66893
    ],
    "trips": [
        {
            "summary": {
                "distance": 443.8,
                "duration": 161.8
            },
            "user": {
                "id": 679,
                "token": "eyJhbGciOiJIUzI1NiIsInR5cCI6IkpXVCJ9.eyJpZCI6Njc5LCJyb2xlIjoidXNlciIsImlhdCI6MTcwMzA4ODg5NSwiZXhwIjoxNzM0NjI0ODk1fQ.CNCyI2HX6qZCbOLNp4D9484211WYV4CZ_oREJoCqMGg"
            },
            "coords": [
                [
                    11.89242,
                    57.66893
                ],
                [
                    11.89253,
                    57.66897
                ],
                [
                    11.89274,
                    57.66901
                ],
                [
                    11.89284,
                    57.66908
                ],
                [
                    11.89288,
                    57.66912
                ],
                [
                    11.8931,
                    57.66921
                ],
                [
                    11.89316,
                    57.66932
                ],
                [
                    11.89324,
                    57.66933
                ],
                [
                    11.89332,
                    57.66927
                ],
                [
                    11.89363,
                    57.6692
                ],
                [
                    11.89383,
                    57.66912
                ],
                [
                    11.8943,
                    57.669
                ],
                [
                    11.89516,
                    57.66879
                ],
                [
                    11.8949,
                    57.66846
                ],
                [
                    11.89467,
                    57.66824
                ],
                [
                    11.89437,
                    57.66801
                ],
                [
                    11.89419,
                    57.66788
                ],
                [
                    11.89397,
                    57.66758
                ],
                [
                    11.89391,
                    57.66747
                ],
                [
                    11.89387,
                    57.66728
                ],
                [
                    11.89382,
                    57.66677
                ]
            ]
        }
    ]
}