{
    "city": 2,
    "initialStart": [
        11.95355,
        57.73123
    ],
    "trips": [
        {
            "summary": {
                "distance": 769.9,
                "duration": 174.5
            },
            "user": {
                "id": 680,
                "token": "eyJhbGciOiJIUzI1NiIsInR5cCI6IkpXVCJ9.eyJpZCI6NjgwLCJyb2xlIjoidXNlciIsImlhdCI6MTcwMzA4ODg5NiwiZXhwIjoxNzM0NjI0ODk2fQ.UO9Mi6f7m1SK2Dp-bgtz_71KtW532FhXMRY1CQhgf1s"
            },
            "coords": [
                [
                    11.95355,
                    57.73123
                ],
                [
                    11.95315,
                    57.73022
                ],
                [
                    11.95343,
                    57.7302
                ],
                [
                    11.9537,
                    57.73017
                ],
                [
                    11.95397,
                    57.73015
                ],
                [
                    11.95412,
                    57.73053
                ],
                [
                    11.95426,
                    57.73072
                ],
                [
                    11.95452,
                    57.73113
                ],
                [
                    11.95481,
                    57.73132
                ],
                [
                    11.95499,
                    57.73138
                ],
                [
                    11.95535,
                    57.73147
                ],
                [
                    11.95545,
                    57.73136
                ],
                [
                    11.95548,
                    57.73128
                ],
                [
                    11.95546,
                    57.73115
                ],
                [
                    11.95544,
                    57.73111
                ],
                [
                    11.95526,
                    57.73099
                ],
                [
                    11.95535,
                    57.73094
                ],
                [
                    11.955,
                    57.73078
                ],
                [
                    11.95469,
                    57.73053
                ],
                [
                    11.95455,
                    57.73045
                ],
                [
                    11.9545,
                    57.73037
                ],
                [
                    11.95447,
                    57.7302
                ],
                [
                    11.95451,
                    57.7301
                ],
                [
                    11.95455,
                    57.73007
                ],
                [
                    11.95444,
                    57.73006
                ],
                [
                    11.9543,
                    57.73005
                ],
                [
                    11.95427,
                    57.72992
                ],
                [
                    11.95421,
                    57.72989
                ],
                [
                    11.95416,
                    57.72981
                ],
                [
                    11.95417,
                    57.72975
                ],
                [
                    11.95422,
                    57.7297
                ],
                [
                    11.95435,
                    57.72966
                ],
                [
                    11.95463,
                    57.72931
                ],
                [
                    11.95478,
                    57.72924
                ],
                [
                    11.95553,
                    57.72884
                ],
                [
                    11.95567,
                    57.72876
                ],
                [
                    11.956,
                    57.72897
                ],
                [
                    11.95603,
                    57.72901
                ],
                [
                    11.95605,
                    57.72904
                ],
                [
                    11.95605,
                    57.72909
                ],
                [
                    11.95604,
                    57.72915
                ]
            ]
        }
    ]
}