{
    "city": 2,
    "initialStart": [
        11.93195,
        57.72187
    ],
    "trips": [
        {
            "summary": {
                "distance": 424.1,
                "duration": 84.7
            },
            "user": {
                "id": 681,
                "token": "eyJhbGciOiJIUzI1NiIsInR5cCI6IkpXVCJ9.eyJpZCI6NjgxLCJyb2xlIjoidXNlciIsImlhdCI6MTcwMzA4ODg5NiwiZXhwIjoxNzM0NjI0ODk2fQ.MKkJ8UIklTQrd69UZ7Z09OG2r8WXopHfdWPrQuPnuos"
            },
            "coords": [
                [
                    11.93195,
                    57.72187
                ],
                [
                    11.93197,
                    57.72187
                ],
                [
                    11.93201,
                    57.72183
                ],
                [
                    11.93225,
                    57.7218
                ],
                [
                    11.93231,
                    57.72192
                ],
                [
                    11.93231,
                    57.72209
                ],
                [
                    11.93306,
                    57.72208
                ],
                [
                    11.93428,
                    57.72205
                ],
                [
                    11.93434,
                    57.72205
                ],
                [
                    11.93428,
                    57.72198
                ],
                [
                    11.93425,
                    57.72169
                ],
                [
                    11.93425,
                    57.72164
                ],
                [
                    11.93419,
                    57.72082
                ],
                [
                    11.93417,
                    57.72071
                ],
                [
                    11.93416,
                    57.72042
                ],
                [
                    11.93411,
                    57.72021
                ],
                [
                    11.93411,
                    57.72014
                ],
                [
                    11.93399,
                    57.72012
                ],
                [
                    11.93393,
                    57.72008
                ],
                [
                    11.93401,
                    57.72005
                ],
                [
                    11.93408,
                    57.71998
                ],
                [
                    11.93409,
                    57.7199
                ]
            ]
        }
    ]
}