{
    "city": 2,
    "initialStart": [
        11.89442,
        57.70082
    ],
    "trips": [
        {
            "summary": {
                "distance": 1589.2,
                "duration": 261.3
            },
            "user": {
                "id": 682,
                "token": "eyJhbGciOiJIUzI1NiIsInR5cCI6IkpXVCJ9.eyJpZCI6NjgyLCJyb2xlIjoidXNlciIsImlhdCI6MTcwMzA4ODg5NiwiZXhwIjoxNzM0NjI0ODk2fQ.FbVR6NsI5N8QhH0RptQrAsnjHzQHvjD-F2u8ITrlWdI"
            },
            "coords": [
                [
                    11.89442,
                    57.70082
                ],
                [
                    11.89427,
                    57.70113
                ],
                [
                    11.8939,
                    57.70201
                ],
                [
                    11.89364,
                    57.70282
                ],
                [
                    11.89342,
                    57.70331
                ],
                [
                    11.8933,
                    57.70349
                ],
                [
                    11.89294,
                    57.70386
                ],
                [
                    11.89273,
                    57.70402
                ],
                [
                    11.89244,
                    57.70418
                ],
                [
                    11.8923,
                    57.70427
                ],
                [
                    11.89227,
                    57.70429
                ],
                [
                    11.89206,
                    57.70439
                ],
                [
                    11.89136,
                    57.70462
                ],
                [
                    11.89111,
                    57.70473
                ],
                [
                    11.89079,
                    57.70493
                ],
                [
                    11.89053,
                    57.70518
                ],
                [
                    11.89037,
                    57.70545
                ],
                [
                    11.89037,
                    57.70561
                ],
                [
                    11.89042,
                    57.70569
                ],
                [
                    11.89054,
                    57.7058
                ],
                [
                    11.89083,
                    57.70598
                ],
                [
                    11.89113,
                    57.70608
                ],
                [
                    11.89141,
                    57.70623
                ],
                [
                    11.89152,
                    57.70631
                ],
                [
                    11.89164,
                    57.70625
                ],
                [
                    11.89189,
                    57.70616
                ],
                [
                    11.89231,
                    57.70598
                ],
                [
                    11.89259,
                    57.70588
                ],
                [
                    11.89253,
                    57.70584
                ],
                [
                    11.89249,
                    57.7057
                ],
                [
                    11.89303,
                    57.70559
                ],
                [
                    11.89301,
                    57.70549
                ],
                [
                    11.89303,
                    57.70539
                ],
                [
                    11.89315,
                    57.70526
                ],
                [
                    11.89326,
                    57.70519
                ],
                [
                    11.8933,
                    57.70517
                ],
                [
                    11.8938,
                    57.70495
                ],
                [
                    11.89418,
                    57.7048
                ],
                [
                    11.89434,
                    57.70474
                ],
                [
                    11.89437,
                    57.70474
                ],
                [
                    11.89459,
                    57.70467
                ],
                [
                    11.89483,
                    57.70459
                ],
                [
                    11.89534,
                    57.70445
                ],
                [
                    11.89577,
                    57.70432
                ],
                [
                    11.89586,
                    57.7043
                ],
                [
                    11.89631,
                    57.70416
                ],
                [
                    11.89635,
                    57.70415
                ],
                [
                    11.89666,
                    57.70405
                ],
                [
                    11.89723,
                    57.70381
                ],
                [
                    11.89746,
                    57.70368
                ],
                [
                    11.89756,
                    57.70362
                ],
                [
                    11.89764,
                    57.70355
                ],
                [
                    11.89788,
                    57.70334
                ],
                [
                    11.8979,
                    57.70331
                ],
                [
                    11.89803,
                    57.70316
                ],
                [
                    11.89813,
                    57.70305
                ],
                [
                    11.89827,
                    57.70294
                ],
                [
                    11.89855,
                    57.70281
                ],
                [
                    11.89896,
                    57.70271
                ],
                [
                    11.8988,
                    57.70247
                ],
                [
                    11.89871,
                    57.7024
                ],
                [
                    11.89855,
                    57.70209
                ],
                [
                    11.8987,
                    57.70206
                ],
                [
                    11.89886,
                    57.702
                ],
                [
                    11.8993,
                    57.70193
                ],
                [
                    11.89912,
                    57.70163
                ],
                [
                    11.89905,
                    57.70151
                ],
                [
                    11.89896,
                    57.70135
                ],
                [
                    11.89896,
                    57.70134
                ],
                [
                    11.89889,
                    57.70123
                ],
                [
                    11.89888,
                    57.70122
                ],
                [
                    11.89881,
                    57.7011
                ],
                [
                    11.89879,
                    57.70106
                ],
                [
                    11.89871,
                    57.70093
                ],
                [
                    11.89881,
                    57.70091
                ]
            ]
        }
    ]
}