{
    "city": 2,
    "initialStart": [
        11.93518,
        57.64978
    ],
    "trips": [
        {
            "summary": {
                "distance": 442.9,
                "duration": 113.7
            },
            "user": {
                "id": 698,
                "token": "eyJhbGciOiJIUzI1NiIsInR5cCI6IkpXVCJ9.eyJpZCI6Njk4LCJyb2xlIjoidXNlciIsImlhdCI6MTcwMzA4ODkwNiwiZXhwIjoxNzM0NjI0OTA2fQ.0NJn6RCGU8cak_BXK1WKgRlD8268wj_e3PRTIbiA0Y0"
            },
            "coords": [
                [
                    11.93518,
                    57.64978
                ],
                [
                    11.9344,
                    57.64984
                ],
                [
                    11.93434,
                    57.64982
                ],
                [
                    11.9342,
                    57.64934
                ],
                [
                    11.93423,
                    57.64905
                ],
                [
                    11.93419,
                    57.64899
                ],
                [
                    11.93412,
                    57.649
                ],
                [
                    11.93385,
                    57.64905
                ],
                [
                    11.93396,
                    57.649
                ],
                [
                    11.93405,
                    57.64889
                ],
                [
                    11.93408,
                    57.64868
                ],
                [
                    11.93409,
                    57.64852
                ],
                [
                    11.93422,
                    57.64833
                ],
                [
                    11.93421,
                    57.64827
                ],
                [
                    11.93402,
                    57.64811
                ],
                [
                    11.93397,
                    57.64808
                ],
                [
                    11.93331,
                    57.64832
                ],
                [
                    11.93287,
                    57.64844
                ],
                [
                    11.93271,
                    57.64846
                ],
                [
                    11.93262,
                    57.64845
                ],
                [
                    11.93234,
                    57.64822
                ],
                [
                    11.93197,
                    57.64799
                ],
                [
                    11.93193,
                    57.64797
                ]
            ]
        }
    ]
}