{
    "city": 2,
    "initialStart": [
        11.93164,
        57.71025
    ],
    "trips": [
        {
            "summary": {
                "distance": 512.4,
                "duration": 83.8
            },
            "user": {
                "id": 699,
                "token": "eyJhbGciOiJIUzI1NiIsInR5cCI6IkpXVCJ9.eyJpZCI6Njk5LCJyb2xlIjoidXNlciIsImlhdCI6MTcwMzA4ODkwNywiZXhwIjoxNzM0NjI0OTA3fQ.p1x8HgfmVDr9i8vxQkR6-xynX8jGzxLK34peKMT7lTk"
            },
            "coords": [
                [
                    11.93164,
                    57.71025
                ],
                [
                    11.93145,
                    57.71022
                ],
                [
                    11.9314,
                    57.71026
                ],
                [
                    11.93129,
                    57.71026
                ],
                [
                    11.93119,
                    57.71028
                ],
                [
                    11.9311,
                    57.71037
                ],
                [
                    11.93092,
                    57.71067
                ],
                [
                    11.93091,
                    57.71077
                ],
                [
                    11.93097,
                    57.71088
                ],
                [
                    11.93108,
                    57.71096
                ],
                [
                    11.93124,
                    57.71103
                ],
                [
                    11.93165,
                    57.71111
                ],
                [
                    11.93174,
                    57.71113
                ],
                [
                    11.933,
                    57.71134
                ],
                [
                    11.93293,
                    57.71207
                ],
                [
                    11.93202,
                    57.71203
                ],
                [
                    11.93141,
                    57.71202
                ],
                [
                    11.93114,
                    57.71203
                ],
                [
                    11.93111,
                    57.71208
                ],
                [
                    11.93111,
                    57.71221
                ],
                [
                    11.93111,
                    57.71253
                ],
                [
                    11.93118,
                    57.71257
                ],
                [
                    11.93125,
                    57.71257
                ],
                [
                    11.93126,
                    57.71262
                ],
                [
                    11.93127,
                    57.71265
                ],
                [
                    11.93154,
                    57.71263
                ]
            ]
        }
    ]
}