{
    "city": 1,
    "initialStart": [
        18.00323,
        59.33696
    ],
    "trips": [
        {
            "summary": {
                "distance": 784.2,
                "duration": 142.5
            },
            "user": {
                "id": 19,
                "token": "eyJhbGciOiJIUzI1NiIsInR5cCI6IkpXVCJ9.eyJpZCI6MTksInJvbGUiOiJ1c2VyIiwiaWF0IjoxNzAwOTIzNTAyLCJleHAiOjE3MzI0NTk1MDJ9.ZEX3Dtefu8Ae4jSfA-ndxBkY_x8UoJzHZdVIu_-KMqU"
            },
            "coords": [
                [
                    18.00323,
                    59.33696
                ],
                [
                    18.00356,
                    59.33712
                ],
                [
                    18.00385,
                    59.33727
                ],
                [
                    18.00442,
                    59.33699
                ],
                [
                    18.00475,
                    59.33682
                ],
                [
                    18.00483,
                    59.33676
                ],
                [
                    18.00486,
                    59.33671
                ],
                [
                    18.00473,
                    59.3367
                ],
                [
                    18.00446,
                    59.33665
                ],
                [
                    18.00427,
                    59.33658
                ],
                [
                    18.00375,
                    59.33633
                ],
                [
                    18.00367,
                    59.33626
                ],
                [
                    18.00358,
                    59.33617
                ],
                [
                    18.00347,
                    59.336
                ],
                [
                    18.0034,
                    59.33577
                ],
                [
                    18.00348,
                    59.33494
                ],
                [
                    18.00358,
                    59.33425
                ],
                [
                    18.00353,
                    59.33403
                ],
                [
                    18.00333,
                    59.3338
                ],
                [
                    18.00323,
                    59.33382
                ],
                [
                    18.00293,
                    59.33395
                ],
                [
                    18.00272,
                    59.33405
                ],
                [
                    18.00229,
                    59.33421
                ],
                [
                    18.00208,
                    59.3343
                ],
                [
                    18.0017,
                    59.33441
                ],
                [
                    18.00107,
                    59.3345
                ],
                [
                    18.00092,
                    59.33452
                ],
                [
                    17.99948,
                    59.33472
                ],
                [
                    17.99884,
                    59.33481
                ]
            ]
        },
        {
            "summary": {
                "distance": 729,
                "duration": 170.4
            },
            "user": {
                "id": 20,
                "token": "eyJhbGciOiJIUzI1NiIsInR5cCI6IkpXVCJ9.eyJpZCI6MjAsInJvbGUiOiJ1c2VyIiwiaWF0IjoxNzAwOTIzNTAyLCJleHAiOjE3MzI0NTk1MDJ9.v5nuEuXzOEihOcf8FkNjtpTJlNWOAx_kcDZJAgkTzfA"
            },
            "coords": [
                [
                    17.99884,
                    59.33481
                ],
                [
                    17.99832,
                    59.33489
                ],
                [
                    17.99812,
                    59.33495
                ],
                [
                    17.99802,
                    59.33503
                ],
                [
                    17.99798,
                    59.3351
                ],
                [
                    17.99798,
                    59.33516
                ],
                [
                    17.99804,
                    59.33529
                ],
                [
                    17.99817,
                    59.33551
                ],
                [
                    17.99849,
                    59.33546
                ],
                [
                    17.99923,
                    59.33536
                ],
                [
                    18.0012,
                    59.33508
                ],
                [
                    18.00092,
                    59.33452
                ],
                [
                    18.00107,
                    59.3345
                ],
                [
                    18.0017,
                    59.33441
                ],
                [
                    18.00208,
                    59.3343
                ],
                [
                    18.00229,
                    59.33421
                ],
                [
                    18.00272,
                    59.33405
                ],
                [
                    18.00293,
                    59.33395
                ],
                [
                    18.00323,
                    59.33382
                ],
                [
                    18.00333,
                    59.3338
                ],
                [
                    18.00345,
                    59.33376
                ],
                [
                    18.00365,
                    59.33401
                ],
                [
                    18.00375,
                    59.33399
                ],
                [
                    18.00383,
                    59.33398
                ],
                [
                    18.00396,
                    59.33401
                ],
                [
                    18.00444,
                    59.3341
                ],
                [
                    18.0049,
                    59.33419
                ],
                [
                    18.00555,
                    59.33431
                ],
                [
                    18.00641,
                    59.33448
                ],
                [
                    18.00661,
                    59.33449
                ]
            ]
        },
        {
            "summary": {
                "distance": 767.8,
                "duration": 178.9
            },
            "user": {
                "id": 21,
                "token": "eyJhbGciOiJIUzI1NiIsInR5cCI6IkpXVCJ9.eyJpZCI6MjEsInJvbGUiOiJ1c2VyIiwiaWF0IjoxNzAwOTIzNTAyLCJleHAiOjE3MzI0NTk1MDJ9.XVBlzGjn8lhg3zIGmoOmZ3Wekxo6hbODH58tThVZpvg"
            },