{
    "city": 1,
    "initialStart": [
        18.06521,
        59.34297
    ],
    "trips": [
        {
            "summary": {
                "distance": 388,
                "duration": 73.6
            },
            "user": {
                "id": 70,
                "token": "eyJhbGciOiJIUzI1NiIsInR5cCI6IkpXVCJ9.eyJpZCI6NzAsInJvbGUiOiJ1c2VyIiwiaWF0IjoxNzAyODg5MzcyLCJleHAiOjE3MzQ0MjUzNzJ9.gGJJBNNiDIUmVO0AsdZF5TeFhFUPRBy0QNiamYsnPGk"
            },
            "coords": [
                [
                    18.06521,
                    59.34297
                ],
                [
                    18.06542,
                    59.34277
                ],
                [
                    18.06546,
                    59.34275
                ],
                [
                    18.06558,
                    59.34271
                ],
                [
                    18.0652,
                    59.34236
                ],
                [
                    18.06484,
                    59.34208
                ],
                [
                    18.06459,
                    59.34201
                ],
                [
                    18.06449,
                    59.34198
                ],
                [
                    18.06444,
                    59.34196
                ],
                [
                    18.06428,
                    59.34191
                ],
                [
                    18.06413,
                    59.34187
                ],
                [
                    18.06306,
                    59.34158
                ],
                [
                    18.06292,
                    59.34154
                ],
                [
                    18.06299,
                    59.34147
                ],
                [
                    18.06375,
                    59.34064
                ],
                [
                    18.06387,
                    59.34067
                ],
                [
                    18.06366,
                    59.3409
                ]
            ]
        }
    ]
}