{
    "city": 2,
    "initialStart": [
        11.97929,
        57.68945
    ],
    "trips": [
        {
            "summary": {
                "distance": 318.1,
                "duration": 52
            },
            "user": {
                "id": 701,
                "token": "eyJhbGciOiJIUzI1NiIsInR5cCI6IkpXVCJ9.eyJpZCI6NzAxLCJyb2xlIjoidXNlciIsImlhdCI6MTcwMzA4ODk5NSwiZXhwIjoxNzM0NjI0OTk1fQ.30blKtHM8DwxHNcoylTFGL2f-t2p12_qPJGXBcEut3w"
            },
            "coords": [
                [
                    11.97929,
                    57.68945
                ],
                [
                    11.97907,
                    57.68968
                ],
                [
                    11.97898,
                    57.68981
                ],
                [
                    11.97893,
                    57.68986
                ],
                [
                    11.97886,
                    57.68987
                ],
                [
                    11.97811,
                    57.68987
                ],
                [
                    11.97759,
                    57.68976
                ],
                [
                    11.97695,
                    57.6896
                ],
                [
                    11.97692,
                    57.68964
                ],
                [
                    11.97668,
                    57.6899
                ],
                [
                    11.97667,
                    57.68991
                ],
                [
                    11.97666,
                    57.68994
                ],
                [
                    11.97658,
                    57.69009
                ],
                [
                    11.97659,
                    57.69022
                ],
                [
                    11.97657,
                    57.69035
                ],
                [
                    11.97652,
                    57.69046
                ],
                [
                    11.97636,
                    57.69056
                ],
                [
                    11.97618,
                    57.69074
                ],
                [
                    11.97614,
                    57.69079
                ]
            ]
        }
    ]
}