{
    "city": 2,
    "initialStart": [
        11.92693,
        57.71405
    ],
    "trips": [
        {
            "summary": {
                "distance": 702.1,
                "duration": 137.3
            },
            "user": {
                "id": 702,
                "token": "eyJhbGciOiJIUzI1NiIsInR5cCI6IkpXVCJ9.eyJpZCI6NzAyLCJyb2xlIjoidXNlciIsImlhdCI6MTcwMzA4ODk5NSwiZXhwIjoxNzM0NjI0OTk1fQ.8228XsZK8xa5NhV5BEUXBOmPH3IKIqoA1FCZLW3jkf4"
            },
            "coords": [
                [
                    11.92693,
                    57.71405
                ],
                [
                    11.927,
                    57.71401
                ],
                [
                    11.92555,
                    57.7135
                ],
                [
                    11.92554,
                    57.71347
                ],
                [
                    11.92584,
                    57.71303
                ],
                [
                    11.92586,
                    57.71297
                ],
                [
                    11.92584,
                    57.71293
                ],
                [
                    11.92579,
                    57.7129
                ],
                [
                    11.92493,
                    57.71277
                ],
                [
                    11.92468,
                    57.71263
                ],
                [
                    11.92459,
                    57.71259
                ],
                [
                    11.9241,
                    57.71252
                ],
                [
                    11.92368,
                    57.71255
                ],
                [
                    11.92377,
                    57.71236
                ],
                [
                    11.92438,
                    57.71246
                ],
                [
                    11.92586,
                    57.71266
                ],
                [
                    11.9263,
                    57.71265
                ],
                [
                    11.92648,
                    57.71262
                ],
                [
                    11.92658,
                    57.71259
                ],
                [
                    11.92676,
                    57.7125
                ],
                [
                    11.92704,
                    57.71236
                ],
                [
                    11.92726,
                    57.71229
                ],
                [
                    11.92734,
                    57.71227
                ],
                [
                    11.92758,
                    57.71231
                ],
                [
                    11.92815,
                    57.71243
                ],
                [
                    11.92859,
                    57.71253
                ],
                [
                    11.92895,
                    57.71261
                ],
                [
                    11.92896,
                    57.7125
                ],
                [
                    11.92893,
                    57.71246
                ],
                [
                    11.92882,
                    57.7124
                ]
            ]
        }
    ]
}