{
    "city": 2,
    "initialStart": [
        11.91984,
        57.7289
    ],
    "trips": [
        {
            "summary": {
                "distance": 683,
                "duration": 111.7
            },
            "user": {
                "id": 706,
                "token": "eyJhbGciOiJIUzI1NiIsInR5cCI6IkpXVCJ9.eyJpZCI6NzA2LCJyb2xlIjoidXNlciIsImlhdCI6MTcwMzA4ODk5NiwiZXhwIjoxNzM0NjI0OTk2fQ.xvPVlJiEU7nG0aUS3Q4HhVfDHgVs_pXzt2yC1KhfmPc"
            },
            "coords": [
                [
                    11.91984,
                    57.7289
                ],
                [
                    11.91975,
                    57.72878
                ],
                [
                    11.91955,
                    57.72873
                ],
                [
                    11.91931,
                    57.7287
                ],
                [
                    11.91902,
                    57.72921
                ],
                [
                    11.919,
                    57.72931
                ],
                [
                    11.91901,
                    57.72939
                ],
                [
                    11.91907,
                    57.7295
                ],
                [
                    11.91915,
                    57.72957
                ],
                [
                    11.91864,
                    57.72985
                ],
                [
                    11.91912,
                    57.73011
                ],
                [
                    11.91871,
                    57.73034
                ],
                [
                    11.91861,
                    57.7304
                ],
                [
                    11.91813,
                    57.73015
                ],
                [
                    11.91796,
                    57.73007
                ],
                [
                    11.91766,
                    57.72991
                ],
                [
                    11.91747,
                    57.72986
                ],
                [
                    11.91755,
                    57.72977
                ],
                [
                    11.91757,
                    57.72966
                ],
                [
                    11.91777,
                    57.72948
                ],
                [
                    11.91791,
                    57.7293
                ],
                [
                    11.91789,
                    57.72926
                ],
                [
                    11.91792,
                    57.72921
                ],
                [
                    11.91794,
                    57.72917
                ],
                [
                    11.91801,
                    57.72913
                ],
                [
                    11.9181,
                    57.72894
                ],
                [
                    11.91814,
                    57.72833
                ],
                [
                    11.91811,
                    57.7281
                ],
                [
                    11.91806,
                    57.72806
                ],
                [
                    11.91801,
                    57.72799
                ],
                [
                    11.91799,
                    57.7279
                ],
                [
                    11.91799,
                    57.72784
                ],
                [
                    11.91782,
                    57.72755
                ],
                [
                    11.91777,
                    57.72753
                ],
                [
                    11.91769,
                    57.72744
                ],
                [
                    11.91756,
                    57.72744
                ],
                [
                    11.91724,
                    57.72743
                ],
                [
                    11.91708,
                    57.72743
                ]
            ]
        }
    ]
}