{
    "city": 2,
    "initialStart": [
        11.92572,
        57.71574
    ],
    "trips": [
        {
            "summary": {
                "distance": 247.5,
                "duration": 40.5
            },
            "user": {
                "id": 707,
                "token": "eyJhbGciOiJIUzI1NiIsInR5cCI6IkpXVCJ9.eyJpZCI6NzA3LCJyb2xlIjoidXNlciIsImlhdCI6MTcwMzA4ODk5NiwiZXhwIjoxNzM0NjI0OTk2fQ.4dHXopqRj9qy-zyBWUjP9xJTVrCXgLtlN6RPVbd-E-U"
            },
            "coords": [
                [
                    11.92572,
                    57.71574
                ],
                [
                    11.92601,
                    57.7156
                ],
                [
                    11.92611,
                    57.71557
                ],
                [
                    11.92618,
                    57.71557
                ],
                [
                    11.92725,
                    57.7156
                ],
                [
                    11.928,
                    57.7156
                ],
                [
                    11.92802,
                    57.7156
                ],
                [
                    11.92833,
                    57.71558
                ],
                [
                    11.92844,
                    57.71557
                ],
                [
                    11.92857,
                    57.71554
                ],
                [
                    11.92835,
                    57.71524
                ],
                [
                    11.92848,
                    57.71521
                ],
                [
                    11.92876,
                    57.71514
                ],
                [
                    11.92885,
                    57.71512
                ],
                [
                    11.92883,
                    57.7151
                ]
            ]
        }
    ]
}