{
    "city": 2,
    "initialStart": [
        11.91932,
        57.73562
    ],
    "trips": [
        {
            "summary": {
                "distance": 593.6,
                "duration": 125.3
            },
            "user": {
                "id": 709,
                "token": "eyJhbGciOiJIUzI1NiIsInR5cCI6IkpXVCJ9.eyJpZCI6NzA5LCJyb2xlIjoidXNlciIsImlhdCI6MTcwMzA4ODk5NywiZXhwIjoxNzM0NjI0OTk3fQ.sPRgEI2stHQ74NSHsDWHDklfmU2uQfhgpTOYlrHEmnk"
            },
            "coords": [
                [
                    11.91932,
                    57.73562
                ],
                [
                    11.91927,
                    57.73565
                ],
                [
                    11.91927,
                    57.73593
                ],
                [
                    11.91905,
                    57.73613
                ],
                [
                    11.91883,
                    57.73629
                ],
                [
                    11.91866,
                    57.73635
                ],
                [
                    11.91858,
                    57.73635
                ],
                [
                    11.91848,
                    57.73635
                ],
                [
                    11.91837,
                    57.73631
                ],
                [
                    11.91824,
                    57.73628
                ],
                [
                    11.91816,
                    57.73623
                ],
                [
                    11.91803,
                    57.7362
                ],
                [
                    11.9177,
                    57.73622
                ],
                [
                    11.91746,
                    57.73619
                ],
                [
                    11.91729,
                    57.73613
                ],
                [
                    11.91713,
                    57.73615
                ],
                [
                    11.91686,
                    57.73627
                ],
                [
                    11.91664,
                    57.73625
                ],
                [
                    11.91648,
                    57.73613
                ],
                [
                    11.91629,
                    57.73608
                ],
                [
                    11.91599,
                    57.73608
                ],
                [
                    11.91582,
                    57.73613
                ],
                [
                    11.91588,
                    57.73624
                ],
                [
                    11.91586,
                    57.73626
                ],
                [
                    11.91617,
                    57.73632
                ],
                [
                    11.91639,
                    57.73645
                ],
                [
                    11.91724,
                    57.73714
                ],
                [
                    11.918,
                    57.73775
                ],
                [
                    11.91828,
                    57.73782
                ],
                [
                    11.91843,
                    57.73783
                ],
                [
                    11.91852,
                    57.73787
                ],
                [
                    11.91864,
                    57.73814
                ]
            ]
        }
    ]
}