{
    "city": 2,
    "initialStart": [
        12.00471,
        57.71971
    ],
    "trips": [
        {
            "summary": {
                "distance": 234,
                "duration": 67.9
            },
            "user": {
                "id": 712,
                "token": "eyJhbGciOiJIUzI1NiIsInR5cCI6IkpXVCJ9.eyJpZCI6NzEyLCJyb2xlIjoidXNlciIsImlhdCI6MTcwMzA4ODk5NywiZXhwIjoxNzM0NjI0OTk3fQ.ugVxHza1mXD2_fu-31z_LT29C4MG4mWabhSrRZDwFNE"
            },
            "coords": [
                [
                    12.00471,
                    57.71971
                ],
                [
                    12.00471,
                    57.71972
                ],
                [
                    12.00464,
                    57.71973
                ],
                [
                    12.00466,
                    57.71978
                ],
                [
                    12.00473,
                    57.71977
                ],
                [
                    12.00473,
                    57.71978
                ],
                [
                    12.00476,
                    57.71988
                ],
                [
                    12.00477,
                    57.71989
                ],
                [
                    12.00443,
                    57.71993
                ],
                [
                    12.00402,
                    57.71996
                ],
                [
                    12.0036,
                    57.72
                ],
                [
                    12.00361,
                    57.72003
                ],
                [
                    12.00269,
                    57.72012
                ],
                [
                    12.00246,
                    57.72013
                ],
                [
                    12.0018,
                    57.71968
                ]
            ]
        }
    ]
}