{
    "city": 2,
    "initialStart": [
        11.97752,
        57.73459
    ],
    "trips": [
        {
            "summary": {
                "distance": 1065.3,
                "duration": 193
            },
            "user": {
                "id": 714,
                "token": "eyJhbGciOiJIUzI1NiIsInR5cCI6IkpXVCJ9.eyJpZCI6NzE0LCJyb2xlIjoidXNlciIsImlhdCI6MTcwMzA4ODk5OCwiZXhwIjoxNzM0NjI0OTk4fQ.Coji01HPuktQ2O9H0YKBN_WluyDUVrsxWAStK0x6TF0"
            },
            "coords": [
                [
                    11.97752,
                    57.73459
                ],
                [
                    11.97755,
                    57.73447
                ],
                [
                    11.97748,
                    57.73443
                ],
                [
                    11.97739,
                    57.73441
                ],
                [
                    11.97728,
                    57.73443
                ],
                [
                    11.97708,
                    57.73441
                ],
                [
                    11.97697,
                    57.73436
                ],
                [
                    11.97698,
                    57.73431
                ],
                [
                    11.9769,
                    57.7343
                ],
                [
                    11.97679,
                    57.73421
                ],
                [
                    11.97673,
                    57.73418
                ],
                [
                    11.97654,
                    57.73439
                ],
                [
                    11.97648,
                    57.73441
                ],
                [
                    11.97641,
                    57.73447
                ],
                [
                    11.97621,
                    57.73455
                ],
                [
                    11.97608,
                    57.73463
                ],
                [
                    11.97549,
                    57.73473
                ],
                [
                    11.97522,
                    57.73453
                ],
                [
                    11.9751,
                    57.73452
                ],
                [
                    11.974,
                    57.73468
                ],
                [
                    11.97389,
                    57.73446
                ],
                [
                    11.97389,
                    57.73441
                ],
                [
                    11.97391,
                    57.73434
                ],
                [
                    11.97427,
                    57.73384
                ],
                [
                    11.97421,
                    57.73382
                ],
                [
                    11.974,
                    57.73367
                ],
                [
                    11.97396,
                    57.73366
                ],
                [
                    11.97415,
                    57.73319
                ],
                [
                    11.97431,
                    57.73295
                ],
                [
                    11.97457,
                    57.7326
                ],
                [
                    11.97475,
                    57.73241
                ],
                [
                    11.97503,
                    57.7322
                ],
                [
                    11.97524,
                    57.73212
                ],
                [
                    11.97551,
                    57.73193
                ],
                [
                    11.97557,
                    57.7319
                ],
                [
                    11.97577,
                    57.732
                ],
                [
                    11.97588,
                    57.73201
                ],
                [
                    11.97604,
                    57.732
                ],
                [
                    11.97652,
                    57.73193
                ],
                [
                    11.97685,
                    57.73194
                ],
                [
                    11.97951,
                    57.73202
                ],
                [
                    11.97999,
                    57.73204
                ],
                [
                    11.98055,
                    57.73206
                ],
                [
                    11.98083,
                    57.73235
                ],
                [
                    11.98093,
                    57.7324
                ],
                [
                    11.98102,
                    57.73252
                ],
                [
                    11.98131,
                    57.73275
                ],
                [
                    11.98136,
                    57.73278
                ],
                [
                    11.98119,
                    57.73282
                ],
                [
                    11.98107,
                    57.73287
                ],
                [
                    11.981,
                    57.73294
                ]
            ]
        }
    ]
}