{
    "city": 2,
    "initialStart": [
        11.96226,
        57.6956
    ],
    "trips": [
        {
            "summary": {
                "distance": 655.8,
                "duration": 162.7
            },
            "user": {
                "id": 715,
                "token": "eyJhbGciOiJIUzI1NiIsInR5cCI6IkpXVCJ9.eyJpZCI6NzE1LCJyb2xlIjoidXNlciIsImlhdCI6MTcwMzA4ODk5OCwiZXhwIjoxNzM0NjI0OTk4fQ.Q66mrm1eL0216bq0jRi_kuaQolLkGWWhbFF0zIXsyjk"
            },
            "coords": [
                [
                    11.96226,
                    57.6956
                ],
                [
                    11.9622,
                    57.69548
                ],
                [
                    11.96203,
                    57.69549
                ],
                [
                    11.9619,
                    57.69552
                ],
                [
                    11.96187,
                    57.69529
                ],
                [
                    11.96182,
                    57.69494
                ],
                [
                    11.96179,
                    57.69469
                ],
                [
                    11.96184,
                    57.69462
                ],
                [
                    11.96173,
                    57.69457
                ],
                [
                    11.96183,
                    57.69453
                ],
                [
                    11.962,
                    57.6945
                ],
                [
                    11.9624,
                    57.69449
                ],
                [
                    11.96255,
                    57.69451
                ],
                [
                    11.96327,
                    57.6946
                ],
                [
                    11.96346,
                    57.69464
                ],
                [
                    11.96401,
                    57.69475
                ],
                [
                    11.96431,
                    57.69481
                ],
                [
                    11.96468,
                    57.69489
                ],
                [
                    11.96499,
                    57.69495
                ],
                [
                    11.96533,
                    57.69502
                ],
                [
                    11.96568,
                    57.69508
                ],
                [
                    11.9659,
                    57.69511
                ],
                [
                    11.96641,
                    57.69516
                ],
                [
                    11.96662,
                    57.69517
                ],
                [
                    11.96662,
                    57.69522
                ],
                [
                    11.96659,
                    57.69556
                ],
                [
                    11.96658,
                    57.69591
                ],
                [
                    11.96668,
                    57.69595
                ],
                [
                    11.9664,
                    57.69654
                ],
                [
                    11.96629,
                    57.69655
                ],
                [
                    11.96624,
                    57.69664
                ],
                [
                    11.96585,
                    57.69658
                ],
                [
                    11.96583,
                    57.69656
                ],
                [
                    11.96586,
                    57.69648
                ]
            ]
        }
    ]
}