{
    "city": 2,
    "initialStart": [
        11.9704,
        57.70799
    ],
    "trips": [
        {
            "summary": {
                "distance": 585.8,
                "duration": 116.5
            },
            "user": {
                "id": 717,
                "token": "eyJhbGciOiJIUzI1NiIsInR5cCI6IkpXVCJ9.eyJpZCI6NzE3LCJyb2xlIjoidXNlciIsImlhdCI6MTcwMzA4ODk5OCwiZXhwIjoxNzM0NjI0OTk4fQ.hD6N5qf77UJKq1RnpOFXkVBrW2yH7RmcMTZKi1QHKro"
            },
            "coords": [
                [
                    11.9704,
                    57.70799
                ],
                [
                    11.97045,
                    57.708
                ],
                [
                    11.97128,
                    57.70814
                ],
                [
                    11.97162,
                    57.70758
                ],
                [
                    11.97161,
                    57.70746
                ],
                [
                    11.97157,
                    57.70736
                ],
                [
                    11.9716,
                    57.70733
                ],
                [
                    11.97166,
                    57.70733
                ],
                [
                    11.97181,
                    57.70733
                ],
                [
                    11.97185,
                    57.70732
                ],
                [
                    11.9719,
                    57.70732
                ],
                [
                    11.97236,
                    57.70732
                ],
                [
                    11.97394,
                    57.70736
                ],
                [
                    11.97395,
                    57.70728
                ],
                [
                    11.97398,
                    57.70722
                ],
                [
                    11.97424,
                    57.70674
                ],
                [
                    11.97432,
                    57.70661
                ],
                [
                    11.97433,
                    57.70655
                ],
                [
                    11.9743,
                    57.70651
                ],
                [
                    11.97293,
                    57.70589
                ],
                [
                    11.97259,
                    57.70596
                ],
                [
                    11.97194,
                    57.7061
                ],
                [
                    11.97212,
                    57.70635
                ]
            ]
        }
    ]
}