{
    "city": 2,
    "initialStart": [
        11.98739,
        57.72964
    ],
    "trips": [
        {
            "summary": {
                "distance": 789.1,
                "duration": 142.5
            },
            "user": {
                "id": 718,
                "token": "eyJhbGciOiJIUzI1NiIsInR5cCI6IkpXVCJ9.eyJpZCI6NzE4LCJyb2xlIjoidXNlciIsImlhdCI6MTcwMzA4ODk5OSwiZXhwIjoxNzM0NjI0OTk5fQ.e3q7fa_8Y0Ua3doKY0wB46Ifj4dDWdfyv0Kl_8noB1c"
            },
            "coords": [
                [
                    11.98739,
                    57.72964
                ],
                [
                    11.98633,
                    57.72982
                ],
                [
                    11.98591,
                    57.72991
                ],
                [
                    11.98543,
                    57.72999
                ],
                [
                    11.98453,
                    57.73014
                ],
                [
                    11.98439,
                    57.73017
                ],
                [
                    11.98433,
                    57.7302
                ],
                [
                    11.98432,
                    57.73028
                ],
                [
                    11.98439,
                    57.73043
                ],
                [
                    11.98462,
                    57.73041
                ],
                [
                    11.98503,
                    57.73044
                ],
                [
                    11.98544,
                    57.73049
                ],
                [
                    11.98562,
                    57.73053
                ],
                [
                    11.98599,
                    57.73065
                ],
                [
                    11.98617,
                    57.73075
                ],
                [
                    11.98652,
                    57.73098
                ],
                [
                    11.98672,
                    57.73101
                ],
                [
                    11.98696,
                    57.73101
                ],
                [
                    11.98891,
                    57.7307
                ],
                [
                    11.98899,
                    57.73068
                ],
                [
                    11.98911,
                    57.73062
                ],
                [
                    11.9894,
                    57.73046
                ],
                [
                    11.98953,
                    57.73039
                ],
                [
                    11.98967,
                    57.7304
                ],
                [
                    11.98979,
                    57.73041
                ],
                [
                    11.98994,
                    57.73042
                ],
                [
                    11.9902,
                    57.72957
                ],
                [
                    11.99036,
                    57.72948
                ],
                [
                    11.9908,
                    57.72944
                ],
                [
                    11.99152,
                    57.72937
                ],
                [
                    11.99184,
                    57.72934
                ]
            ]
        }
    ]
}