{
    "city": 2,
    "initialStart": [
        12.02827,
        57.72382
    ],
    "trips": [
        {
            "summary": {
                "distance": 320.3,
                "duration": 52.4
            },
            "user": {
                "id": 719,
                "token": "eyJhbGciOiJIUzI1NiIsInR5cCI6IkpXVCJ9.eyJpZCI6NzE5LCJyb2xlIjoidXNlciIsImlhdCI6MTcwMzA4OTAwMiwiZXhwIjoxNzM0NjI1MDAyfQ.QsyZw8rDMPMPKMoEygqoutBlxYSd5ZU6aX37x20baWY"
            },
            "coords": [
                [
                    12.02827,
                    57.72382
                ],
                [
                    12.02835,
                    57.72384
                ],
                [
                    12.02854,
                    57.72388
                ],
                [
                    12.02862,
                    57.72389
                ],
                [
                    12.0288,
                    57.72393
                ],
                [
                    12.02887,
                    57.72395
                ],
                [
                    12.02907,
                    57.72399
                ],
                [
                    12.02915,
                    57.72401
                ],
                [
                    12.02936,
                    57.72405
                ],
                [
                    12.02957,
                    57.72406
                ],
                [
                    12.02964,
                    57.72402
                ],
                [
                    12.02975,
                    57.72386
                ],
                [
                    12.03235,
                    57.72441
                ],
                [
                    12.0324,
                    57.72433
                ],
                [
                    12.03249,
                    57.72435
                ],
                [
                    12.03254,
                    57.72439
                ],
                [
                    12.03296,
                    57.72448
                ]
            ]
        }
    ]
}