{
    "city": 2,
    "initialStart": [
        12.01045,
        57.70394
    ],
    "trips": [
        {
            "summary": {
                "distance": 456.4,
                "duration": 77.6
            },
            "user": {
                "id": 725,
                "token": "eyJhbGciOiJIUzI1NiIsInR5cCI6IkpXVCJ9.eyJpZCI6NzI1LCJyb2xlIjoidXNlciIsImlhdCI6MTcwMzA4OTAwMywiZXhwIjoxNzM0NjI1MDAzfQ.xXcJy-QdcXJcxhby2RVFctSiQpbVe2CyUrBygTsbfiM"
            },
            "coords": [
                [
                    12.01045,
                    57.70394
                ],
                [
                    12.01046,
                    57.70388
                ],
                [
                    12.01078,
                    57.70391
                ],
                [
                    12.011,
                    57.70393
                ],
                [
                    12.01123,
                    57.70395
                ],
                [
                    12.01129,
                    57.70395
                ],
                [
                    12.0113,
                    57.7039
                ],
                [
                    12.01141,
                    57.70345
                ],
                [
                    12.01247,
                    57.70354
                ],
                [
                    12.01294,
                    57.70357
                ],
                [
                    12.01346,
                    57.70359
                ],
                [
                    12.01389,
                    57.70359
                ],
                [
                    12.01448,
                    57.70358
                ],
                [
                    12.0145,
                    57.70332
                ],
                [
                    12.01451,
                    57.70305
                ],
                [
                    12.01449,
                    57.70291
                ],
                [
                    12.01448,
                    57.70286
                ],
                [
                    12.01437,
                    57.70214
                ]
            ]
        }
    ]
}