{
    "city": 2,
    "initialStart": [
        11.94813,
        57.72811
    ],
    "trips": [
        {
            "summary": {
                "distance": 483.9,
                "duration": 79.2
            },
            "user": {
                "id": 726,
                "token": "eyJhbGciOiJIUzI1NiIsInR5cCI6IkpXVCJ9.eyJpZCI6NzI2LCJyb2xlIjoidXNlciIsImlhdCI6MTcwMzA4OTAwMywiZXhwIjoxNzM0NjI1MDAzfQ.Y1uGEscLJN14-G9n3OJbXKoTFPAnbvLQZOxf-aNZV58"
            },
            "coords": [
                [
                    11.94813,
                    57.72811
                ],
                [
                    11.94724,
                    57.72778
                ],
                [
                    11.94733,
                    57.7277
                ],
                [
                    11.9466,
                    57.72741
                ],
                [
                    11.9464,
                    57.72728
                ],
                [
                    11.94609,
                    57.72697
                ],
                [
                    11.94673,
                    57.72651
                ],
                [
                    11.94722,
                    57.72626
                ],
                [
                    11.94867,
                    57.72532
                ],
                [
                    11.9488,
                    57.72522
                ],
                [
                    11.94887,
                    57.72518
                ],
                [
                    11.94862,
                    57.72519
                ],
                [
                    11.94834,
                    57.7252
                ],
                [
                    11.94835,
                    57.72526
                ]
            ]
        }
    ]
}