{
    "city": 1,
    "initialStart": [
        18.09436,
        59.34319
    ],
    "trips": [
        {
            "summary": {
                "distance": 569.3,
                "duration": 128.5
            },
            "user": {
                "id": 737,
                "token": "eyJhbGciOiJIUzI1NiIsInR5cCI6IkpXVCJ9.eyJpZCI6NzM3LCJyb2xlIjoidXNlciIsImlhdCI6MTcwMzA4OTE3MSwiZXhwIjoxNzM0NjI1MTcxfQ.LHuuutVESLGsElj5dEa0igY_NNpHZHMKiWwznLeo7KI"
            },
            "coords": [
                [
                    18.09436,
                    59.34319
                ],
                [
                    18.09415,
                    59.34291
                ],
                [
                    18.09389,
                    59.34257
                ],
                [
                    18.09282,
                    59.34282
                ],
                [
                    18.09216,
                    59.34296
                ],
                [
                    18.09206,
                    59.34297
                ],
                [
                    18.09202,
                    59.34298
                ],
                [
                    18.09208,
                    59.34308
                ],
                [
                    18.0924,
                    59.34357
                ],
                [
                    18.09265,
                    59.34396
                ],
                [
                    18.09272,
                    59.34407
                ],
                [
                    18.09275,
                    59.34412
                ],
                [
                    18.09315,
                    59.34474
                ],
                [
                    18.09318,
                    59.34474
                ],
                [
                    18.0933,
                    59.34472
                ],
                [
                    18.09334,
                    59.34479
                ],
                [
                    18.0934,
                    59.34489
                ],
                [
                    18.09352,
                    59.34513
                ],
                [
                    18.09361,
                    59.34559
                ],
                [
                    18.09372,
                    59.34559
                ],
                [
                    18.09408,
                    59.34561
                ],
                [
                    18.09426,
                    59.34546
                ],
                [
                    18.09449,
                    59.34532
                ]
            ]
        }
    ]
}