{
    "city": 1,
    "initialStart": [
        18.09914,
        59.3433
    ],
    "trips": [
        {
            "summary": {
                "distance": 383.5,
                "duration": 80.8
            },
            "user": {
                "id": 741,
                "token": "eyJhbGciOiJIUzI1NiIsInR5cCI6IkpXVCJ9.eyJpZCI6NzQxLCJyb2xlIjoidXNlciIsImlhdCI6MTcwMzA4OTE3NiwiZXhwIjoxNzM0NjI1MTc2fQ.s5Z5mMqeTG52TUwgq4LgxJVmy75mGVUwZIhEex0QSas"
            },
            "coords": [
                [
                    18.09914,
                    59.3433
                ],
                [
                    18.09921,
                    59.34334
                ],
                [
                    18.09929,
                    59.3434
                ],
                [
                    18.09912,
                    59.34345
                ],
                [
                    18.09722,
                    59.3439
                ],
                [
                    18.09713,
                    59.34392
                ],
                [
                    18.09723,
                    59.34396
                ],
                [
                    18.09728,
                    59.34399
                ],
                [
                    18.0977,
                    59.34425
                ],
                [
                    18.0972,
                    59.34437
                ],
                [
                    18.09656,
                    59.34454
                ],
                [
                    18.09608,
                    59.34468
                ],
                [
                    18.09558,
                    59.34484
                ],
                [
                    18.09551,
                    59.34477
                ],
                [
                    18.09548,
                    59.34474
                ],
                [
                    18.09542,
                    59.34469
                ],
                [
                    18.0954,
                    59.34467
                ],
                [
                    18.09517,
                    59.34448
                ],
                [
                    18.09523,
                    59.34447
                ]
            ]
        }
    ]
}