{
    "city": 1,
    "initialStart": [
        18.06913,
        59.30626
    ],
    "trips": [
        {
            "summary": {
                "distance": 403.3,
                "duration": 66
            },
            "user": {
                "id": 747,
                "token": "eyJhbGciOiJIUzI1NiIsInR5cCI6IkpXVCJ9.eyJpZCI6NzQ3LCJyb2xlIjoidXNlciIsImlhdCI6MTcwMzA4OTE4NCwiZXhwIjoxNzM0NjI1MTg0fQ.37jYb7ndl_fo7RAs5DBxBYIgDqBgP27qX-D597RSJfA"
            },
            "coords": [
                [
                    18.06913,
                    59.30626
                ],
                [
                    18.06897,
                    59.30627
                ],
                [
                    18.06887,
                    59.30628
                ],
                [
                    18.06925,
                    59.3071
                ],
                [
                    18.06932,
                    59.30723
                ],
                [
                    18.06942,
                    59.30744
                ],
                [
                    18.06948,
                    59.30757
                ],
                [
                    18.06968,
                    59.30762
                ],
                [
                    18.06978,
                    59.30772
                ],
                [
                    18.06912,
                    59.30781
                ],
                [
                    18.06853,
                    59.30791
                ],
                [
                    18.06806,
                    59.30798
                ],
                [
                    18.06717,
                    59.30813
                ],
                [
                    18.06697,
                    59.30817
                ],
                [
                    18.06617,
                    59.30833
                ]
            ]
        }
    ]
}