{
    "city": 1,
    "initialStart": [
        18.06753,
        59.31271
    ],
    "trips": [
        {
            "summary": {
                "distance": 581.4,
                "duration": 111.2
            },
            "user": {
                "id": 75,
                "token": "eyJhbGciOiJIUzI1NiIsInR5cCI6IkpXVCJ9.eyJpZCI6NzUsInJvbGUiOiJ1c2VyIiwiaWF0IjoxNzAyODkwMzQ0LCJleHAiOjE3MzQ0MjYzNDR9.ao0SXLacNDXxRSoTlQmErMaYNSytO_k3bivqCIKXczs"
            },
            "coords": [
                [
                    18.06753,
                    59.31271
                ],
                [
                    18.0674,
                    59.3127
                ],
                [
                    18.06566,
                    59.31248
                ],
                [
                    18.06576,
                    59.31241
                ],
                [
                    18.06599,
                    59.3119
                ],
                [
                    18.06593,
                    59.31187
                ],
                [
                    18.06594,
                    59.31183
                ],
                [
                    18.06598,
                    59.31176
                ],
                [
                    18.0662,
                    59.31134
                ],
                [
                    18.06625,
                    59.31109
                ],
                [
                    18.06631,
                    59.31098
                ],
                [
                    18.06646,
                    59.31075
                ],
                [
                    18.06658,
                    59.31049
                ],
                [
                    18.06639,
                    59.31043
                ],
                [
                    18.06556,
                    59.31032
                ],
                [
                    18.06528,
                    59.31022
                ],
                [
                    18.06411,
                    59.31007
                ],
                [
                    18.06408,
                    59.31013
                ],
                [
                    18.06406,
                    59.31019
                ],
                [
                    18.06396,
                    59.3104
                ],
                [
                    18.06403,
                    59.31041
                ],
                [
                    18.06429,
                    59.31044
                ],
                [
                    18.06438,
                    59.31046
                ],
                [
                    18.06448,
                    59.31044
                ],
                [
                    18.06487,
                    59.31049
                ]
            ]
        }
    ]
}