{
    "city": 1,
    "initialStart": [
        18.07405,
        59.31135
    ],
    "trips": [
        {
            "summary": {
                "distance": 813.6,
                "duration": 165.8
            },
            "user": {
                "id": 753,
                "token": "eyJhbGciOiJIUzI1NiIsInR5cCI6IkpXVCJ9.eyJpZCI6NzUzLCJyb2xlIjoidXNlciIsImlhdCI6MTcwMzA4OTE4NiwiZXhwIjoxNzM0NjI1MTg2fQ.9vsuSr6aT0J9hveveoY_vTxd4SUp0nde9oI2TBgkFFg"
            },
            "coords": [
                [
                    18.07405,
                    59.31135
                ],
                [
                    18.07397,
                    59.31152
                ],
                [
                    18.07441,
                    59.31158
                ],
                [
                    18.07449,
                    59.31159
                ],
                [
                    18.07496,
                    59.31062
                ],
                [
                    18.07501,
                    59.31052
                ],
                [
                    18.07452,
                    59.31046
                ],
                [
                    18.07443,
                    59.31044
                ],
                [
                    18.07432,
                    59.31043
                ],
                [
                    18.07284,
                    59.31024
                ],
                [
                    18.07266,
                    59.3102
                ],
                [
                    18.07163,
                    59.31006
                ],
                [
                    18.0714,
                    59.31002
                ],
                [
                    18.07127,
                    59.31026
                ],
                [
                    18.07119,
                    59.3103
                ],
                [
                    18.07109,
                    59.31031
                ],
                [
                    18.07061,
                    59.31025
                ],
                [
                    18.07038,
                    59.31022
                ],
                [
                    18.06973,
                    59.31013
                ],
                [
                    18.06986,
                    59.3099
                ],
                [
                    18.0699,
                    59.30986
                ],
                [
                    18.0701,
                    59.30966
                ],
                [
                    18.07022,
                    59.30954
                ],
                [
                    18.07048,
                    59.30927
                ],
                [
                    18.07055,
                    59.30925
                ],
                [
                    18.07072,
                    59.30927
                ],
                [
                    18.07074,
                    59.30921
                ],
                [
                    18.07065,
                    59.30911
                ],
                [
                    18.07064,
                    59.30906
                ],
                [
                    18.07072,
                    59.30903
                ],
                [
                    18.07087,
                    59.30902
                ],
                [
                    18.071,
                    59.30875
                ],
                [
                    18.07248,
                    59.30894
                ],
                [
                    18.07236,
                    59.30917
                ],
                [
                    18.07239,
                    59.30918
                ],
                [
                    18.07251,
                    59.30919
                ]
            ]
        }
    ]
}