{
    "city": 1,
    "initialStart": [
        18.02737,
        59.31795
    ],
    "trips": [
        {
            "summary": {
                "distance": 362,
                "duration": 59.9
            },
            "user": {
                "id": 76,
                "token": "eyJhbGciOiJIUzI1NiIsInR5cCI6IkpXVCJ9.eyJpZCI6NzYsInJvbGUiOiJ1c2VyIiwiaWF0IjoxNzAyODkwMzQ1LCJleHAiOjE3MzQ0MjYzNDV9.fWA1yagRr2HDaLXDrjW6k4TewDKV9Kfykygq7L96OZA"
            },
            "coords": [
                [
                    18.02737,
                    59.31795
                ],
                [
                    18.02759,
                    59.3173
                ],
                [
                    18.02756,
                    59.31722
                ],
                [
                    18.02785,
                    59.31654
                ],
                [
                    18.02744,
                    59.3165
                ],
                [
                    18.02723,
                    59.31647
                ],
                [
                    18.02689,
                    59.31644
                ],
                [
                    18.02684,
                    59.31637
                ],
                [
                    18.02699,
                    59.31616
                ],
                [
                    18.02708,
                    59.31614
                ],
                [
                    18.02712,
                    59.31607
                ],
                [
                    18.02723,
                    59.31602
                ],
                [
                    18.02818,
                    59.31574
                ],
                [
                    18.02863,
                    59.3156
                ]
            ]
        }
    ]
}