{
    "city": 1,
    "initialStart": [
        18.07218,
        59.328
    ],
    "trips": [
        {
            "summary": {
                "distance": 526.4,
                "duration": 124.6
            },
            "user": {
                "id": 77,
                "token": "eyJhbGciOiJIUzI1NiIsInR5cCI6IkpXVCJ9.eyJpZCI6NzcsInJvbGUiOiJ1c2VyIiwiaWF0IjoxNzAyODkwMzQ2LCJleHAiOjE3MzQ0MjYzNDZ9.WdpRkIG5JQysyyzfPD-yHT4FSCEoCR5nRAwlD2aD7u8"
            },
            "coords": [
                [
                    18.07218,
                    59.328
                ],
                [
                    18.07252,
                    59.3281
                ],
                [
                    18.07275,
                    59.32812
                ],
                [
                    18.07283,
                    59.32811
                ],
                [
                    18.07287,
                    59.32808
                ],
                [
                    18.07287,
                    59.32805
                ],
                [
                    18.07274,
                    59.32805
                ],
                [
                    18.07253,
                    59.32802
                ],
                [
                    18.0722,
                    59.3279
                ],
                [
                    18.07111,
                    59.32755
                ],
                [
                    18.07089,
                    59.32748
                ],
                [
                    18.07073,
                    59.32743
                ],
                [
                    18.06928,
                    59.32696
                ],
                [
                    18.06862,
                    59.32673
                ],
                [
                    18.06859,
                    59.32676
                ],
                [
                    18.06848,
                    59.32686
                ],
                [
                    18.06846,
                    59.32688
                ],
                [
                    18.06827,
                    59.32705
                ],
                [
                    18.06824,
                    59.32708
                ],
                [
                    18.06818,
                    59.32713
                ],
                [
                    18.06815,
                    59.32714
                ],
                [
                    18.06812,
                    59.32717
                ],
                [
                    18.06804,
                    59.32725
                ],
                [
                    18.06752,
                    59.32778
                ],
                [
                    18.06743,
                    59.32786
                ],
                [
                    18.06737,
                    59.32792
                ],
                [
                    18.06734,
                    59.32796
                ],
                [
                    18.0673,
                    59.328
                ],
                [
                    18.06702,
                    59.32827
                ]
            ]
        }
    ]
}