{
    "city": 2,
    "initialStart": [
        11.96439,
        57.72387
    ],
    "trips": [
        {
            "summary": {
                "distance": 2722.4,
                "duration": 488.2
            },
            "user": {
                "id": 775,
                "token": "eyJhbGciOiJIUzI1NiIsInR5cCI6IkpXVCJ9.eyJpZCI6Nzc1LCJyb2xlIjoidXNlciIsImlhdCI6MTcwNDIwNjc4MSwiZXhwIjoxNzM1NzQyNzgxfQ.8o1d8Yys04CtuZQ-hrAOdqXlgMwH9fMxWDtAiIZyr-E"
            },
            "coords": [
                [
                    11.96439,
                    57.72387
                ],
                [
                    11.96737,
                    57.7245
                ],
                [
                    11.96877,
                    57.72482
                ],
                [
                    11.97048,
                    57.72499
                ],
                [
                    11.97204,
                    57.72512
                ],
                [
                    11.97261,
                    57.72515
                ],
                [
                    11.97319,
                    57.72523
                ],
                [
                    11.9733,
                    57.72523
                ],
                [
                    11.97352,
                    57.72516
                ],
                [
                    11.97372,
                    57.72515
                ],
                [
                    11.97431,
                    57.72522
                ],
                [
                    11.9744,
                    57.72521
                ],
                [
                    11.97454,
                    57.72514
                ],
                [
                    11.9746,
                    57.72511
                ],
                [
                    11.97476,
                    57.72493
                ],
                [
                    11.9749,
                    57.72469
                ],
                [
                    11.97477,
                    57.72466
                ],
                [
                    11.97534,
                    57.72391
                ],
                [
                    11.97555,
                    57.72362
                ],
                [
                    11.97582,
                    57.72325
                ],
                [
                    11.97588,
                    57.72317
                ],
                [
                    11.97418,
                    57.7228
                ],
                [
                    11.97186,
                    57.72229
                ],
                [
                    11.97168,
                    57.72227
                ],
                [
                    11.97149,
                    57.72222
                ],
                [
                    11.97013,
                    57.72193
                ],
                [
                    11.96992,
                    57.7219
                ],
                [
                    11.96971,
                    57.72185
                ],
                [
                    11.96833,
                    57.72154
                ],
                [
                    11.96681,
                    57.7213
                ],
                [
                    11.96521,
                    57.72107
                ],
                [
                    11.96473,
                    57.72099
                ],
                [
                    11.96393,
                    57.72089
                ],
                [
                    11.96329,
                    57.72083
                ],
                [
                    11.96284,
                    57.72069
                ],
                [
                    11.96249,
                    57.72061
                ],
                [
                    11.96228,
                    57.72059
                ],
                [
                    11.96217,
                    57.72056
                ],
                [
                    11.96214,
                    57.72052
                ],
                [
                    11.962,
                    57.72038
                ],
                [
                    11.96183,
                    57.72034
                ],
                [
                    11.96181,
                    57.72038
                ],
                [
                    11.96173,
                    57.72042
                ],
                [
                    11.96132,
                    57.72047
                ],
                [
                    11.96069,
                    57.72064
                ],
                [
                    11.9606,
                    57.72067
                ],
                [
                    11.96045,
                    57.72069
                ],
                [
                    11.96027,
                    57.72068
                ],
                [
                    11.96012,
                    57.72066
                ],
                [
                    11.95972,
                    57.72061
                ],
                [
                    11.95943,
                    57.72058
                ],
                [
                    11.95936,
                    57.72058
                ],
                [
                    11.95863,
                    57.7206
                ],
                [
                    11.95856,
                    57.72067
                ],
                [
                    11.95861,
                    57.72071
                ],
                [
                    11.95857,
                    57.72075
                ],
                [
                    11.95832,
                    57.72077
                ],
                [
                    11.95827,
                    57.72079
                ],
                [
                    11.95832,
                    57.72082
                ],
                [
                    11.95845,
                    57.72083
                ],
                [
                    11.9585,
                    57.72085
                ],
                [
                    11.95851,
                    57.7209
                ],
                [
                    11.95826,
                    57.72099
                ],
                [
                    11.95805,
                    57.72107
                ],
                [
                    11.95792,
                    57.72114
                ],
                [
                    11.95784,
                    57.72122
                ],
                [
                    11.9578,
                    57.7213
                ],
                [
                    11.95781,
                    57.72144
                ],
                [
                    11.95789,
                    57.72155
                ],
                [
                    11.95891,
                    57.72233
                ],
                [
                    11.96045,
                    57.72339
                ],
                [
                    11.96091,
                    57.72366
                ],
                [
                    11.9617,
                    57.72405
                ],
                [
                    11.9629,
                    57.72453
                ],
                [
                    11.96335,
                    57.72467
                ],
                [
                    11.96377,
                    57.72479
                ],
                [
                    11.96482,
                    57.72505
                ],
                [
                    11.96508,
                    57.72511
                ]
            ]
        }
    ]
}