{
    "city": 1,
    "initialStart": [
        18.06568,
        59.31033
    ],
    "trips": [
        {
            "summary": {
                "distance": 398.8,
                "duration": 66.7
            },
            "user": {
                "id": 78,
                "token": "eyJhbGciOiJIUzI1NiIsInR5cCI6IkpXVCJ9.eyJpZCI6NzgsInJvbGUiOiJ1c2VyIiwiaWF0IjoxNzAyODkwMzQ2LCJleHAiOjE3MzQ0MjYzNDZ9.GfYhpgKfA9mb8i9MMwHKC2TR-HoAdk2UHyZVzlB-vlM"
            },
            "coords": [
                [
                    18.06568,
                    59.31033
                ],
                [
                    18.06556,
                    59.31032
                ],
                [
                    18.06528,
                    59.31022
                ],
                [
                    18.06411,
                    59.31007
                ],
                [
                    18.06391,
                    59.31004
                ],
                [
                    18.06346,
                    59.30998
                ],
                [
                    18.06256,
                    59.30985
                ],
                [
                    18.06247,
                    59.30983
                ],
                [
                    18.06229,
                    59.3097
                ],
                [
                    18.0621,
                    59.30953
                ],
                [
                    18.06195,
                    59.30957
                ],
                [
                    18.06184,
                    59.30946
                ],
                [
                    18.06177,
                    59.30939
                ],
                [
                    18.06167,
                    59.30931
                ],
                [
                    18.0619,
                    59.30924
                ],
                [
                    18.06195,
                    59.3092
                ],
                [
                    18.06282,
                    59.30894
                ],
                [
                    18.06302,
                    59.30888
                ],
                [
                    18.06355,
                    59.30872
                ]
            ]
        }
    ]
}