{
    "city": 2,
    "initialStart": [
        11.98359,
        57.6921
    ],
    "trips": [
        {
            "summary": {
                "distance": 414.5,
                "duration": 110.8
            },
            "user": {
                "id": 781,
                "token": "eyJhbGciOiJIUzI1NiIsInR5cCI6IkpXVCJ9.eyJpZCI6NzgxLCJyb2xlIjoidXNlciIsImlhdCI6MTcwNDIwNjc4MiwiZXhwIjoxNzM1NzQyNzgyfQ.3tXQYLhQIL_D_JvyO0E_joIX5RS-fnyHuHFKEFovZ3s"
            },
            "coords": [
                [
                    11.98359,
                    57.6921
                ],
                [
                    11.98383,
                    57.69213
                ],
                [
                    11.98397,
                    57.69215
                ],
                [
                    11.98429,
                    57.69215
                ],
                [
                    11.98455,
                    57.69248
                ],
                [
                    11.9846,
                    57.69269
                ],
                [
                    11.98455,
                    57.69281
                ],
                [
                    11.98445,
                    57.69295
                ],
                [
                    11.98423,
                    57.69306
                ],
                [
                    11.98416,
                    57.69312
                ],
                [
                    11.98394,
                    57.69311
                ],
                [
                    11.98337,
                    57.69318
                ],
                [
                    11.98311,
                    57.69323
                ],
                [
                    11.98296,
                    57.69321
                ],
                [
                    11.98307,
                    57.69333
                ],
                [
                    11.98308,
                    57.69338
                ],
                [
                    11.98306,
                    57.69344
                ],
                [
                    11.98309,
                    57.69359
                ],
                [
                    11.98318,
                    57.69368
                ],
                [
                    11.98323,
                    57.6937
                ],
                [
                    11.98327,
                    57.69378
                ],
                [
                    11.98324,
                    57.69391
                ],
                [
                    11.98331,
                    57.69402
                ],
                [
                    11.983,
                    57.69401
                ],
                [
                    11.98285,
                    57.69399
                ],
                [
                    11.9827,
                    57.69402
                ],
                [
                    11.98261,
                    57.69401
                ],
                [
                    11.98253,
                    57.69399
                ],
                [
                    11.98245,
                    57.694
                ],
                [
                    11.98231,
                    57.69394
                ],
                [
                    11.98204,
                    57.69389
                ],
                [
                    11.98198,
                    57.69389
                ]
            ]
        }
    ]
}