{
    "city": 2,
    "initialStart": [
        11.92324,
        57.71354
    ],
    "trips": [
        {
            "summary": {
                "distance": 910.2,
                "duration": 175.7
            },
            "user": {
                "id": 785,
                "token": "eyJhbGciOiJIUzI1NiIsInR5cCI6IkpXVCJ9.eyJpZCI6Nzg1LCJyb2xlIjoidXNlciIsImlhdCI6MTcwNDIwNjc4MywiZXhwIjoxNzM1NzQyNzgzfQ.458VVUpnHDiC-zLqtYqIFvqZ5ld3tMK4YTVyyxn8SUI"
            },
            "coords": [
                [
                    11.92324,
                    57.71354
                ],
                [
                    11.92368,
                    57.71255
                ],
                [
                    11.9241,
                    57.71252
                ],
                [
                    11.92459,
                    57.71259
                ],
                [
                    11.92468,
                    57.71263
                ],
                [
                    11.92493,
                    57.71277
                ],
                [
                    11.92579,
                    57.7129
                ],
                [
                    11.92584,
                    57.71293
                ],
                [
                    11.92586,
                    57.71297
                ],
                [
                    11.92584,
                    57.71303
                ],
                [
                    11.92554,
                    57.71347
                ],
                [
                    11.92555,
                    57.7135
                ],
                [
                    11.927,
                    57.71401
                ],
                [
                    11.92712,
                    57.71408
                ],
                [
                    11.92725,
                    57.71404
                ],
                [
                    11.92734,
                    57.71404
                ],
                [
                    11.92743,
                    57.71406
                ],
                [
                    11.92749,
                    57.7141
                ],
                [
                    11.92751,
                    57.71415
                ],
                [
                    11.9275,
                    57.7142
                ],
                [
                    11.92745,
                    57.71424
                ],
                [
                    11.92756,
                    57.71433
                ],
                [
                    11.92748,
                    57.71437
                ],
                [
                    11.92773,
                    57.71461
                ],
                [
                    11.92823,
                    57.71528
                ],
                [
                    11.92844,
                    57.71557
                ],
                [
                    11.92833,
                    57.71558
                ],
                [
                    11.92802,
                    57.7156
                ],
                [
                    11.928,
                    57.7156
                ],
                [
                    11.92725,
                    57.7156
                ],
                [
                    11.92618,
                    57.71557
                ],
                [
                    11.92611,
                    57.71557
                ],
                [
                    11.92601,
                    57.7156
                ],
                [
                    11.92505,
                    57.71606
                ],
                [
                    11.92446,
                    57.71633
                ]
            ]
        }
    ]
}