{
    "city": 2,
    "initialStart": [
        11.90976,
        57.70508
    ],
    "trips": [
        {
            "summary": {
                "distance": 425.7,
                "duration": 69.6
            },
            "user": {
                "id": 790,
                "token": "eyJhbGciOiJIUzI1NiIsInR5cCI6IkpXVCJ9.eyJpZCI6NzkwLCJyb2xlIjoidXNlciIsImlhdCI6MTcwNDIwNjc4NCwiZXhwIjoxNzM1NzQyNzg0fQ.LY75dDkkWabcZBeRguP0hh4xECtP-OGaCrN94gVB4Jw"
            },
            "coords": [
                [
                    11.90976,
                    57.70508
                ],
                [
                    11.90969,
                    57.70508
                ],
                [
                    11.90955,
                    57.70508
                ],
                [
                    11.90948,
                    57.70513
                ],
                [
                    11.90941,
                    57.70532
                ],
                [
                    11.90938,
                    57.7054
                ],
                [
                    11.9093,
                    57.7056
                ],
                [
                    11.90926,
                    57.70568
                ],
                [
                    11.90925,
                    57.70573
                ],
                [
                    11.90918,
                    57.70589
                ],
                [
                    11.90917,
                    57.70592
                ],
                [
                    11.90915,
                    57.70598
                ],
                [
                    11.90902,
                    57.70628
                ],
                [
                    11.909,
                    57.70634
                ],
                [
                    11.90894,
                    57.70647
                ],
                [
                    11.9089,
                    57.70658
                ],
                [
                    11.90832,
                    57.70652
                ],
                [
                    11.90814,
                    57.7065
                ],
                [
                    11.90804,
                    57.70649
                ],
                [
                    11.90728,
                    57.70643
                ],
                [
                    11.90708,
                    57.70641
                ],
                [
                    11.90687,
                    57.7064
                ],
                [
                    11.90626,
                    57.70635
                ],
                [
                    11.90605,
                    57.70635
                ],
                [
                    11.90575,
                    57.70642
                ],
                [
                    11.90565,
                    57.70637
                ],
                [
                    11.90554,
                    57.70628
                ],
                [
                    11.90548,
                    57.7063
                ],
                [
                    11.90538,
                    57.70618
                ],
                [
                    11.90546,
                    57.70616
                ],
                [
                    11.90556,
                    57.70611
                ]
            ]
        }
    ]
}