{
    "city": 2,
    "initialStart": [
        12.00513,
        57.72428
    ],
    "trips": [
        {
            "summary": {
                "distance": 495.1,
                "duration": 134.1
            },
            "user": {
                "id": 791,
                "token": "eyJhbGciOiJIUzI1NiIsInR5cCI6IkpXVCJ9.eyJpZCI6NzkxLCJyb2xlIjoidXNlciIsImlhdCI6MTcwNDIwNjc4NCwiZXhwIjoxNzM1NzQyNzg0fQ.-gDM_8-0nYx_THmnVvF0sN0FiP0tRWCNBQ40lr_phJg"
            },
            "coords": [
                [
                    12.00513,
                    57.72428
                ],
                [
                    12.00515,
                    57.72428
                ],
                [
                    12.00522,
                    57.72427
                ],
                [
                    12.0056,
                    57.72403
                ],
                [
                    12.00587,
                    57.72406
                ],
                [
                    12.006,
                    57.72408
                ],
                [
                    12.00634,
                    57.72409
                ],
                [
                    12.00645,
                    57.72411
                ],
                [
                    12.00649,
                    57.72414
                ],
                [
                    12.00651,
                    57.72419
                ],
                [
                    12.00637,
                    57.72446
                ],
                [
                    12.00628,
                    57.72463
                ],
                [
                    12.00624,
                    57.72481
                ],
                [
                    12.00633,
                    57.72508
                ],
                [
                    12.00648,
                    57.72549
                ],
                [
                    12.00563,
                    57.72557
                ],
                [
                    12.00547,
                    57.72558
                ],
                [
                    12.00488,
                    57.72564
                ],
                [
                    12.00485,
                    57.72567
                ],
                [
                    12.00452,
                    57.72571
                ],
                [
                    12.00413,
                    57.72575
                ],
                [
                    12.00391,
                    57.72577
                ],
                [
                    12.00385,
                    57.72577
                ],
                [
                    12.0036,
                    57.7258
                ],
                [
                    12.00354,
                    57.7258
                ],
                [
                    12.00355,
                    57.72584
                ],
                [
                    12.00359,
                    57.72584
                ],
                [
                    12.00361,
                    57.72587
                ],
                [
                    12.00361,
                    57.72589
                ],
                [
                    12.00364,
                    57.72599
                ],
                [
                    12.00375,
                    57.72636
                ]
            ]
        }
    ]
}