{
    "city": 2,
    "initialStart": [
        11.8947,
        57.71063
    ],
    "trips": [
        {
            "summary": {
                "distance": 1025.1,
                "duration": 208.7
            },
            "user": {
                "id": 793,
                "token": "eyJhbGciOiJIUzI1NiIsInR5cCI6IkpXVCJ9.eyJpZCI6NzkzLCJyb2xlIjoidXNlciIsImlhdCI6MTcwNDIwNjc4NSwiZXhwIjoxNzM1NzQyNzg1fQ.ZvBa0LOFzqvGvMtxrQRNst349Z1UtzGe8N1-2EBVBFc"
            },
            "coords": [
                [
                    11.8947,
                    57.71063
                ],
                [
                    11.8953,
                    57.71111
                ],
                [
                    11.89559,
                    57.71137
                ],
                [
                    11.89598,
                    57.71176
                ],
                [
                    11.89642,
                    57.71227
                ],
                [
                    11.89655,
                    57.71243
                ],
                [
                    11.89659,
                    57.71248
                ],
                [
                    11.89665,
                    57.71258
                ],
                [
                    11.89672,
                    57.71266
                ],
                [
                    11.89676,
                    57.71278
                ],
                [
                    11.89686,
                    57.71278
                ],
                [
                    11.89678,
                    57.71268
                ],
                [
                    11.89676,
                    57.7126
                ],
                [
                    11.89673,
                    57.71248
                ],
                [
                    11.89646,
                    57.71211
                ],
                [
                    11.89624,
                    57.71192
                ],
                [
                    11.89585,
                    57.71151
                ],
                [
                    11.89539,
                    57.71108
                ],
                [
                    11.89494,
                    57.71071
                ],
                [
                    11.89441,
                    57.71032
                ],
                [
                    11.89398,
                    57.71005
                ],
                [
                    11.89363,
                    57.70987
                ],
                [
                    11.8935,
                    57.7098
                ],
                [
                    11.89361,
                    57.70965
                ],
                [
                    11.89359,
                    57.70958
                ],
                [
                    11.89352,
                    57.70954
                ],
                [
                    11.89382,
                    57.70937
                ],
                [
                    11.89397,
                    57.70935
                ],
                [
                    11.89411,
                    57.70931
                ],
                [
                    11.8943,
                    57.70924
                ],
                [
                    11.89453,
                    57.70913
                ],
                [
                    11.89487,
                    57.70902
                ],
                [
                    11.895,
                    57.70897
                ],
                [
                    11.89518,
                    57.70884
                ],
                [
                    11.89536,
                    57.709
                ],
                [
                    11.89547,
                    57.70904
                ],
                [
                    11.89559,
                    57.70905
                ],
                [
                    11.89583,
                    57.70896
                ],
                [
                    11.89634,
                    57.70892
                ],
                [
                    11.89646,
                    57.709
                ],
                [
                    11.89662,
                    57.70905
                ],
                [
                    11.89681,
                    57.70912
                ],
                [
                    11.89687,
                    57.70908
                ],
                [
                    11.89705,
                    57.70895
                ],
                [
                    11.89708,
                    57.70888
                ],
                [
                    11.89722,
                    57.70891
                ],
                [
                    11.89781,
                    57.70899
                ]
            ]
        }
    ]
}