{
    "city": 2,
    "initialStart": [
        11.92343,
        57.69732
    ],
    "trips": [
        {
            "summary": {
                "distance": 345.2,
                "duration": 72.2
            },
            "user": {
                "id": 798,
                "token": "eyJhbGciOiJIUzI1NiIsInR5cCI6IkpXVCJ9.eyJpZCI6Nzk4LCJyb2xlIjoidXNlciIsImlhdCI6MTcwNDIwNjc4NiwiZXhwIjoxNzM1NzQyNzg2fQ.dQi_IQxyTBBnkWwrLU-yiMUHBtAigStFwqPq4LI1B-M"
            },
            "coords": [
                [
                    11.92343,
                    57.69732
                ],
                [
                    11.92329,
                    57.69728
                ],
                [
                    11.92338,
                    57.6972
                ],
                [
                    11.92339,
                    57.69715
                ],
                [
                    11.92348,
                    57.69714
                ],
                [
                    11.92356,
                    57.69704
                ],
                [
                    11.92345,
                    57.69702
                ],
                [
                    11.92353,
                    57.69692
                ],
                [
                    11.92362,
                    57.69676
                ],
                [
                    11.92372,
                    57.69668
                ],
                [
                    11.92385,
                    57.69666
                ],
                [
                    11.92424,
                    57.69669
                ],
                [
                    11.92442,
                    57.69672
                ],
                [
                    11.92455,
                    57.69675
                ],
                [
                    11.92483,
                    57.69646
                ],
                [
                    11.92489,
                    57.69641
                ],
                [
                    11.92496,
                    57.69634
                ],
                [
                    11.925,
                    57.69629
                ],
                [
                    11.92503,
                    57.69626
                ],
                [
                    11.92545,
                    57.69586
                ],
                [
                    11.92534,
                    57.69582
                ],
                [
                    11.92545,
                    57.69572
                ],
                [
                    11.92554,
                    57.69557
                ],
                [
                    11.92543,
                    57.69556
                ],
                [
                    11.92546,
                    57.69552
                ],
                [
                    11.92557,
                    57.69529
                ],
                [
                    11.92554,
                    57.69529
                ],
                [
                    11.92536,
                    57.69526
                ],
                [
                    11.92532,
                    57.69528
                ]
            ]
        }
    ]
}