{
    "city": 1,
    "initialStart": [
        18.07855,
        59.33765
    ],
    "trips": [
        {
            "summary": {
                "distance": 838.4,
                "duration": 169.9
            },
            "user": {
                "id": 22,
                "token": "eyJhbGciOiJIUzI1NiIsInR5cCI6IkpXVCJ9.eyJpZCI6MjIsInJvbGUiOiJ1c2VyIiwiaWF0IjoxNzAwOTIzNTAzLCJleHAiOjE3MzI0NTk1MDN9.J0RjqTWoUTq6M4fMaEXZfz-GuPQuYdWiUc3Z7r38a_M"
            },
            "coords": [
                [
                    18.07855,
                    59.33765
                ],
                [
                    18.0779,
                    59.33778
                ],
                [
                    18.07771,
                    59.33781
                ],
                [
                    18.07767,
                    59.33776
                ],
                [
                    18.07748,
                    59.3378
                ],
                [
                    18.07638,
                    59.33802
                ],
                [
                    18.07621,
                    59.33806
                ],
                [
                    18.07524,
                    59.33826
                ],
                [
                    18.07487,
                    59.33833
                ],
                [
                    18.0747,
                    59.33836
                ],
                [
                    18.07496,
                    59.33867
                ],
                [
                    18.07512,
                    59.33888
                ],
                [
                    18.07517,
                    59.33894
                ],
                [
                    18.07523,
                    59.33901
                ],
                [
                    18.07552,
                    59.3394
                ],
                [
                    18.07559,
                    59.33949
                ],
                [
                    18.07624,
                    59.3403
                ],
                [
                    18.07629,
                    59.34037
                ],
                [
                    18.07648,
                    59.3406
                ],
                [
                    18.07655,
                    59.34067
                ],
                [
                    18.07693,
                    59.34116
                ],
                [
                    18.07752,
                    59.34192
                ],
                [
                    18.07744,
                    59.34193
                ],
                [
                    18.07732,
                    59.34195
                ],
                [
                    18.07714,
                    59.34198
                ],
                [
                    18.07649,
                    59.34212
                ],
                [
                    18.07643,
                    59.34213
                ],
                [
                    18.07604,
                    59.34221
                ],
                [
                    18.0756,
                    59.3423
                ],
                [
                    18.07565,
                    59.34236
                ],
                [
                    18.07564,
                    59.34242
                ],
                [
                    18.07593,
                    59.34278
                ]
            ]
        },
        {
            "summary": {
                "distance": 857,
                "duration": 156.6
            },
            "user": {
                "id": 23,
                "token": "eyJhbGciOiJIUzI1NiIsInR5cCI6IkpXVCJ9.eyJpZCI6MjMsInJvbGUiOiJ1c2VyIiwiaWF0IjoxNzAwOTIzNTAzLCJleHAiOjE3MzI0NTk1MDN9._M791j_rAxaefLCOnFzPSdxktIdd3bfbAdytcS39DZQ"
            },
            "coords": [
                [
                    18.07593,
                    59.34278
                ],
                [
                    18.07564,
                    59.34242
                ],
                [
                    18.07565,
                    59.34236
                ],
                [
                    18.0756,
                    59.3423
                ],
                [
                    18.07604,
                    59.34221
                ],
                [
                    18.07643,
                    59.34213
                ],
                [
                    18.07649,
                    59.34212
                ],
                [
                    18.07714,
                    59.34198
                ],
                [
                    18.07732,
                    59.34195
                ],
                [
                    18.07744,
                    59.34193
                ],
                [
                    18.07752,
                    59.34192
                ],
                [
                    18.0783,
                    59.34286
                ],
                [
                    18.07854,
                    59.34316
                ],
                [
                    18.07874,
                    59.34337
                ],
                [
                    18.07885,
                    59.34348
                ],
                [
                    18.07893,
                    59.3435
                ],
                [
                    18.07904,
                    59.34357
                ],
                [
                    18.07919,
                    59.34362
                ],
                [
                    18.07904,
                    59.34366
                ],
                [
                    18.07902,
                    59.34367
                ],
                [
                    18.07888,
                    59.34371
                ],
                [
                    18.07881,
                    59.34373
                ],
                [
                    18.07789,
                    59.34394
                ],
                [
                    18.07798,
                    59.34404
                ],
                [
                    18.07644,
                    59.34442
                ],
                [
                    18.07635,
                    59.34433
                ],
                [
                    18.07619,
                    59.34437
                ],
                [
                    18.07637,
                    59.34456
                ],
                [
                    18.07644,
                    59.34462
                ],
                [
                    18.07685,
                    59.34492
                ],
                [
                    18.07711,
                    59.34512
                ],
                [
                    18.0783,
                    59.34597
                ],
                [
                    18.07842,
                    59.34605
                ],
                [
                    18.07872,
                    59.34625
                ]
            ]
        },
        {
            "summary": {
                "distance": 513.5,
                "duration": 84
            },
            "user": {
                "id": 24,
                "token": "eyJhbGciOiJIUzI1NiIsInR5cCI6IkpXVCJ9.eyJpZCI6MjQsInJvbGUiOiJ1c2VyIiwiaWF0IjoxNzAwOTIzNTAzLCJleHAiOjE3MzI0NTk1MDN9.c5NidQQ3IC-lQAyXEsshMVLzu80GJZ_4PISdYNj6LYA"
            },