{
    "city": 2,
    "initialStart": [
        11.94774,
        57.67084
    ],
    "trips": [
        {
            "summary": {
                "distance": 1814.9,
                "duration": 362.7
            },
            "user": {
                "id": 802,
                "token": "eyJhbGciOiJIUzI1NiIsInR5cCI6IkpXVCJ9.eyJpZCI6ODAyLCJyb2xlIjoidXNlciIsImlhdCI6MTcwNDIwNjc4NywiZXhwIjoxNzM1NzQyNzg3fQ.DEN8PvCtvnAAtSDwjlcRg0R5gfBBRqOdMDTB69L_91A"
            },
            "coords": [
                [
                    11.94774,
                    57.67084
                ],
                [
                    11.94755,
                    57.67072
                ],
                [
                    11.94751,
                    57.67049
                ],
                [
                    11.9476,
                    57.67032
                ],
                [
                    11.94764,
                    57.67014
                ],
                [
                    11.94777,
                    57.67003
                ],
                [
                    11.94787,
                    57.66988
                ],
                [
                    11.94808,
                    57.66969
                ],
                [
                    11.94819,
                    57.66965
                ],
                [
                    11.94822,
                    57.66948
                ],
                [
                    11.94815,
                    57.6694
                ],
                [
                    11.94804,
                    57.66935
                ],
                [
                    11.94808,
                    57.66909
                ],
                [
                    11.94816,
                    57.66888
                ],
                [
                    11.94873,
                    57.66866
                ],
                [
                    11.94873,
                    57.66854
                ],
                [
                    11.94875,
                    57.66841
                ],
                [
                    11.94881,
                    57.66836
                ],
                [
                    11.94886,
                    57.66833
                ],
                [
                    11.94866,
                    57.66823
                ],
                [
                    11.94853,
                    57.66817
                ],
                [
                    11.94772,
                    57.66764
                ],
                [
                    11.9474,
                    57.66751
                ],
                [
                    11.94695,
                    57.66716
                ],
                [
                    11.94657,
                    57.66691
                ],
                [
                    11.94629,
                    57.6667
                ],
                [
                    11.94616,
                    57.66662
                ],
                [
                    11.94592,
                    57.66652
                ],
                [
                    11.94549,
                    57.66631
                ],
                [
                    11.94515,
                    57.66624
                ],
                [
                    11.94482,
                    57.6662
                ],
                [
                    11.9448,
                    57.66617
                ],
                [
                    11.94486,
                    57.66601
                ],
                [
                    11.94392,
                    57.6659
                ],
                [
                    11.94362,
                    57.66587
                ],
                [
                    11.94355,
                    57.66585
                ],
                [
                    11.94344,
                    57.66598
                ],
                [
                    11.94362,
                    57.66607
                ],
                [
                    11.94337,
                    57.66628
                ],
                [
                    11.94301,
                    57.66643
                ],
                [
                    11.94273,
                    57.66647
                ],
                [
                    11.94197,
                    57.66647
                ],
                [
                    11.94174,
                    57.66649
                ],
                [
                    11.94145,
                    57.66659
                ],
                [
                    11.94117,
                    57.66663
                ],
                [
                    11.941,
                    57.66674
                ],
                [
                    11.94082,
                    57.66692
                ],
                [
                    11.94048,
                    57.66689
                ],
                [
                    11.9398,
                    57.66687
                ],
                [
                    11.93991,
                    57.66741
                ],
                [
                    11.93963,
                    57.66742
                ],
                [
                    11.93966,
                    57.66753
                ],
                [
                    11.93973,
                    57.66778
                ],
                [
                    11.93977,
                    57.66795
                ],
                [
                    11.93983,
                    57.66808
                ],
                [
                    11.93982,
                    57.66816
                ],
                [
                    11.93972,
                    57.66828
                ],
                [
                    11.93905,
                    57.66872
                ],
                [
                    11.939,
                    57.66884
                ],
                [
                    11.93902,
                    57.66892
                ],
                [
                    11.93941,
                    57.6694
                ],
                [
                    11.93958,
                    57.66957
                ],
                [
                    11.93972,
                    57.66964
                ],
                [
                    11.93988,
                    57.66968
                ],
                [
                    11.94014,
                    57.6697
                ],
                [
                    11.94037,
                    57.66976
                ],
                [
                    11.94093,
                    57.66998
                ],
                [
                    11.9414,
                    57.6702
                ],
                [
                    11.94208,
                    57.67082
                ],
                [
                    11.94242,
                    57.67099
                ],
                [
                    11.94254,
                    57.67108
                ],
                [
                    11.94269,
                    57.67124
                ],
                [
                    11.94281,
                    57.67131
                ],
                [
                    11.94287,
                    57.67138
                ],
                [
                    11.94288,
                    57.67145
                ],
                [
                    11.94268,
                    57.67179
                ],
                [
                    11.943,
                    57.67196
                ],
                [
                    11.94341,
                    57.6721
                ],
                [
