{
    "city": 2,
    "initialStart": [
        12.00956,
        57.69493
    ],
    "trips": [
        {
            "summary": {
                "distance": 485.4,
                "duration": 129.2
            },
            "user": {
                "id": 803,
                "token": "eyJhbGciOiJIUzI1NiIsInR5cCI6IkpXVCJ9.eyJpZCI6ODAzLCJyb2xlIjoidXNlciIsImlhdCI6MTcwNDIwNjc4NywiZXhwIjoxNzM1NzQyNzg3fQ.LayizQFto8px-7hVnI28bH2M2Jfvk6apdswoRR2iheE"
            },
            "coords": [
                [
                    12.00956,
                    57.69493
                ],
                [
                    12.00958,
                    57.69524
                ],
                [
                    12.00958,
                    57.69548
                ],
                [
                    12.00953,
                    57.69565
                ],
                [
                    12.00951,
                    57.69577
                ],
                [
                    12.00976,
                    57.69579
                ],
                [
                    12.00982,
                    57.69581
                ],
                [
                    12.00993,
                    57.6959
                ],
                [
                    12.01012,
                    57.6961
                ],
                [
                    12.01018,
                    57.69618
                ],
                [
                    12.01037,
                    57.69642
                ],
                [
                    12.01058,
                    57.69702
                ],
                [
                    12.01087,
                    57.69713
                ],
                [
                    12.01091,
                    57.69718
                ],
                [
                    12.01092,
                    57.69728
                ],
                [
                    12.01089,
                    57.69735
                ],
                [
                    12.01106,
                    57.69736
                ],
                [
                    12.0113,
                    57.69743
                ],
                [
                    12.01177,
                    57.69706
                ],
                [
                    12.01231,
                    57.69682
                ],
                [
                    12.01238,
                    57.69683
                ],
                [
                    12.0126,
                    57.69668
                ],
                [
                    12.01267,
                    57.69661
                ],
                [
                    12.0129,
                    57.69648
                ],
                [
                    12.01296,
                    57.69637
                ]
            ]
        }
    ]
}