{
    "city": 2,
    "initialStart": [
        12.03317,
        57.71476
    ],
    "trips": [
        {
            "summary": {
                "distance": 578,
                "duration": 155.2
            },
            "user": {
                "id": 804,
                "token": "eyJhbGciOiJIUzI1NiIsInR5cCI6IkpXVCJ9.eyJpZCI6ODA0LCJyb2xlIjoidXNlciIsImlhdCI6MTcwNDIwNjc4NywiZXhwIjoxNzM1NzQyNzg3fQ.Fbqw8oIgrJNBWnKQ9MGS4AnZSYFokSnXHAqNg9Kbdjo"
            },
            "coords": [
                [
                    12.03317,
                    57.71476
                ],
                [
                    12.03352,
                    57.71513
                ],
                [
                    12.03365,
                    57.71522
                ],
                [
                    12.03405,
                    57.71536
                ],
                [
                    12.03376,
                    57.71552
                ],
                [
                    12.03376,
                    57.71559
                ],
                [
                    12.03401,
                    57.71588
                ],
                [
                    12.03393,
                    57.71592
                ],
                [
                    12.03402,
                    57.71595
                ],
                [
                    12.03412,
                    57.71602
                ],
                [
                    12.03537,
                    57.71709
                ],
                [
                    12.03541,
                    57.71711
                ],
                [
                    12.03515,
                    57.71713
                ],
                [
                    12.0348,
                    57.71714
                ],
                [
                    12.03437,
                    57.71714
                ],
                [
                    12.03423,
                    57.71714
                ],
                [
                    12.03386,
                    57.71714
                ],
                [
                    12.03319,
                    57.71717
                ],
                [
                    12.03304,
                    57.71716
                ],
                [
                    12.03194,
                    57.71717
                ],
                [
                    12.0319,
                    57.71715
                ],
                [
                    12.032,
                    57.71715
                ],
                [
                    12.03162,
                    57.71685
                ]
            ]
        }
    ]
}