{
    "city": 2,
    "initialStart": [
        11.90104,
        57.66926
    ],
    "trips": [
        {
            "summary": {
                "distance": 914.3,
                "duration": 200.4
            },
            "user": {
                "id": 805,
                "token": "eyJhbGciOiJIUzI1NiIsInR5cCI6IkpXVCJ9.eyJpZCI6ODA1LCJyb2xlIjoidXNlciIsImlhdCI6MTcwNDIwNjc4NywiZXhwIjoxNzM1NzQyNzg3fQ.njvL94ds4tmWWjVC0BVysRJsyzkrpD4oQB_XSSwyaH8"
            },
            "coords": [
                [
                    11.90104,
                    57.66926
                ],
                [
                    11.90091,
                    57.66927
                ],
                [
                    11.90096,
                    57.66948
                ],
                [
                    11.90109,
                    57.66957
                ],
                [
                    11.90066,
                    57.66979
                ],
                [
                    11.90064,
                    57.6698
                ],
                [
                    11.90033,
                    57.66994
                ],
                [
                    11.9001,
                    57.67004
                ],
                [
                    11.89989,
                    57.67008
                ],
                [
                    11.89977,
                    57.67009
                ],
                [
                    11.89912,
                    57.67016
                ],
                [
                    11.8991,
                    57.67017
                ],
                [
                    11.8987,
                    57.67021
                ],
                [
                    11.8986,
                    57.67022
                ],
                [
                    11.89828,
                    57.67025
                ],
                [
                    11.89788,
                    57.67029
                ],
                [
                    11.89774,
                    57.6703
                ],
                [
                    11.89738,
                    57.67034
                ],
                [
                    11.89741,
                    57.67004
                ],
                [
                    11.8973,
                    57.67004
                ],
                [
                    11.8973,
                    57.67
                ],
                [
                    11.89732,
                    57.66975
                ],
                [
                    11.89733,
                    57.66967
                ],
                [
                    11.8966,
                    57.66964
                ],
                [
                    11.89643,
                    57.66958
                ],
                [
                    11.89596,
                    57.66937
                ],
                [
                    11.8957,
                    57.66923
                ],
                [
                    11.89548,
                    57.66908
                ],
                [
                    11.89516,
                    57.66879
                ],
                [
                    11.8949,
                    57.66846
                ],
                [
                    11.89467,
                    57.66824
                ],
                [
                    11.89437,
                    57.66801
                ],
                [
                    11.89539,
                    57.66762
                ],
                [
                    11.89557,
                    57.66759
                ],
                [
                    11.89576,
                    57.6676
                ],
                [
                    11.89591,
                    57.66765
                ],
                [
                    11.89603,
                    57.66779
                ],
                [
                    11.89606,
                    57.66812
                ],
                [
                    11.89625,
                    57.66853
                ],
                [
                    11.89624,
                    57.66859
                ],
                [
                    11.89593,
                    57.66865
                ],
                [
                    11.89612,
                    57.66883
                ],
                [
                    11.89622,
                    57.66898
                ]
            ]
        }
    ]
}