{
    "city": 2,
    "initialStart": [
        11.86647,
        57.66236
    ],
    "trips": [
        {
            "summary": {
                "distance": 794.2,
                "duration": 156.4
            },
            "user": {
                "id": 806,
                "token": "eyJhbGciOiJIUzI1NiIsInR5cCI6IkpXVCJ9.eyJpZCI6ODA2LCJyb2xlIjoidXNlciIsImlhdCI6MTcwNDIwNjc4NywiZXhwIjoxNzM1NzQyNzg3fQ._escR-1j0c5_RplBiS36AjRW4BoFSJ6_MHUBeM0vsg0"
            },
            "coords": [
                [
                    11.86647,
                    57.66236
                ],
                [
                    11.86657,
                    57.66243
                ],
                [
                    11.86697,
                    57.6629
                ],
                [
                    11.86705,
                    57.66305
                ],
                [
                    11.86703,
                    57.66305
                ],
                [
                    11.86601,
                    57.66315
                ],
                [
                    11.8659,
                    57.66298
                ],
                [
                    11.86573,
                    57.66283
                ],
                [
                    11.86574,
                    57.66277
                ],
                [
                    11.86564,
                    57.6627
                ],
                [
                    11.86512,
                    57.66241
                ],
                [
                    11.86454,
                    57.6621
                ],
                [
                    11.86449,
                    57.66207
                ],
                [
                    11.86441,
                    57.66203
                ],
                [
                    11.86414,
                    57.66188
                ],
                [
                    11.86409,
                    57.66183
                ],
                [
                    11.86411,
                    57.66177
                ],
                [
                    11.86441,
                    57.66171
                ],
                [
                    11.86446,
                    57.6617
                ],
                [
                    11.86528,
                    57.6616
                ],
                [
                    11.86547,
                    57.66158
                ],
                [
                    11.86574,
                    57.66154
                ],
                [
                    11.86697,
                    57.66121
                ],
                [
                    11.86772,
                    57.66092
                ],
                [
                    11.86715,
                    57.66055
                ],
                [
                    11.8669,
                    57.66039
                ],
                [
                    11.86659,
                    57.66023
                ],
                [
                    11.86646,
                    57.66019
                ],
                [
                    11.86605,
                    57.66009
                ],
                [
                    11.86555,
                    57.65996
                ],
                [
                    11.86519,
                    57.65977
                ],
                [
                    11.86506,
                    57.65983
                ]
            ]
        }
    ]
}