{
    "city": 2,
    "initialStart": [
        11.9932,
        57.71516
    ],
    "trips": [
        {
            "summary": {
                "distance": 844.7,
                "duration": 145.3
            },
            "user": {
                "id": 807,
                "token": "eyJhbGciOiJIUzI1NiIsInR5cCI6IkpXVCJ9.eyJpZCI6ODA3LCJyb2xlIjoidXNlciIsImlhdCI6MTcwNDIwNjc4OCwiZXhwIjoxNzM1NzQyNzg4fQ.jmIGrTqKN7hZU_mFxnBhBcdQqKqhzrXmhn6RZ9eEkr4"
            },
            "coords": [
                [
                    11.9932,
                    57.71516
                ],
                [
                    11.9932,
                    57.71499
                ],
                [
                    11.99316,
                    57.71493
                ],
                [
                    11.99243,
                    57.71448
                ],
                [
                    11.99143,
                    57.71386
                ],
                [
                    11.9914,
                    57.71381
                ],
                [
                    11.99137,
                    57.71378
                ],
                [
                    11.99108,
                    57.71359
                ],
                [
                    11.99102,
                    57.71346
                ],
                [
                    11.9909,
                    57.7134
                ],
                [
                    11.99073,
                    57.71326
                ],
                [
                    11.9907,
                    57.71323
                ],
                [
                    11.99071,
                    57.71317
                ],
                [
                    11.99075,
                    57.71315
                ],
                [
                    11.99096,
                    57.71307
                ],
                [
                    11.99106,
                    57.71303
                ],
                [
                    11.99114,
                    57.713
                ],
                [
                    11.99116,
                    57.71299
                ],
                [
                    11.9913,
                    57.71294
                ],
                [
                    11.99134,
                    57.71292
                ],
                [
                    11.99139,
                    57.71295
                ],
                [
                    11.99193,
                    57.71337
                ],
                [
                    11.99209,
                    57.71345
                ],
                [
                    11.99232,
                    57.71349
                ],
                [
                    11.99275,
                    57.71351
                ],
                [
                    11.99338,
                    57.71361
                ],
                [
                    11.9934,
                    57.71365
                ],
                [
                    11.99342,
                    57.71368
                ],
                [
                    11.99365,
                    57.71383
                ],
                [
                    11.99383,
                    57.71386
                ],
                [
                    11.9941,
                    57.71386
                ],
                [
                    11.9949,
                    57.71393
                ],
                [
                    11.99505,
                    57.71393
                ],
                [
                    11.99521,
                    57.71382
                ],
                [
                    11.9953,
                    57.7138
                ],
                [
                    11.99552,
                    57.71383
                ],
                [
                    11.99568,
                    57.71384
                ],
                [
                    11.99584,
                    57.71388
                ],
                [
                    11.99592,
                    57.71391
                ],
                [
                    11.99611,
                    57.71405
                ],
                [
                    11.99606,
                    57.71409
                ],
                [
                    11.996,
                    57.71417
                ],
                [
                    11.99598,
                    57.71427
                ],
                [
                    11.99599,
                    57.71434
                ],
                [
                    11.99616,
                    57.71433
                ],
                [
                    11.99639,
                    57.71434
                ],
                [
                    11.99666,
                    57.71438
                ],
                [
                    11.99681,
                    57.71443
                ],
                [
                    11.99683,
                    57.71452
                ],
                [
                    11.99661,
                    57.71499
                ],
                [
                    11.99662,
                    57.71501
                ],
                [
                    11.99682,
                    57.71515
                ],
                [
                    11.9969,
                    57.71519
                ]
            ]
        }
    ]
}