{
    "city": 3,
    "initialStart": [
        13.07757,
        55.60457
    ],
    "trips": [
        {
            "summary": {
                "distance": 379.9,
                "duration": 70.4
            },
            "user": {
                "id": 812,
                "token": "eyJhbGciOiJIUzI1NiIsInR5cCI6IkpXVCJ9.eyJpZCI6ODEyLCJyb2xlIjoidXNlciIsImlhdCI6MTcwNDIwODI0NiwiZXhwIjoxNzM1NzQ0MjQ2fQ.IX8puPJ6sc7OTBoBPIv3wH-DK3Pe_DweU7VYArTtPvI"
            },
            "coords": [
                [
                    13.07757,
                    55.60457
                ],
                [
                    13.07732,
                    55.60446
                ],
                [
                    13.07714,
                    55.60439
                ],
                [
                    13.07665,
                    55.60466
                ],
                [
                    13.07623,
                    55.60497
                ],
                [
                    13.07605,
                    55.60511
                ],
                [
                    13.07595,
                    55.60518
                ],
                [
                    13.07561,
                    55.60532
                ],
                [
                    13.07554,
                    55.60535
                ],
                [
                    13.0753,
                    55.60548
                ],
                [
                    13.07516,
                    55.6056
                ],
                [
                    13.07497,
                    55.60582
                ],
                [
                    13.07516,
                    55.60588
                ],
                [
                    13.07485,
                    55.60616
                ],
                [
                    13.07448,
                    55.60653
                ],
                [
                    13.07498,
                    55.6067
                ]
            ]
        }
    ]
}