{
    "city": 3,
    "initialStart": [
        13.01398,
        55.59615
    ],
    "trips": [
        {
            "summary": {
                "distance": 312.3,
                "duration": 52.5
            },
            "user": {
                "id": 823,
                "token": "eyJhbGciOiJIUzI1NiIsInR5cCI6IkpXVCJ9.eyJpZCI6ODIzLCJyb2xlIjoidXNlciIsImlhdCI6MTcwNDIwODI1NiwiZXhwIjoxNzM1NzQ0MjU2fQ.3b25_Y8Elry_oUoNZJreRoN0mBEJwdZnMhw3UyHJ-F0"
            },
            "coords": [
                [
                    13.01398,
                    55.59615
                ],
                [
                    13.01359,
                    55.59593
                ],
                [
                    13.01357,
                    55.59592
                ],
                [
                    13.0135,
                    55.59575
                ],
                [
                    13.01345,
                    55.59572
                ],
                [
                    13.01331,
                    55.59562
                ],
                [
                    13.01327,
                    55.5956
                ],
                [
                    13.01316,
                    55.59552
                ],
                [
                    13.01308,
                    55.59544
                ],
                [
                    13.01311,
                    55.59531
                ],
                [
                    13.01302,
                    55.59522
                ],
                [
                    13.01299,
                    55.59513
                ],
                [
                    13.01278,
                    55.59461
                ],
                [
                    13.01257,
                    55.59412
                ],
                [
                    13.01249,
                    55.59392
                ],
                [
                    13.01233,
                    55.59394
                ],
                [
                    13.01188,
                    55.59401
                ]
            ]
        }
    ]
}