{
    "city": 1,
    "initialStart": [
        18.07089,
        59.30499
    ],
    "trips": [
        {
            "summary": {
                "distance": 433,
                "duration": 126.2
            },
            "user": {
                "id": 83,
                "token": "eyJhbGciOiJIUzI1NiIsInR5cCI6IkpXVCJ9.eyJpZCI6ODMsInJvbGUiOiJ1c2VyIiwiaWF0IjoxNzAyODkwMzQ4LCJleHAiOjE3MzQ0MjYzNDh9.vYlRZ4ehlva4yYW5tCCZs9wLgHc04vOAQka6mw9Sm0M"
            },
            "coords": [
                [
                    18.07089,
                    59.30499
                ],
                [
                    18.07081,
                    59.30484
                ],
                [
                    18.07081,
                    59.3047
                ],
                [
                    18.07071,
                    59.30441
                ],
                [
                    18.07061,
                    59.30419
                ],
                [
                    18.06815,
                    59.30467
                ],
                [
                    18.06791,
                    59.30472
                ],
                [
                    18.06779,
                    59.30482
                ],
                [
                    18.06791,
                    59.30492
                ],
                [
                    18.06802,
                    59.30507
                ],
                [
                    18.06814,
                    59.30536
                ],
                [
                    18.06804,
                    59.3054
                ],
                [
                    18.06657,
                    59.30552
                ],
                [
                    18.06641,
                    59.30551
                ]
            ]
        }
    ]
}