{
    "city": 3,
    "initialStart": [
        13.04772,
        55.60568
    ],
    "trips": [
        {
            "summary": {
                "distance": 550.9,
                "duration": 103.4
            },
            "user": {
                "id": 835,
                "token": "eyJhbGciOiJIUzI1NiIsInR5cCI6IkpXVCJ9.eyJpZCI6ODM1LCJyb2xlIjoidXNlciIsImlhdCI6MTcwNDIwODI1OCwiZXhwIjoxNzM1NzQ0MjU4fQ.DPwq3RQOIB-61kfyuAHXmOoOOAi_ep7LfBMylWIyRSE"
            },
            "coords": [
                [
                    13.04772,
                    55.60568
                ],
                [
                    13.04802,
                    55.60579
                ],
                [
                    13.04845,
                    55.60624
                ],
                [
                    13.04906,
                    55.6059
                ],
                [
                    13.04939,
                    55.60581
                ],
                [
                    13.04971,
                    55.60577
                ],
                [
                    13.05067,
                    55.60569
                ],
                [
                    13.05066,
                    55.60562
                ],
                [
                    13.05134,
                    55.60557
                ],
                [
                    13.05133,
                    55.60556
                ],
                [
                    13.05133,
                    55.60553
                ],
                [
                    13.05134,
                    55.60547
                ],
                [
                    13.05145,
                    55.60532
                ],
                [
                    13.05193,
                    55.60489
                ],
                [
                    13.05211,
                    55.60467
                ],
                [
                    13.05207,
                    55.60439
                ],
                [
                    13.05208,
                    55.6043
                ],
                [
                    13.05195,
                    55.6042
                ],
                [
                    13.05177,
                    55.60413
                ],
                [
                    13.05166,
                    55.60412
                ],
                [
                    13.05155,
                    55.60412
                ],
                [
                    13.05143,
                    55.60408
                ],
                [
                    13.05134,
                    55.60403
                ],
                [
                    13.05127,
                    55.60369
                ],
                [
                    13.05126,
                    55.60359
                ]
            ]
        }
    ]
}