{
    "city": 3,
    "initialStart": [
        12.97434,
        55.59121
    ],
    "trips": [
        {
            "summary": {
                "distance": 459.7,
                "duration": 82
            },
            "user": {
                "id": 845,
                "token": "eyJhbGciOiJIUzI1NiIsInR5cCI6IkpXVCJ9.eyJpZCI6ODQ1LCJyb2xlIjoidXNlciIsImlhdCI6MTcwNDIwODI2MCwiZXhwIjoxNzM1NzQ0MjYwfQ.W2DWCuQkzMAkgfLbBO7aIGiXgVe0mceW-_Oyh9CPZk0"
            },
            "coords": [
                [
                    12.97434,
                    55.59121
                ],
                [
                    12.97461,
                    55.59116
                ],
                [
                    12.97458,
                    55.59111
                ],
                [
                    12.97304,
                    55.59141
                ],
                [
                    12.97239,
                    55.59154
                ],
                [
                    12.97228,
                    55.59158
                ],
                [
                    12.97222,
                    55.59161
                ],
                [
                    12.97218,
                    55.59163
                ],
                [
                    12.97202,
                    55.59167
                ],
                [
                    12.97203,
                    55.5917
                ],
                [
                    12.97206,
                    55.59177
                ],
                [
                    12.97211,
                    55.59189
                ],
                [
                    12.97214,
                    55.59197
                ],
                [
                    12.97279,
                    55.59326
                ],
                [
                    12.97286,
                    55.59341
                ],
                [
                    12.97287,
                    55.59345
                ],
                [
                    12.97287,
                    55.59355
                ],
                [
                    12.97286,
                    55.59365
                ],
                [
                    12.97285,
                    55.59369
                ],
                [
                    12.97283,
                    55.59379
                ],
                [
                    12.97277,
                    55.59379
                ],
                [
                    12.97251,
                    55.5938
                ]
            ]
        }
    ]
}