{
    "city": 3,
    "initialStart": [
        13.06963,
        55.599
    ],
    "trips": [
        {
            "summary": {
                "distance": 431.8,
                "duration": 87
            },
            "user": {
                "id": 849,
                "token": "eyJhbGciOiJIUzI1NiIsInR5cCI6IkpXVCJ9.eyJpZCI6ODQ5LCJyb2xlIjoidXNlciIsImlhdCI6MTcwNDIwODI2MSwiZXhwIjoxNzM1NzQ0MjYxfQ.JW4_HHxa4NzEXc5caQW4MAb6LuACcM00UmP5kjpZo08"
            },
            "coords": [
                [
                    13.06963,
                    55.599
                ],
                [
                    13.0698,
                    55.59934
                ],
                [
                    13.0698,
                    55.59941
                ],
                [
                    13.07018,
                    55.59957
                ],
                [
                    13.07033,
                    55.59958
                ],
                [
                    13.07049,
                    55.59952
                ],
                [
                    13.07079,
                    55.59924
                ],
                [
                    13.07101,
                    55.59914
                ],
                [
                    13.07133,
                    55.59905
                ],
                [
                    13.07167,
                    55.59901
                ],
                [
                    13.07215,
                    55.59902
                ],
                [
                    13.07195,
                    55.59867
                ],
                [
                    13.07187,
                    55.59848
                ],
                [
                    13.07185,
                    55.59835
                ],
                [
                    13.07192,
                    55.59811
                ],
                [
                    13.07209,
                    55.59786
                ],
                [
                    13.07232,
                    55.59768
                ],
                [
                    13.07281,
                    55.598
                ]
            ]
        }
    ]
}