{
    "city": 3,
    "initialStart": [
        13.05571,
        55.61486
    ],
    "trips": [
        {
            "summary": {
                "distance": 535.9,
                "duration": 87.7
            },
            "user": {
                "id": 850,
                "token": "eyJhbGciOiJIUzI1NiIsInR5cCI6IkpXVCJ9.eyJpZCI6ODUwLCJyb2xlIjoidXNlciIsImlhdCI6MTcwNDIwODk4OCwiZXhwIjoxNzM1NzQ0OTg4fQ.nARv1QNqQQtPwJfSZU4VEpyGeyyKEoPRh5-tfhW_9bM"
            },
            "coords": [
                [
                    13.05571,
                    55.61486
                ],
                [
                    13.0552,
                    55.61464
                ],
                [
                    13.05511,
                    55.6147
                ],
                [
                    13.05383,
                    55.61415
                ],
                [
                    13.05348,
                    55.61441
                ],
                [
                    13.0532,
                    55.61475
                ],
                [
                    13.05311,
                    55.61487
                ],
                [
                    13.05305,
                    55.61486
                ],
                [
                    13.05302,
                    55.61491
                ],
                [
                    13.05265,
                    55.61554
                ],
                [
                    13.05246,
                    55.61551
                ],
                [
                    13.05208,
                    55.61611
                ],
                [
                    13.05237,
                    55.61616
                ],
                [
                    13.05311,
                    55.61636
                ],
                [
                    13.0534,
                    55.61646
                ],
                [
                    13.05382,
                    55.61662
                ]
            ]
        }
    ]
}