{
    "city": 3,
    "initialStart": [
        12.94823,
        55.57005
    ],
    "trips": [
        {
            "summary": {
                "distance": 997.5,
                "duration": 213.1
            },
            "user": {
                "id": 852,
                "token": "eyJhbGciOiJIUzI1NiIsInR5cCI6IkpXVCJ9.eyJpZCI6ODUyLCJyb2xlIjoidXNlciIsImlhdCI6MTcwNDIwODk4OCwiZXhwIjoxNzM1NzQ0OTg4fQ.v9m99928h-iVYicrgzcmt4BgqRqFVnN8sf2R-sGCQXk"
            },
            "coords": [
                [
                    12.94823,
                    55.57005
                ],
                [
                    12.94665,
                    55.57028
                ],
                [
                    12.94575,
                    55.57041
                ],
                [
                    12.94483,
                    55.57055
                ],
                [
                    12.94349,
                    55.57072
                ],
                [
                    12.94168,
                    55.57089
                ],
                [
                    12.94164,
                    55.57093
                ],
                [
                    12.94147,
                    55.57094
                ],
                [
                    12.94167,
                    55.57159
                ],
                [
                    12.9417,
                    55.57169
                ],
                [
                    12.94178,
                    55.57205
                ],
                [
                    12.94232,
                    55.57199
                ],
                [
                    12.94253,
                    55.57197
                ],
                [
                    12.94249,
                    55.57191
                ],
                [
                    12.94205,
                    55.57196
                ],
                [
                    12.94193,
                    55.57157
                ],
                [
                    12.94205,
                    55.57156
                ],
                [
                    12.94192,
                    55.5711
                ],
                [
                    12.94202,
                    55.57109
                ],
                [
                    12.942,
                    55.57103
                ],
                [
                    12.94203,
                    55.57099
                ],
                [
                    12.94261,
                    55.5709
                ],
                [
                    12.94294,
                    55.57087
                ],
                [
                    12.94384,
                    55.57078
                ],
                [
                    12.94488,
                    55.57067
                ],
                [
                    12.94501,
                    55.5711
                ]
            ]
        }
    ]
}