{
    "city": 3,
    "initialStart": [
        13.05153,
        55.58815
    ],
    "trips": [
        {
            "summary": {
                "distance": 611.9,
                "duration": 129.7
            },
            "user": {
                "id": 853,
                "token": "eyJhbGciOiJIUzI1NiIsInR5cCI6IkpXVCJ9.eyJpZCI6ODUzLCJyb2xlIjoidXNlciIsImlhdCI6MTcwNDIwODk4OCwiZXhwIjoxNzM1NzQ0OTg4fQ.2M2N_Vh4FZy_luLTya2KXQUNyZ9_NzdYADpjNztd-OA"
            },
            "coords": [
                [
                    13.05153,
                    55.58815
                ],
                [
                    13.05156,
                    55.58819
                ],
                [
                    13.05163,
                    55.58817
                ],
                [
                    13.05171,
                    55.58824
                ],
                [
                    13.05186,
                    55.58827
                ],
                [
                    13.05198,
                    55.58832
                ],
                [
                    13.05222,
                    55.58839
                ],
                [
                    13.0525,
                    55.58843
                ],
                [
                    13.05299,
                    55.58848
                ],
                [
                    13.05294,
                    55.58859
                ],
                [
                    13.05139,
                    55.58842
                ],
                [
                    13.05099,
                    55.58832
                ],
                [
                    13.05033,
                    55.58808
                ],
                [
                    13.05002,
                    55.5883
                ],
                [
                    13.04993,
                    55.58835
                ],
                [
                    13.04961,
                    55.58846
                ],
                [
                    13.04896,
                    55.58867
                ],
                [
                    13.04827,
                    55.58889
                ],
                [
                    13.04764,
                    55.58829
                ],
                [
                    13.04803,
                    55.58816
                ],
                [
                    13.04761,
                    55.58774
                ]
            ]
        }
    ]
}