{
    "city": 3,
    "initialStart": [
        12.94578,
        55.57354
    ],
    "trips": [
        {
            "summary": {
                "distance": 833.6,
                "duration": 147.6
            },
            "user": {
                "id": 854,
                "token": "eyJhbGciOiJIUzI1NiIsInR5cCI6IkpXVCJ9.eyJpZCI6ODU0LCJyb2xlIjoidXNlciIsImlhdCI6MTcwNDIwODk4OSwiZXhwIjoxNzM1NzQ0OTg5fQ.QkanfGQa6hDgdJlyjNGSvfV0oZGcIdPVzaEhiCLfuD8"
            },
            "coords": [
                [
                    12.94578,
                    55.57354
                ],
                [
                    12.94573,
                    55.57338
                ],
                [
                    12.94567,
                    55.57321
                ],
                [
                    12.94554,
                    55.57278
                ],
                [
                    12.94625,
                    55.57271
                ],
                [
                    12.94711,
                    55.57261
                ],
                [
                    12.94839,
                    55.57246
                ],
                [
                    12.94859,
                    55.57305
                ],
                [
                    12.94882,
                    55.57377
                ],
                [
                    12.94889,
                    55.57397
                ],
                [
                    12.9489,
                    55.5741
                ],
                [
                    12.94884,
                    55.57418
                ],
                [
                    12.94874,
                    55.57425
                ],
                [
                    12.94862,
                    55.57429
                ],
                [
                    12.94789,
                    55.57438
                ],
                [
                    12.94701,
                    55.5745
                ],
                [
                    12.94714,
                    55.57495
                ],
                [
                    12.94749,
                    55.57491
                ],
                [
                    12.94914,
                    55.57473
                ],
                [
                    12.95022,
                    55.57461
                ]
            ]
        }
    ]
}