{
    "city": 3,
    "initialStart": [
        12.96118,
        55.60045
    ],
    "trips": [
        {
            "summary": {
                "distance": 956.2,
                "duration": 200.9
            },
            "user": {
                "id": 866,
                "token": "eyJhbGciOiJIUzI1NiIsInR5cCI6IkpXVCJ9.eyJpZCI6ODY2LCJyb2xlIjoidXNlciIsImlhdCI6MTcwNDIwODk5MSwiZXhwIjoxNzM1NzQ0OTkxfQ.IByeDrDXpGawpd9RPLx9vXrf8Kq8VzvqKhQlaHOz4tk"
            },
            "coords": [
                [
                    12.96118,
                    55.60045
                ],
                [
                    12.96785,
                    55.60238
                ],
                [
                    12.96782,
                    55.60242
                ],
                [
                    12.96792,
                    55.60245
                ],
                [
                    12.96826,
                    55.60254
                ],
                [
                    12.9683,
                    55.6025
                ],
                [
                    12.96832,
                    55.60247
                ],
                [
                    12.96844,
                    55.60235
                ],
                [
                    12.96879,
                    55.60192
                ],
                [
                    12.96888,
                    55.6018
                ],
                [
                    12.96884,
                    55.60165
                ],
                [
                    12.96869,
                    55.6016
                ],
                [
                    12.9686,
                    55.60157
                ],
                [
                    12.9685,
                    55.60143
                ],
                [
                    12.96841,
                    55.60139
                ],
                [
                    12.96846,
                    55.60134
                ],
                [
                    12.96854,
                    55.60126
                ],
                [
                    12.96664,
                    55.60087
                ],
                [
                    12.96455,
                    55.60032
                ],
                [
                    12.96465,
                    55.60022
                ]
            ]
        }
    ]
}