{
    "city": 3,
    "initialStart": [
        13.02001,
        55.58819
    ],
    "trips": [
        {
            "summary": {
                "distance": 361.2,
                "duration": 59.1
            },
            "user": {
                "id": 867,
                "token": "eyJhbGciOiJIUzI1NiIsInR5cCI6IkpXVCJ9.eyJpZCI6ODY3LCJyb2xlIjoidXNlciIsImlhdCI6MTcwNDIwODk5MSwiZXhwIjoxNzM1NzQ0OTkxfQ.Nida0Ee98y6ot6TQdE4tsR9oGKPRYJWGKcK6thZucvE"
            },
            "coords": [
                [
                    13.02001,
                    55.58819
                ],
                [
                    13.01985,
                    55.5882
                ],
                [
                    13.01985,
                    55.58822
                ],
                [
                    13.0198,
                    55.58827
                ],
                [
                    13.01992,
                    55.58862
                ],
                [
                    13.01996,
                    55.58865
                ],
                [
                    13.02001,
                    55.5887
                ],
                [
                    13.02002,
                    55.58877
                ],
                [
                    13.01987,
                    55.58879
                ],
                [
                    13.01974,
                    55.58883
                ],
                [
                    13.0195,
                    55.58889
                ],
                [
                    13.01842,
                    55.58916
                ],
                [
                    13.01843,
                    55.58921
                ],
                [
                    13.01845,
                    55.58938
                ],
                [
                    13.01849,
                    55.58943
                ],
                [
                    13.01884,
                    55.58955
                ],
                [
                    13.01786,
                    55.58995
                ],
                [
                    13.01742,
                    55.59012
                ],
                [
                    13.01734,
                    55.59006
                ]
            ]
        }
    ]
}