{
    "city": 3,
    "initialStart": [
        12.98923,
        55.59801
    ],
    "trips": [
        {
            "summary": {
                "distance": 503.1,
                "duration": 101.6
            },
            "user": {
                "id": 872,
                "token": "eyJhbGciOiJIUzI1NiIsInR5cCI6IkpXVCJ9.eyJpZCI6ODcyLCJyb2xlIjoidXNlciIsImlhdCI6MTcwNDIwODk5MiwiZXhwIjoxNzM1NzQ0OTkyfQ.z1mJwgmJC6aNSUwTMPp38E022tVBbTU6XBBKJD3FTII"
            },
            "coords": [
                [
                    12.98923,
                    55.59801
                ],
                [
                    12.98917,
                    55.5981
                ],
                [
                    12.98913,
                    55.59819
                ],
                [
                    12.98904,
                    55.59814
                ],
                [
                    12.98956,
                    55.59724
                ],
                [
                    12.98962,
                    55.59713
                ],
                [
                    12.98982,
                    55.59718
                ],
                [
                    12.99093,
                    55.59741
                ],
                [
                    12.99107,
                    55.59744
                ],
                [
                    12.99127,
                    55.59748
                ],
                [
                    12.99219,
                    55.59767
                ],
                [
                    12.99234,
                    55.59767
                ],
                [
                    12.99242,
                    55.59757
                ],
                [
                    12.99275,
                    55.59716
                ],
                [
                    12.99325,
                    55.59662
                ],
                [
                    12.99388,
                    55.5968
                ]
            ]
        }
    ]
}