{
    "city": 3,
    "initialStart": [
        13.00618,
        55.5638
    ],
    "trips": [
        {
            "summary": {
                "distance": 858,
                "duration": 153.4
            },
            "user": {
                "id": 876,
                "token": "eyJhbGciOiJIUzI1NiIsInR5cCI6IkpXVCJ9.eyJpZCI6ODc2LCJyb2xlIjoidXNlciIsImlhdCI6MTcwNDIwODk5MywiZXhwIjoxNzM1NzQ0OTkzfQ.z7CfXJJIjG-yTBORE-M1nl2gfwrFSQcxiIITw9uGCSI"
            },
            "coords": [
                [
                    13.00618,
                    55.5638
                ],
                [
                    13.00659,
                    55.56378
                ],
                [
                    13.00657,
                    55.56362
                ],
                [
                    13.00655,
                    55.56349
                ],
                [
                    13.00654,
                    55.56342
                ],
                [
                    13.00675,
                    55.56341
                ],
                [
                    13.00693,
                    55.5634
                ],
                [
                    13.00733,
                    55.56338
                ],
                [
                    13.00785,
                    55.56336
                ],
                [
                    13.00801,
                    55.56335
                ],
                [
                    13.00806,
                    55.56335
                ],
                [
                    13.00888,
                    55.56324
                ],
                [
                    13.00907,
                    55.56321
                ],
                [
                    13.00925,
                    55.56318
                ],
                [
                    13.00949,
                    55.56313
                ],
                [
                    13.00974,
                    55.56312
                ],
                [
                    13.00999,
                    55.56311
                ],
                [
                    13.01028,
                    55.56309
                ],
                [
                    13.01099,
                    55.56306
                ],
                [
                    13.01194,
                    55.56302
                ],
                [
                    13.01289,
                    55.56297
                ],
                [
                    13.01316,
                    55.56299
                ],
                [
                    13.01343,
                    55.56298
                ],
                [
                    13.01345,
                    55.56308
                ],
                [
                    13.01347,
                    55.5635
                ],
                [
                    13.01348,
                    55.56367
                ],
                [
                    13.01349,
                    55.56412
                ],
                [
                    13.01351,
                    55.56442
                ],
                [
                    13.01316,
                    55.5644
                ],
                [
                    13.01259,
                    55.56447
                ],
                [
                    13.01158,
                    55.56464
                ],
                [
                    13.01147,
                    55.56462
                ],
                [
                    13.01101,
                    55.56448
                ],
                [
                    13.01076,
                    55.56445
                ],
                [
                    13.01057,
                    55.56444
                ]
            ]
        }
    ]
}