{
    "city": 3,
    "initialStart": [
        12.99372,
        55.58636
    ],
    "trips": [
        {
            "summary": {
                "distance": 500,
                "duration": 106.6
            },
            "user": {
                "id": 877,
                "token": "eyJhbGciOiJIUzI1NiIsInR5cCI6IkpXVCJ9.eyJpZCI6ODc3LCJyb2xlIjoidXNlciIsImlhdCI6MTcwNDIwODk5MywiZXhwIjoxNzM1NzQ0OTkzfQ.AiA06BIRcK5WEoROOw9frOrBGdKBW9G7GD-aWin0TVE"
            },
            "coords": [
                [
                    12.99372,
                    55.58636
                ],
                [
                    12.99379,
                    55.58648
                ],
                [
                    12.99439,
                    55.58637
                ],
                [
                    12.99489,
                    55.58628
                ],
                [
                    12.99443,
                    55.58551
                ],
                [
                    12.9942,
                    55.58514
                ],
                [
                    12.99413,
                    55.58503
                ],
                [
                    12.99406,
                    55.58491
                ],
                [
                    12.99395,
                    55.58482
                ],
                [
                    12.99369,
                    55.58487
                ],
                [
                    12.99249,
                    55.58511
                ],
                [
                    12.99234,
                    55.58482
                ],
                [
                    12.99235,
                    55.58457
                ],
                [
                    12.9924,
                    55.58445
                ],
                [
                    12.99266,
                    55.58411
                ],
                [
                    12.99274,
                    55.58401
                ],
                [
                    12.99258,
                    55.58403
                ],
                [
                    12.99252,
                    55.58405
                ]
            ]
        }
    ]
}