{
    "city": 3,
    "initialStart": [
        12.95651,
        55.58532
    ],
    "trips": [
        {
            "summary": {
                "distance": 643.5,
                "duration": 105.3
            },
            "user": {
                "id": 882,
                "token": "eyJhbGciOiJIUzI1NiIsInR5cCI6IkpXVCJ9.eyJpZCI6ODgyLCJyb2xlIjoidXNlciIsImlhdCI6MTcwNDIwODk5NCwiZXhwIjoxNzM1NzQ0OTk0fQ.UI5CBr44EDJVoVzoP0Nic28zH4zHAAuysShdMO6cIEg"
            },
            "coords": [
                [
                    12.95651,
                    55.58532
                ],
                [
                    12.95665,
                    55.58544
                ],
                [
                    12.9574,
                    55.5861
                ],
                [
                    12.9561,
                    55.58652
                ],
                [
                    12.95619,
                    55.58664
                ],
                [
                    12.9563,
                    55.58687
                ],
                [
                    12.9564,
                    55.58738
                ],
                [
                    12.95647,
                    55.58782
                ],
                [
                    12.95647,
                    55.58793
                ],
                [
                    12.95643,
                    55.58805
                ],
                [
                    12.95639,
                    55.58809
                ],
                [
                    12.95634,
                    55.58816
                ],
                [
                    12.95611,
                    55.58809
                ],
                [
                    12.95527,
                    55.58781
                ],
                [
                    12.95365,
                    55.58724
                ],
                [
                    12.95329,
                    55.58711
                ],
                [
                    12.95306,
                    55.58701
                ],
                [
                    12.95284,
                    55.58691
                ]
            ]
        }
    ]
}