{
    "city": 3,
    "initialStart": [
        12.99058,
        55.55941
    ],
    "trips": [
        {
            "summary": {
                "distance": 678.3,
                "duration": 143.2
            },
            "user": {
                "id": 885,
                "token": "eyJhbGciOiJIUzI1NiIsInR5cCI6IkpXVCJ9.eyJpZCI6ODg1LCJyb2xlIjoidXNlciIsImlhdCI6MTcwNDIwODk5NSwiZXhwIjoxNzM1NzQ0OTk1fQ.g3cH3N8bEfN663vIRqYdGk9J4-TXtYfPfilMFjnCt7E"
            },
            "coords": [
                [
                    12.99058,
                    55.55941
                ],
                [
                    12.99057,
                    55.55915
                ],
                [
                    12.99042,
                    55.55916
                ],
                [
                    12.9904,
                    55.55909
                ],
                [
                    12.99026,
                    55.55909
                ],
                [
                    12.99022,
                    55.55859
                ],
                [
                    12.9896,
                    55.55853
                ],
                [
                    12.98879,
                    55.55848
                ],
                [
                    12.98891,
                    55.55817
                ],
                [
                    12.9889,
                    55.55807
                ],
                [
                    12.98886,
                    55.55743
                ],
                [
                    12.98886,
                    55.55736
                ],
                [
                    12.98875,
                    55.55729
                ],
                [
                    12.98873,
                    55.55699
                ],
                [
                    12.98872,
                    55.55676
                ],
                [
                    12.98869,
                    55.5567
                ],
                [
                    12.98859,
                    55.55666
                ],
                [
                    12.98862,
                    55.55664
                ],
                [
                    12.98882,
                    55.5566
                ],
                [
                    12.98927,
                    55.55644
                ],
                [
                    12.98938,
                    55.55642
                ],
                [
                    12.99042,
                    55.5563
                ],
                [
                    12.99097,
                    55.55624
                ],
                [
                    12.99114,
                    55.55633
                ],
                [
                    12.99102,
                    55.55641
                ],
                [
                    12.99113,
                    55.55648
                ],
                [
                    12.99119,
                    55.55657
                ],
                [
                    12.99119,
                    55.55667
                ],
                [
                    12.99121,
                    55.55711
                ]
            ]
        }
    ]
}