{
    "city": 3,
    "initialStart": [
        12.98489,
        55.56958
    ],
    "trips": [
        {
            "summary": {
                "distance": 755.4,
                "duration": 158.1
            },
            "user": {
                "id": 888,
                "token": "eyJhbGciOiJIUzI1NiIsInR5cCI6IkpXVCJ9.eyJpZCI6ODg4LCJyb2xlIjoidXNlciIsImlhdCI6MTcwNDIwODk5NSwiZXhwIjoxNzM1NzQ0OTk1fQ.e_S6NeBFw3K7J0h872jZZL6F-prLJ61oXrs1-Iacy00"
            },
            "coords": [
                [
                    12.98489,
                    55.56958
                ],
                [
                    12.98491,
                    55.56956
                ],
                [
                    12.9849,
                    55.56944
                ],
                [
                    12.98487,
                    55.56938
                ],
                [
                    12.98416,
                    55.56938
                ],
                [
                    12.98397,
                    55.56943
                ],
                [
                    12.98372,
                    55.56948
                ],
                [
                    12.98329,
                    55.56957
                ],
                [
                    12.98333,
                    55.56934
                ],
                [
                    12.98335,
                    55.56927
                ],
                [
                    12.98294,
                    55.56925
                ],
                [
                    12.98199,
                    55.56919
                ],
                [
                    12.98161,
                    55.56922
                ],
                [
                    12.98133,
                    55.56927
                ],
                [
                    12.98101,
                    55.56933
                ],
                [
                    12.98091,
                    55.56935
                ],
                [
                    12.98083,
                    55.56937
                ],
                [
                    12.98037,
                    55.56871
                ],
                [
                    12.98032,
                    55.56843
                ],
                [
                    12.98027,
                    55.56788
                ],
                [
                    12.9802,
                    55.56723
                ],
                [
                    12.98019,
                    55.5671
                ],
                [
                    12.98078,
                    55.5672
                ],
                [
                    12.98079,
                    55.5674
                ],
                [
                    12.98261,
                    55.56737
                ]
            ]
        }
    ]
}