{
    "city": 3,
    "initialStart": [
        12.99229,
        55.58277
    ],
    "trips": [
        {
            "summary": {
                "distance": 702.1,
                "duration": 137.5
            },
            "user": {
                "id": 904,
                "token": "eyJhbGciOiJIUzI1NiIsInR5cCI6IkpXVCJ9.eyJpZCI6OTA0LCJyb2xlIjoidXNlciIsImlhdCI6MTcwNDIwOTA1OSwiZXhwIjoxNzM1NzQ1MDU5fQ.S9WRGU0Q1_lFzY2d9-y4pPDS5fFWFeYsgRABUSSoocY"
            },
            "coords": [
                [
                    12.99229,
                    55.58277
                ],
                [
                    12.99293,
                    55.58248
                ],
                [
                    12.99194,
                    55.58078
                ],
                [
                    12.99212,
                    55.58075
                ],
                [
                    12.99257,
                    55.58069
                ],
                [
                    12.99274,
                    55.58138
                ],
                [
                    12.99285,
                    55.58156
                ],
                [
                    12.99295,
                    55.58162
                ],
                [
                    12.99342,
                    55.58161
                ],
                [
                    12.99349,
                    55.58161
                ],
                [
                    12.99384,
                    55.5822
                ],
                [
                    12.99411,
                    55.58266
                ],
                [
                    12.99413,
                    55.58269
                ],
                [
                    12.99425,
                    55.58291
                ],
                [
                    12.99466,
                    55.58283
                ],
                [
                    12.99502,
                    55.58276
                ],
                [
                    12.9951,
                    55.58275
                ],
                [
                    12.99563,
                    55.58266
                ],
                [
                    12.99574,
                    55.58283
                ],
                [
                    12.99582,
                    55.58282
                ]
            ]
        }
    ]
}