{
    "city": 3,
    "initialStart": [
        12.96737,
        55.57625
    ],
    "trips": [
        {
            "summary": {
                "distance": 299.8,
                "duration": 69.1
            },
            "user": {
                "id": 908,
                "token": "eyJhbGciOiJIUzI1NiIsInR5cCI6IkpXVCJ9.eyJpZCI6OTA4LCJyb2xlIjoidXNlciIsImlhdCI6MTcwNDIwOTA1OSwiZXhwIjoxNzM1NzQ1MDU5fQ.x7Y0ZpcIOudd8KKl92JA426TX7qQBf7aUZTCIYZmL9g"
            },
            "coords": [
                [
                    12.96737,
                    55.57625
                ],
                [
                    12.96769,
                    55.57676
                ],
                [
                    12.96773,
                    55.57683
                ],
                [
                    12.96771,
                    55.57688
                ],
                [
                    12.96762,
                    55.57696
                ],
                [
                    12.96746,
                    55.57703
                ],
                [
                    12.96718,
                    55.57713
                ],
                [
                    12.9671,
                    55.5772
                ],
                [
                    12.96704,
                    55.57728
                ],
                [
                    12.96725,
                    55.57761
                ],
                [
                    12.96728,
                    55.57765
                ],
                [
                    12.96731,
                    55.5777
                ],
                [
                    12.96755,
                    55.57807
                ],
                [
                    12.9686,
                    55.57786
                ]
            ]
        }
    ]
}