{
    "city": 3,
    "initialStart": [
        13.06584,
        55.5995
    ],
    "trips": [
        {
            "summary": {
                "distance": 487.2,
                "duration": 99
            },
            "user": {
                "id": 912,
                "token": "eyJhbGciOiJIUzI1NiIsInR5cCI6IkpXVCJ9.eyJpZCI6OTEyLCJyb2xlIjoidXNlciIsImlhdCI6MTcwNDIwOTA2MCwiZXhwIjoxNzM1NzQ1MDYwfQ.T82N0cK7y1EBiDlxQ4667u3H6Lrwb0Xod2hsWVaPPw8"
            },
            "coords": [
                [
                    13.06584,
                    55.5995
                ],
                [
                    13.06576,
                    55.59944
                ],
                [
                    13.06571,
                    55.5994
                ],
                [
                    13.0657,
                    55.59909
                ],
                [
                    13.06563,
                    55.59893
                ],
                [
                    13.06549,
                    55.59878
                ],
                [
                    13.06534,
                    55.59869
                ],
                [
                    13.06514,
                    55.59861
                ],
                [
                    13.06493,
                    55.59856
                ],
                [
                    13.06447,
                    55.59851
                ],
                [
                    13.06449,
                    55.5983
                ],
                [
                    13.06464,
                    55.59778
                ],
                [
                    13.06477,
                    55.5974
                ],
                [
                    13.06468,
                    55.59729
                ],
                [
                    13.06466,
                    55.59719
                ],
                [
                    13.06495,
                    55.59695
                ],
                [
                    13.0651,
                    55.59688
                ],
                [
                    13.06572,
                    55.5968
                ],
                [
                    13.06596,
                    55.59679
                ],
                [
                    13.06698,
                    55.59674
                ],
                [
                    13.06721,
                    55.59677
                ]
            ]
        }
    ]
}