{
    "city": 3,
    "initialStart": [
        13.06721,
        55.60574
    ],
    "trips": [
        {
            "summary": {
                "distance": 422.3,
                "duration": 69.1
            },
            "user": {
                "id": 918,
                "token": "eyJhbGciOiJIUzI1NiIsInR5cCI6IkpXVCJ9.eyJpZCI6OTE4LCJyb2xlIjoidXNlciIsImlhdCI6MTcwNDIwOTA2MSwiZXhwIjoxNzM1NzQ1MDYxfQ.4q0i9fdNlzj6oqR1JmSfU9LFNal7Ev34tBuAdEVKmE8"
            },
            "coords": [
                [
                    13.06721,
                    55.60574
                ],
                [
                    13.06708,
                    55.60604
                ],
                [
                    13.06696,
                    55.60621
                ],
                [
                    13.06643,
                    55.60607
                ],
                [
                    13.06604,
                    55.60564
                ],
                [
                    13.06568,
                    55.60551
                ],
                [
                    13.06541,
                    55.60541
                ],
                [
                    13.06532,
                    55.60539
                ],
                [
                    13.06523,
                    55.6054
                ],
                [
                    13.06522,
                    55.60531
                ],
                [
                    13.06541,
                    55.60511
                ],
                [
                    13.06546,
                    55.60488
                ],
                [
                    13.06438,
                    55.60478
                ],
                [
                    13.06422,
                    55.60498
                ],
                [
                    13.06368,
                    55.60548
                ]
            ]
        }
    ]
}