{
    "city": 3,
    "initialStart": [
        13.06986,
        55.60713
    ],
    "trips": [
        {
            "summary": {
                "distance": 629.6,
                "duration": 119.6
            },
            "user": {
                "id": 919,
                "token": "eyJhbGciOiJIUzI1NiIsInR5cCI6IkpXVCJ9.eyJpZCI6OTE5LCJyb2xlIjoidXNlciIsImlhdCI6MTcwNDIwOTA2MSwiZXhwIjoxNzM1NzQ1MDYxfQ.4I6IbCRqSMc2dE-p1t5l8RFeaKyQe4zIMaUGyeEKaA8"
            },
            "coords": [
                [
                    13.06986,
                    55.60713
                ],
                [
                    13.07012,
                    55.60658
                ],
                [
                    13.07033,
                    55.60621
                ],
                [
                    13.07039,
                    55.60617
                ],
                [
                    13.07208,
                    55.60675
                ],
                [
                    13.07218,
                    55.60682
                ],
                [
                    13.07246,
                    55.60724
                ],
                [
                    13.07267,
                    55.60736
                ],
                [
                    13.07296,
                    55.6073
                ],
                [
                    13.0735,
                    55.60696
                ],
                [
                    13.07293,
                    55.60676
                ],
                [
                    13.07251,
                    55.60661
                ],
                [
                    13.07237,
                    55.60656
                ],
                [
                    13.07213,
                    55.60639
                ],
                [
                    13.07174,
                    55.60628
                ],
                [
                    13.07168,
                    55.60603
                ],
                [
                    13.07057,
                    55.60566
                ]
            ]
        }
    ]
}