{
    "city": 1,
    "initialStart": [
        18.09111,
        59.34597
    ],
    "trips": [
        {
            "summary": {
                "distance": 700.3,
                "duration": 165.2
            },
            "user": {
                "id": 92,
                "token": "eyJhbGciOiJIUzI1NiIsInR5cCI6IkpXVCJ9.eyJpZCI6OTIsInJvbGUiOiJ1c2VyIiwiaWF0IjoxNzAyODkwMzUxLCJleHAiOjE3MzQ0MjYzNTF9.JyfQX9AQ4pvlFDZtsWkNUQSmzLnkbovFHPalUYbxexw"
            },
            "coords": [
                [
                    18.09111,
                    59.34597
                ],
                [
                    18.09118,
                    59.34598
                ],
                [
                    18.09116,
                    59.34601
                ],
                [
                    18.09129,
                    59.34605
                ],
                [
                    18.09119,
                    59.34613
                ],
                [
                    18.09111,
                    59.34619
                ],
                [
                    18.08923,
                    59.34566
                ],
                [
                    18.0886,
                    59.34547
                ],
                [
                    18.08825,
                    59.34533
                ],
                [
                    18.08789,
                    59.34522
                ],
                [
                    18.08793,
                    59.34516
                ],
                [
                    18.08802,
                    59.3451
                ],
                [
                    18.08813,
                    59.345
                ],
                [
                    18.08841,
                    59.34493
                ],
                [
                    18.08846,
                    59.34497
                ],
                [
                    18.08879,
                    59.34507
                ],
                [
                    18.08932,
                    59.34522
                ],
                [
                    18.08948,
                    59.34526
                ],
                [
                    18.08956,
                    59.34525
                ],
                [
                    18.08963,
                    59.3452
                ],
                [
                    18.0897,
                    59.34516
                ],
                [
                    18.09001,
                    59.34499
                ],
                [
                    18.09088,
                    59.34459
                ],
                [
                    18.09093,
                    59.34457
                ],
                [
                    18.09211,
                    59.3442
                ],
                [
                    18.09246,
                    59.3441
                ],
                [
                    18.0926,
                    59.34409
                ],
                [
                    18.09272,
                    59.34407
                ],
                [
                    18.09265,
                    59.34396
                ],
                [
                    18.0927,
                    59.34396
                ],
                [
                    18.09283,
                    59.34394
                ],
                [
                    18.09293,
                    59.34393
                ],
                [
                    18.09313,
                    59.34389
                ],
                [
                    18.09323,
                    59.3439
                ],
                [
                    18.09334,
                    59.34388
                ],
                [
                    18.09368,
                    59.3438
                ],
                [
                    18.09405,
                    59.34372
                ],
                [
                    18.09413,
                    59.34379
                ]
            ]
        }
    ]
}