{
    "city": 3,
    "initialStart": [
        13.07078,
        55.61131
    ],
    "trips": [
        {
            "summary": {
                "distance": 820.3,
                "duration": 159.1
            },
            "user": {
                "id": 920,
                "token": "eyJhbGciOiJIUzI1NiIsInR5cCI6IkpXVCJ9.eyJpZCI6OTIwLCJyb2xlIjoidXNlciIsImlhdCI6MTcwNDIwOTA2MiwiZXhwIjoxNzM1NzQ1MDYyfQ.wM79tTrx0vYNMgEVLGBt6B-r-XyLMuAjyz-NzW7IZl0"
            },
            "coords": [
                [
                    13.07078,
                    55.61131
                ],
                [
                    13.07007,
                    55.61117
                ],
                [
                    13.07003,
                    55.61111
                ],
                [
                    13.07008,
                    55.61097
                ],
                [
                    13.06953,
                    55.611
                ],
                [
                    13.06923,
                    55.61102
                ],
                [
                    13.069,
                    55.61099
                ],
                [
                    13.06883,
                    55.61091
                ],
                [
                    13.06856,
                    55.61084
                ],
                [
                    13.06857,
                    55.61076
                ],
                [
                    13.06858,
                    55.61071
                ],
                [
                    13.06857,
                    55.61065
                ],
                [
                    13.06847,
                    55.61062
                ],
                [
                    13.06857,
                    55.61059
                ],
                [
                    13.06917,
                    55.6106
                ],
                [
                    13.0694,
                    55.61057
                ],
                [
                    13.06951,
                    55.61053
                ],
                [
                    13.0697,
                    55.61044
                ],
                [
                    13.07022,
                    55.61002
                ],
                [
                    13.07087,
                    55.60943
                ],
                [
                    13.07078,
                    55.6094
                ],
                [
                    13.07045,
                    55.60931
                ],
                [
                    13.0701,
                    55.60925
                ],
                [
                    13.0689,
                    55.60924
                ],
                [
                    13.06879,
                    55.60925
                ],
                [
                    13.06811,
                    55.60917
                ],
                [
                    13.0679,
                    55.60972
                ],
                [
                    13.0675,
                    55.6097
                ],
                [
                    13.06739,
                    55.60971
                ],
                [
                    13.06728,
                    55.60981
                ],
                [
                    13.06728,
                    55.60985
                ],
                [
                    13.06727,
                    55.61016
                ],
                [
                    13.0677,
                    55.61023
                ],
                [
                    13.06796,
                    55.61017
                ],
                [
                    13.06809,
                    55.61011
                ],
                [
                    13.06818,
                    55.60996
                ],
                [
                    13.06826,
                    55.60997
                ]
            ]
        }
    ]
}