{
    "city": 3,
    "initialStart": [
        13.04807,
        55.60314
    ],
    "trips": [
        {
            "summary": {
                "distance": 568.6,
                "duration": 103.6
            },
            "user": {
                "id": 921,
                "token": "eyJhbGciOiJIUzI1NiIsInR5cCI6IkpXVCJ9.eyJpZCI6OTIxLCJyb2xlIjoidXNlciIsImlhdCI6MTcwNDIwOTA2MiwiZXhwIjoxNzM1NzQ1MDYyfQ.ualdXE0R8Y-DyDrHfcDjz6dwJIS26fAF3YcBWsXsYXM"
            },
            "coords": [
                [
                    13.04807,
                    55.60314
                ],
                [
                    13.04812,
                    55.60328
                ],
                [
                    13.04902,
                    55.60319
                ],
                [
                    13.04872,
                    55.60231
                ],
                [
                    13.04874,
                    55.60221
                ],
                [
                    13.04879,
                    55.60219
                ],
                [
                    13.04881,
                    55.60218
                ],
                [
                    13.04891,
                    55.60214
                ],
                [
                    13.0491,
                    55.6023
                ],
                [
                    13.05003,
                    55.60303
                ],
                [
                    13.05015,
                    55.60296
                ],
                [
                    13.05021,
                    55.60291
                ],
                [
                    13.05048,
                    55.60282
                ],
                [
                    13.05071,
                    55.60288
                ],
                [
                    13.0509,
                    55.60287
                ],
                [
                    13.05111,
                    55.60286
                ],
                [
                    13.05117,
                    55.60315
                ],
                [
                    13.05119,
                    55.60324
                ],
                [
                    13.05125,
                    55.60354
                ],
                [
                    13.05127,
                    55.60369
                ],
                [
                    13.05134,
                    55.60403
                ],
                [
                    13.05143,
                    55.60408
                ],
                [
                    13.05155,
                    55.60412
                ],
                [
                    13.05166,
                    55.60412
                ],
                [
                    13.05177,
                    55.60413
                ],
                [
                    13.05194,
                    55.6041
                ]
            ]
        }
    ]
}