{
    "city": 3,
    "initialStart": [
        13.02655,
        55.56653
    ],
    "trips": [
        {
            "summary": {
                "distance": 364.6,
                "duration": 80.4
            },
            "user": {
                "id": 929,
                "token": "eyJhbGciOiJIUzI1NiIsInR5cCI6IkpXVCJ9.eyJpZCI6OTI5LCJyb2xlIjoidXNlciIsImlhdCI6MTcwNDIwOTA2MywiZXhwIjoxNzM1NzQ1MDYzfQ.iw2eboIeiono-XyhkTil3r1f_GenOGs188xZosuDz-A"
            },
            "coords": [
                [
                    13.02655,
                    55.56653
                ],
                [
                    13.02623,
                    55.56658
                ],
                [
                    13.02616,
                    55.56647
                ],
                [
                    13.0261,
                    55.56642
                ],
                [
                    13.02596,
                    55.56635
                ],
                [
                    13.02538,
                    55.56631
                ],
                [
                    13.02511,
                    55.56629
                ],
                [
                    13.02429,
                    55.56623
                ],
                [
                    13.024,
                    55.56621
                ],
                [
                    13.02394,
                    55.5662
                ],
                [
                    13.02369,
                    55.56618
                ],
                [
                    13.02224,
                    55.56608
                ],
                [
                    13.02234,
                    55.56598
                ],
                [
                    13.02232,
                    55.56592
                ],
                [
                    13.02272,
                    55.56586
                ],
                [
                    13.02259,
                    55.56558
                ]
            ]
        }
    ]
}