{
    "city": 3,
    "initialStart": [
        12.98723,
        55.5726
    ],
    "trips": [
        {
            "summary": {
                "distance": 1036.8,
                "duration": 190.9
            },
            "user": {
                "id": 935,
                "token": "eyJhbGciOiJIUzI1NiIsInR5cCI6IkpXVCJ9.eyJpZCI6OTM1LCJyb2xlIjoidXNlciIsImlhdCI6MTcwNDIwOTEyNSwiZXhwIjoxNzM1NzQ1MTI1fQ.PtIKW-SAa1NAd7eU0CYqxVbSyCvMjuaeLrnALu_huKU"
            },
            "coords": [
                [
                    12.98723,
                    55.5726
                ],
                [
                    12.98713,
                    55.57245
                ],
                [
                    12.98737,
                    55.5724
                ],
                [
                    12.98772,
                    55.57233
                ],
                [
                    12.98837,
                    55.57328
                ],
                [
                    12.98926,
                    55.57463
                ],
                [
                    12.98941,
                    55.57515
                ],
                [
                    12.98945,
                    55.57544
                ],
                [
                    12.98948,
                    55.5756
                ],
                [
                    12.99053,
                    55.57549
                ],
                [
                    12.99083,
                    55.57543
                ],
                [
                    12.99082,
                    55.57536
                ],
                [
                    12.99098,
                    55.57517
                ],
                [
                    12.99104,
                    55.57513
                ],
                [
                    12.99131,
                    55.57503
                ],
                [
                    12.99145,
                    55.575
                ],
                [
                    12.99173,
                    55.57517
                ],
                [
                    12.99198,
                    55.57529
                ],
                [
                    12.99205,
                    55.5753
                ],
                [
                    12.99215,
                    55.57529
                ],
                [
                    12.99217,
                    55.57535
                ],
                [
                    12.99286,
                    55.57532
                ],
                [
                    12.99289,
                    55.57525
                ],
                [
                    12.99264,
                    55.57479
                ],
                [
                    12.99249,
                    55.57452
                ],
                [
                    12.99226,
                    55.57414
                ],
                [
                    12.99207,
                    55.5738
                ],
                [
                    12.99204,
                    55.57374
                ],
                [
                    12.99199,
                    55.57365
                ],
                [
                    12.99191,
                    55.57352
                ],
                [
                    12.9917,
                    55.57316
                ],
                [
                    12.99136,
                    55.57322
                ],
                [
                    12.99115,
                    55.57326
                ],
                [
                    12.99086,
                    55.57332
                ],
                [
                    12.99088,
                    55.57336
                ],
                [
                    12.99071,
                    55.57339
                ],
                [
                    12.99066,
                    55.5733
                ]
            ]
        }
    ]
}