{
    "city": 3,
    "initialStart": [
        12.97681,
        55.61578
    ],
    "trips": [
        {
            "summary": {
                "distance": 371.9,
                "duration": 116.5
            },
            "user": {
                "id": 945,
                "token": "eyJhbGciOiJIUzI1NiIsInR5cCI6IkpXVCJ9.eyJpZCI6OTQ1LCJyb2xlIjoidXNlciIsImlhdCI6MTcwNDIwOTEyNywiZXhwIjoxNzM1NzQ1MTI3fQ.ortwJCd2IvteJSJ9CFnkvjkx3KyaKPE8gYwSOlcknQs"
            },
            "coords": [
                [
                    12.97681,
                    55.61578
                ],
                [
                    12.97608,
                    55.61568
                ],
                [
                    12.97629,
                    55.6152
                ],
                [
                    12.97645,
                    55.61515
                ],
                [
                    12.97648,
                    55.61509
                ],
                [
                    12.97654,
                    55.61498
                ],
                [
                    12.97778,
                    55.61518
                ],
                [
                    12.97806,
                    55.61522
                ],
                [
                    12.97863,
                    55.61531
                ],
                [
                    12.9788,
                    55.61517
                ],
                [
                    12.97897,
                    55.61509
                ],
                [
                    12.97915,
                    55.61504
                ],
                [
                    12.97928,
                    55.61502
                ],
                [
                    12.9794,
                    55.61495
                ],
                [
                    12.97966,
                    55.61498
                ],
                [
                    12.97984,
                    55.61498
                ],
                [
                    12.97983,
                    55.61494
                ],
                [
                    12.97982,
                    55.6149
                ]
            ]
        }
    ]
}