{
    "city": 1,
    "initialStart": [
        18.07954,
        59.33614
    ],
    "trips": [
        {
            "summary": {
                "distance": 323.2,
                "duration": 92.9
            },
            "user": {
                "id": 95,
                "token": "eyJhbGciOiJIUzI1NiIsInR5cCI6IkpXVCJ9.eyJpZCI6OTUsInJvbGUiOiJ1c2VyIiwiaWF0IjoxNzAyODkwMzUyLCJleHAiOjE3MzQ0MjYzNTJ9.zPXPIgbqQZvJO_4KZumPdkJuDmIN9GJ5mg_nEgN_PFc"
            },
            "coords": [
                [
                    18.07954,
                    59.33614
                ],
                [
                    18.07983,
                    59.3361
                ],
                [
                    18.07987,
                    59.33614
                ],
                [
                    18.08,
                    59.33611
                ],
                [
                    18.07975,
                    59.3358
                ],
                [
                    18.07983,
                    59.33578
                ],
                [
                    18.0808,
                    59.33559
                ],
                [
                    18.08091,
                    59.33558
                ],
                [
                    18.08097,
                    59.33556
                ],
                [
                    18.08184,
                    59.33538
                ],
                [
                    18.08203,
                    59.33535
                ],
                [
                    18.08201,
                    59.33528
                ],
                [
                    18.08207,
                    59.33527
                ],
                [
                    18.08138,
                    59.33439
                ]
            ]
        }
    ]
}