{
    "city": 3,
    "initialStart": [
        13.04561,
        55.60483
    ],
    "trips": [
        {
            "summary": {
                "distance": 342,
                "duration": 82.1
            },
            "user": {
                "id": 953,
                "token": "eyJhbGciOiJIUzI1NiIsInR5cCI6IkpXVCJ9.eyJpZCI6OTUzLCJyb2xlIjoidXNlciIsImlhdCI6MTcwNDIwOTEyOCwiZXhwIjoxNzM1NzQ1MTI4fQ.UXnu6kMHmTakMCND3v0W0FA7mTNqaFmD0nf4uFssInU"
            },
            "coords": [
                [
                    13.04561,
                    55.60483
                ],
                [
                    13.04572,
                    55.60457
                ],
                [
                    13.04578,
                    55.60446
                ],
                [
                    13.04559,
                    55.60444
                ],
                [
                    13.04523,
                    55.60436
                ],
                [
                    13.04491,
                    55.60432
                ],
                [
                    13.04459,
                    55.6043
                ],
                [
                    13.04417,
                    55.60426
                ],
                [
                    13.04395,
                    55.60423
                ],
                [
                    13.04411,
                    55.60383
                ],
                [
                    13.04411,
                    55.60373
                ],
                [
                    13.04408,
                    55.6037
                ],
                [
                    13.04391,
                    55.60357
                ],
                [
                    13.04378,
                    55.60351
                ],
                [
                    13.04345,
                    55.60342
                ],
                [
                    13.04258,
                    55.60334
                ],
                [
                    13.04236,
                    55.60333
                ]
            ]
        }
    ]
}