{
    "city": 3,
    "initialStart": [
        13.0635,
        55.60074
    ],
    "trips": [
        {
            "summary": {
                "distance": 575.4,
                "duration": 96.1
            },
            "user": {
                "id": 956,
                "token": "eyJhbGciOiJIUzI1NiIsInR5cCI6IkpXVCJ9.eyJpZCI6OTU2LCJyb2xlIjoidXNlciIsImlhdCI6MTcwNDIwOTEyOSwiZXhwIjoxNzM1NzQ1MTI5fQ.xqn7KrCq5gHkNz6Zx379kFzWpEVnwBe16GVe9xl4n-s"
            },
            "coords": [
                [
                    13.0635,
                    55.60074
                ],
                [
                    13.06333,
                    55.60071
                ],
                [
                    13.06284,
                    55.60054
                ],
                [
                    13.06247,
                    55.60031
                ],
                [
                    13.06234,
                    55.6
                ],
                [
                    13.06233,
                    55.59971
                ],
                [
                    13.06238,
                    55.5994
                ],
                [
                    13.0625,
                    55.5991
                ],
                [
                    13.0626,
                    55.59871
                ],
                [
                    13.0626,
                    55.59866
                ],
                [
                    13.06416,
                    55.59853
                ],
                [
                    13.06447,
                    55.59851
                ],
                [
                    13.06449,
                    55.5983
                ],
                [
                    13.06464,
                    55.59778
                ],
                [
                    13.06488,
                    55.59779
                ],
                [
                    13.06584,
                    55.5979
                ],
                [
                    13.06606,
                    55.59813
                ]
            ]
        }
    ]
}