{
    "city": 3,
    "initialStart": [
        12.94233,
        55.59374
    ],
    "trips": [
        {
            "summary": {
                "distance": 671.5,
                "duration": 160.9
            },
            "user": {
                "id": 961,
                "token": "eyJhbGciOiJIUzI1NiIsInR5cCI6IkpXVCJ9.eyJpZCI6OTYxLCJyb2xlIjoidXNlciIsImlhdCI6MTcwNDIwOTEzMCwiZXhwIjoxNzM1NzQ1MTMwfQ.5LZOHA3twZsuQRypvGa6K1VEhRLZP3wWReJx4JSd3qw"
            },
            "coords": [
                [
                    12.94233,
                    55.59374
                ],
                [
                    12.94137,
                    55.59323
                ],
                [
                    12.94125,
                    55.59332
                ],
                [
                    12.93888,
                    55.59207
                ],
                [
                    12.93855,
                    55.59188
                ],
                [
                    12.93821,
                    55.59168
                ],
                [
                    12.938,
                    55.59156
                ],
                [
                    12.93796,
                    55.59152
                ],
                [
                    12.93814,
                    55.59145
                ],
                [
                    12.93924,
                    55.59104
                ],
                [
                    12.93929,
                    55.59108
                ],
                [
                    12.94,
                    55.59081
                ],
                [
                    12.94024,
                    55.59095
                ],
                [
                    12.94055,
                    55.59113
                ],
                [
                    12.94096,
                    55.59136
                ],
                [
                    12.94143,
                    55.59163
                ],
                [
                    12.94146,
                    55.59166
                ]
            ]
        }
    ]
}