{
    "city": 3,
    "initialStart": [
        13.04187,
        55.57045
    ],
    "trips": [
        {
            "summary": {
                "distance": 785.1,
                "duration": 139.6
            },
            "user": {
                "id": 962,
                "token": "eyJhbGciOiJIUzI1NiIsInR5cCI6IkpXVCJ9.eyJpZCI6OTYyLCJyb2xlIjoidXNlciIsImlhdCI6MTcwNDIwOTEzMCwiZXhwIjoxNzM1NzQ1MTMwfQ.yfvOGcXZy0MASJQ_-0EtR7R5LpbinAyYGf4XoiTYqeo"
            },
            "coords": [
                [
                    13.04187,
                    55.57045
                ],
                [
                    13.04147,
                    55.57055
                ],
                [
                    13.0408,
                    55.57078
                ],
                [
                    13.04013,
                    55.57092
                ],
                [
                    13.04011,
                    55.57098
                ],
                [
                    13.04007,
                    55.57101
                ],
                [
                    13.03949,
                    55.57114
                ],
                [
                    13.03934,
                    55.57118
                ],
                [
                    13.03928,
                    55.57122
                ],
                [
                    13.03925,
                    55.57128
                ],
                [
                    13.03929,
                    55.57138
                ],
                [
                    13.03954,
                    55.57157
                ],
                [
                    13.03971,
                    55.57162
                ],
                [
                    13.03985,
                    55.57161
                ],
                [
                    13.0405,
                    55.5714
                ],
                [
                    13.04063,
                    55.57136
                ],
                [
                    13.04076,
                    55.5714
                ],
                [
                    13.04142,
                    55.57121
                ],
                [
                    13.04218,
                    55.57101
                ],
                [
                    13.04277,
                    55.57096
                ],
                [
                    13.04305,
                    55.57097
                ],
                [
                    13.04361,
                    55.57104
                ],
                [
                    13.04358,
                    55.57106
                ],
                [
                    13.04396,
                    55.57118
                ],
                [
                    13.04434,
                    55.57134
                ],
                [
                    13.0446,
                    55.57151
                ],
                [
                    13.04486,
                    55.57174
                ],
                [
                    13.04399,
                    55.57193
                ],
                [
                    13.04337,
                    55.57207
                ],
                [
                    13.04312,
                    55.57212
                ],
                [
                    13.0425,
                    55.57227
                ]
            ]
        }
    ]
}