{
    "city": 1,
    "initialStart": [
        18.04423,
        59.3122
    ],
    "trips": [
        {
            "summary": {
                "distance": 1137.6,
                "duration": 250.6
            },
            "user": {
                "id": 97,
                "token": "eyJhbGciOiJIUzI1NiIsInR5cCI6IkpXVCJ9.eyJpZCI6OTcsInJvbGUiOiJ1c2VyIiwiaWF0IjoxNzAyODkwMzUyLCJleHAiOjE3MzQ0MjYzNTJ9.h8BxeXOBLoR7K2fyK_s5Rb7V2prv_4Kauzu2lYQsldw"
            },
            "coords": [
                [
                    18.04423,
                    59.3122
                ],
                [
                    18.04451,
                    59.31212
                ],
                [
                    18.04487,
                    59.31213
                ],
                [
                    18.04533,
                    59.31217
                ],
                [
                    18.04542,
                    59.31218
                ],
                [
                    18.04557,
                    59.3122
                ],
                [
                    18.04572,
                    59.31225
                ],
                [
                    18.04581,
                    59.31229
                ],
                [
                    18.04584,
                    59.31237
                ],
                [
                    18.04581,
                    59.31246
                ],
                [
                    18.04578,
                    59.3125
                ],
                [
                    18.0457,
                    59.31253
                ],
                [
                    18.04549,
                    59.31254
                ],
                [
                    18.04508,
                    59.31252
                ],
                [
                    18.04496,
                    59.31253
                ],
                [
                    18.04486,
                    59.31257
                ],
                [
                    18.04457,
                    59.31274
                ],
                [
                    18.04445,
                    59.31278
                ],
                [
                    18.04432,
                    59.3128
                ],
                [
                    18.04352,
                    59.31264
                ],
                [
                    18.04274,
                    59.31261
                ],
                [
                    18.04254,
                    59.31263
                ],
                [
                    18.04229,
                    59.31268
                ],
                [
                    18.04169,
                    59.31286
                ],
                [
                    18.04102,
                    59.31298
                ],
                [
                    18.0406,
                    59.31301
                ],
                [
                    18.04018,
                    59.31286
                ],
                [
                    18.04002,
                    59.31286
                ],
                [
                    18.03985,
                    59.31289
                ],
                [
                    18.03963,
                    59.31284
                ],
                [
                    18.03944,
                    59.31282
                ],
                [
                    18.03928,
                    59.31285
                ],
                [
                    18.03911,
                    59.31292
                ],
                [
                    18.03904,
                    59.31298
                ],
                [
                    18.03899,
                    59.31308
                ],
                [
                    18.03905,
                    59.31333
                ],
                [
                    18.03891,
                    59.31348
                ],
                [
                    18.03878,
                    59.31353
                ],
                [
                    18.03849,
                    59.31355
                ],
                [
                    18.03815,
                    59.31355
                ],
                [
                    18.03808,
                    59.31369
                ],
                [
                    18.03857,
                    59.31374
                ],
                [
                    18.03963,
                    59.31393
                ],
                [
                    18.04129,
                    59.31413
                ],
                [
                    18.04386,
                    59.31442
                ],
                [
                    18.04406,
                    59.31445
                ],
                [
                    18.04414,
                    59.31451
                ],
                [
                    18.04429,
                    59.31449
                ],
                [
                    18.04504,
                    59.31458
                ],
                [
                    18.04541,
                    59.31458
                ],
                [
                    18.04534,
                    59.31492
                ],
                [
                    18.0453,
                    59.31498
                ]
            ]
        }
    ]
}