{
    "city": 3,
    "initialStart": [
        12.9511,
        55.59447
    ],
    "trips": [
        {
            "summary": {
                "distance": 1147.2,
                "duration": 240
            },
            "user": {
                "id": 974,
                "token": "eyJhbGciOiJIUzI1NiIsInR5cCI6IkpXVCJ9.eyJpZCI6OTc0LCJyb2xlIjoidXNlciIsImlhdCI6MTcwNDIwOTIwMiwiZXhwIjoxNzM1NzQ1MjAyfQ.wbQG0LTmXVYZI-ntPyinrmjOTkJKxAOjCJX-gTg4itQ"
            },
            "coords": [
                [
                    12.9511,
                    55.59447
                ],
                [
                    12.95074,
                    55.5943
                ],
                [
                    12.95029,
                    55.59408
                ],
                [
                    12.95014,
                    55.59401
                ],
                [
                    12.95001,
                    55.59396
                ],
                [
                    12.94989,
                    55.59392
                ],
                [
                    12.94981,
                    55.59398
                ],
                [
                    12.94976,
                    55.59402
                ],
                [
                    12.94946,
                    55.59391
                ],
                [
                    12.94848,
                    55.59356
                ],
                [
                    12.94799,
                    55.59363
                ],
                [
                    12.94786,
                    55.59371
                ],
                [
                    12.9477,
                    55.59378
                ],
                [
                    12.94738,
                    55.59387
                ],
                [
                    12.94707,
                    55.594
                ],
                [
                    12.94591,
                    55.59467
                ],
                [
                    12.94564,
                    55.59483
                ],
                [
                    12.94537,
                    55.59502
                ],
                [
                    12.9453,
                    55.59506
                ],
                [
                    12.94521,
                    55.59515
                ],
                [
                    12.94908,
                    55.59655
                ],
                [
                    12.95185,
                    55.59756
                ],
                [
                    12.95193,
                    55.59748
                ],
                [
                    12.95204,
                    55.59741
                ],
                [
                    12.95177,
                    55.5973
                ],
                [
                    12.95144,
                    55.59722
                ],
                [
                    12.9513,
                    55.59713
                ],
                [
                    12.95092,
                    55.59703
                ],
                [
                    12.9507,
                    55.59689
                ],
                [
                    12.95034,
                    55.59681
                ],
                [
                    12.95013,
                    55.59671
                ]
            ]
        }
    ]
}