{
    "city": 3,
    "initialStart": [
        12.94086,
        55.58239
    ],
    "trips": [
        {
            "summary": {
                "distance": 524.1,
                "duration": 102.7
            },
            "user": {
                "id": 975,
                "token": "eyJhbGciOiJIUzI1NiIsInR5cCI6IkpXVCJ9.eyJpZCI6OTc1LCJyb2xlIjoidXNlciIsImlhdCI6MTcwNDIwOTIwMywiZXhwIjoxNzM1NzQ1MjAzfQ.S2k_tvpJniLlTfbvrUlxRVX74YlHfUylGb9t938tDQ4"
            },
            "coords": [
                [
                    12.94086,
                    55.58239
                ],
                [
                    12.9407,
                    55.58215
                ],
                [
                    12.94108,
                    55.58209
                ],
                [
                    12.94154,
                    55.58201
                ],
                [
                    12.94203,
                    55.58193
                ],
                [
                    12.94253,
                    55.58184
                ],
                [
                    12.94284,
                    55.58178
                ],
                [
                    12.94319,
                    55.58229
                ],
                [
                    12.94332,
                    55.58246
                ],
                [
                    12.94358,
                    55.58285
                ],
                [
                    12.94375,
                    55.58312
                ],
                [
                    12.94388,
                    55.58313
                ],
                [
                    12.94395,
                    55.58312
                ],
                [
                    12.94604,
                    55.58286
                ],
                [
                    12.94613,
                    55.58285
                ],
                [
                    12.94601,
                    55.58276
                ],
                [
                    12.94591,
                    55.58277
                ],
                [
                    12.94569,
                    55.58259
                ]
            ]
        }
    ]
}