{
    "city": 1,
    "initialStart": [
        18.02739,
        59.31662
    ],
    "trips": [
        {
            "summary": {
                "distance": 375.9,
                "duration": 64.9
            },
            "user": {
                "id": 98,
                "token": "eyJhbGciOiJIUzI1NiIsInR5cCI6IkpXVCJ9.eyJpZCI6OTgsInJvbGUiOiJ1c2VyIiwiaWF0IjoxNzAyODkwMzUzLCJleHAiOjE3MzQ0MjYzNTN9.9-1PTa1Bdr7hRiGNXxRso3EtScghcORt8bQpGkBm6PA"
            },
            "coords": [
                [
                    18.02739,
                    59.31662
                ],
                [
                    18.02744,
                    59.3165
                ],
                [
                    18.02723,
                    59.31647
                ],
                [
                    18.02689,
                    59.31644
                ],
                [
                    18.02684,
                    59.31637
                ],
                [
                    18.02699,
                    59.31616
                ],
                [
                    18.02708,
                    59.31614
                ],
                [
                    18.02712,
                    59.31607
                ],
                [
                    18.02723,
                    59.31602
                ],
                [
                    18.02818,
                    59.31574
                ],
                [
                    18.02927,
                    59.31541
                ],
                [
                    18.02938,
                    59.3154
                ],
                [
                    18.0295,
                    59.3154
                ],
                [
                    18.03,
                    59.31547
                ],
                [
                    18.03035,
                    59.31551
                ],
                [
                    18.03048,
                    59.31524
                ],
                [
                    18.03072,
                    59.31516
                ],
                [
                    18.03116,
                    59.31501
                ]
            ]
        }
    ]
}