{
    "city": 3,
    "initialStart": [
        12.99197,
        55.60229
    ],
    "trips": [
        {
            "summary": {
                "distance": 407.9,
                "duration": 113.1
            },
            "user": {
                "id": 986,
                "token": "eyJhbGciOiJIUzI1NiIsInR5cCI6IkpXVCJ9.eyJpZCI6OTg2LCJyb2xlIjoidXNlciIsImlhdCI6MTcwNDIwOTIwNSwiZXhwIjoxNzM1NzQ1MjA1fQ.Bbp46mJPZ7WjQA7cH1g71lDKT4jpWgcbq01xFiFaNU4"
            },
            "coords": [
                [
                    12.99197,
                    55.60229
                ],
                [
                    12.99186,
                    55.60229
                ],
                [
                    12.99177,
                    55.60227
                ],
                [
                    12.99163,
                    55.60254
                ],
                [
                    12.99164,
                    55.60269
                ],
                [
                    12.99172,
                    55.60288
                ],
                [
                    12.99187,
                    55.603
                ],
                [
                    12.99184,
                    55.60305
                ],
                [
                    12.99181,
                    55.60321
                ],
                [
                    12.99191,
                    55.60332
                ],
                [
                    12.99147,
                    55.60327
                ],
                [
                    12.99063,
                    55.60325
                ],
                [
                    12.98989,
                    55.60323
                ],
                [
                    12.98967,
                    55.60309
                ],
                [
                    12.98944,
                    55.60285
                ],
                [
                    12.98933,
                    55.60283
                ],
                [
                    12.98928,
                    55.60283
                ],
                [
                    12.98849,
                    55.60272
                ],
                [
                    12.98834,
                    55.60269
                ],
                [
                    12.98824,
                    55.60265
                ],
                [
                    12.98805,
                    55.60261
                ]
            ]
        }
    ]
}