{
    "city": 3,
    "initialStart": [
        13.03853,
        55.57456
    ],
    "trips": [
        {
            "summary": {
                "distance": 534.2,
                "duration": 87.4
            },
            "user": {
                "id": 988,
                "token": "eyJhbGciOiJIUzI1NiIsInR5cCI6IkpXVCJ9.eyJpZCI6OTg4LCJyb2xlIjoidXNlciIsImlhdCI6MTcwNDIwOTIwNSwiZXhwIjoxNzM1NzQ1MjA1fQ.YQVny9m6wc8ZL3Bs05b3kWVSW0TQi_Jjx3kM63X8oCo"
            },
            "coords": [
                [
                    13.03853,
                    55.57456
                ],
                [
                    13.03867,
                    55.57481
                ],
                [
                    13.03865,
                    55.57483
                ],
                [
                    13.03812,
                    55.57494
                ],
                [
                    13.03825,
                    55.57515
                ],
                [
                    13.03854,
                    55.57547
                ],
                [
                    13.03985,
                    55.57523
                ],
                [
                    13.04024,
                    55.57522
                ],
                [
                    13.04055,
                    55.57524
                ],
                [
                    13.04159,
                    55.57487
                ],
                [
                    13.04137,
                    55.57457
                ],
                [
                    13.04116,
                    55.57429
                ],
                [
                    13.04126,
                    55.57422
                ],
                [
                    13.04118,
                    55.57401
                ],
                [
                    13.04132,
                    55.57384
                ],
                [
                    13.04146,
                    55.57373
                ],
                [
                    13.04227,
                    55.57357
                ]
            ]
        }
    ]
}