{
    "city": 3,
    "initialStart": [
        13.05085,
        55.61701
    ],
    "trips": [
        {
            "summary": {
                "distance": 568.2,
                "duration": 129.2
            },
            "user": {
                "id": 989,
                "token": "eyJhbGciOiJIUzI1NiIsInR5cCI6IkpXVCJ9.eyJpZCI6OTg5LCJyb2xlIjoidXNlciIsImlhdCI6MTcwNDIwOTIwNSwiZXhwIjoxNzM1NzQ1MjA1fQ.Rho-CjtOV-sdPRIp_ruubd-WjaeBZFTrsVSwSmCWStE"
            },
            "coords": [
                [
                    13.05085,
                    55.61701
                ],
                [
                    13.05208,
                    55.61611
                ],
                [
                    13.05246,
                    55.61551
                ],
                [
                    13.05265,
                    55.61554
                ],
                [
                    13.05302,
                    55.61491
                ],
                [
                    13.05305,
                    55.61486
                ],
                [
                    13.05311,
                    55.61487
                ],
                [
                    13.05379,
                    55.61506
                ],
                [
                    13.05421,
                    55.6152
                ],
                [
                    13.05446,
                    55.61529
                ],
                [
                    13.05524,
                    55.61563
                ],
                [
                    13.05549,
                    55.61574
                ],
                [
                    13.05575,
                    55.61585
                ],
                [
                    13.05572,
                    55.6159
                ],
                [
                    13.05535,
                    55.61649
                ]
            ]
        }
    ]
}