{
    "city": 3,
    "initialStart": [
        12.97908,
        55.57488
    ],
    "trips": [
        {
            "summary": {
                "distance": 754.8,
                "duration": 154.4
            },
            "user": {
                "id": 995,
                "token": "eyJhbGciOiJIUzI1NiIsInR5cCI6IkpXVCJ9.eyJpZCI6OTk1LCJyb2xlIjoidXNlciIsImlhdCI6MTcwNDIwOTIwNywiZXhwIjoxNzM1NzQ1MjA3fQ.g1szq0bi7qnBmDRIxigRGsWY0BOJYh20_ajd_pvxyi8"
            },
            "coords": [
                [
                    12.97908,
                    55.57488
                ],
                [
                    12.97917,
                    55.57484
                ],
                [
                    12.97903,
                    55.57461
                ],
                [
                    12.97901,
                    55.57454
                ],
                [
                    12.97904,
                    55.57438
                ],
                [
                    12.9782,
                    55.57455
                ],
                [
                    12.97807,
                    55.57458
                ],
                [
                    12.978,
                    55.57459
                ],
                [
                    12.97733,
                    55.57473
                ],
                [
                    12.9769,
                    55.57407
                ],
                [
                    12.97685,
                    55.574
                ],
                [
                    12.97655,
                    55.57353
                ],
                [
                    12.97639,
                    55.57327
                ],
                [
                    12.97617,
                    55.57293
                ],
                [
                    12.97596,
                    55.5726
                ],
                [
                    12.97573,
                    55.57218
                ],
                [
                    12.97649,
                    55.57201
                ],
                [
                    12.97738,
                    55.57181
                ],
                [
                    12.9775,
                    55.57181
                ],
                [
                    12.97774,
                    55.57184
                ],
                [
                    12.97839,
                    55.57181
                ],
                [
                    12.97865,
                    55.57178
                ],
                [
                    12.97854,
                    55.57201
                ],
                [
                    12.9785,
                    55.57221
                ],
                [
                    12.9786,
                    55.57247
                ],
                [
                    12.97865,
                    55.57254
                ]
            ]
        }
    ]
}