{
    "city": 3,
    "initialStart": [
        12.96415,
        55.59288
    ],
    "trips": [
        {
            "summary": {
                "distance": 396.3,
                "duration": 75.8
            },
            "user": {
                "id": 996,
                "token": "eyJhbGciOiJIUzI1NiIsInR5cCI6IkpXVCJ9.eyJpZCI6OTk2LCJyb2xlIjoidXNlciIsImlhdCI6MTcwNDIwOTIwNywiZXhwIjoxNzM1NzQ1MjA3fQ.-xil2KNymflxF1NWWsfU0l9KtkHd8S1uffJdwJoLpCM"
            },
            "coords": [
                [
                    12.96415,
                    55.59288
                ],
                [
                    12.96388,
                    55.59296
                ],
                [
                    12.96331,
                    55.5931
                ],
                [
                    12.96271,
                    55.59324
                ],
                [
                    12.96259,
                    55.59326
                ],
                [
                    12.96218,
                    55.59336
                ],
                [
                    12.96161,
                    55.5935
                ],
                [
                    12.96117,
                    55.5936
                ],
                [
                    12.96107,
                    55.59363
                ],
                [
                    12.96026,
                    55.59381
                ],
                [
                    12.96034,
                    55.59393
                ],
                [
                    12.96047,
                    55.59405
                ],
                [
                    12.96057,
                    55.59411
                ],
                [
                    12.96065,
                    55.59416
                ],
                [
                    12.9608,
                    55.59422
                ],
                [
                    12.961,
                    55.59427
                ],
                [
                    12.96122,
                    55.5943
                ],
                [
                    12.96133,
                    55.5943
                ],
                [
                    12.96142,
                    55.59456
                ],
                [
                    12.96143,
                    55.59464
                ]
            ]
        }
    ]
}