{
    "city": 3,
    "initialStart": [
        13.00802,
        55.60231
    ],
    "trips": [
        {
            "summary": {
                "distance": 552.1,
                "duration": 154.8
            },
            "user": {
                "id": 998,
                "token": "eyJhbGciOiJIUzI1NiIsInR5cCI6IkpXVCJ9.eyJpZCI6OTk4LCJyb2xlIjoidXNlciIsImlhdCI6MTcwNDIwOTIwNywiZXhwIjoxNzM1NzQ1MjA3fQ.UV2Ui39M5A4ed6TOGAoXQHg4K-Li2P3BvX69JyydHDc"
            },
            "coords": [
                [
                    13.00802,
                    55.60231
                ],
                [
                    13.00804,
                    55.60233
                ],
                [
                    13.008,
                    55.60234
                ],
                [
                    13.00803,
                    55.60239
                ],
                [
                    13.00794,
                    55.60245
                ],
                [
                    13.00793,
                    55.60246
                ],
                [
                    13.00623,
                    55.60192
                ],
                [
                    13.00619,
                    55.6019
                ],
                [
                    13.0062,
                    55.60186
                ],
                [
                    13.00611,
                    55.60183
                ],
                [
                    13.00595,
                    55.60191
                ],
                [
                    13.00587,
                    55.60199
                ],
                [
                    13.0058,
                    55.60207
                ],
                [
                    13.00578,
                    55.60208
                ],
                [
                    13.00539,
                    55.60249
                ],
                [
                    13.00518,
                    55.60271
                ],
                [
                    13.0051,
                    55.60279
                ],
                [
                    13.00502,
                    55.60288
                ],
                [
                    13.00496,
                    55.60294
                ],
                [
                    13.00492,
                    55.60301
                ],
                [
                    13.00469,
                    55.60363
                ],
                [
                    13.00465,
                    55.60372
                ],
                [
                    13.00464,
                    55.60386
                ],
                [
                    13.00459,
                    55.60457
                ],
                [
                    13.00468,
                    55.60457
                ],
                [
                    13.00468,
                    55.6046
                ],
                [
                    13.00526,
                    55.60465
                ],
                [
                    13.00558,
                    55.60469
                ]
            ]
        }
    ]
}