"bike_id","start_point"
"1","[18.054497410579142,59.3220087263335]"
"2","[18.021621847405356,59.34711450058412]"
"3","[18.072249631099666,59.31802765277753]"
"4","[18.052776619931667,59.34554509064986]"
"5","[18.006220613862062,59.32879203011953]"
