"bike_id","start_point"
"1","[18.097287098566127,59.329213963868554]"
"2","[18.026099492288562,59.38599389762422]"
"3","[18.050856267223317,59.35249615581173]"
"4","[18.069300749317637,59.36665001130051]"
"5","[18.052446191572464,59.367328189442254]"
