"bike_id","city_id","start_point"
"1","STHLM","[18.06466,59.31557]"
"2","STHLM","[18.03281,59.34701]"
"3","STHLM","[18.03116,59.34397]"
"4","STHLM","[18.05919,59.30669]"
"5","STHLM","[18.04407,59.33946]"
"6","STHLM","[18.03244,59.35141]"
"7","STHLM","[18.00323,59.33696]"
"8","STHLM","[18.07855,59.33765]"
"9","STHLM","[18.02827,59.34402]"
"10","STHLM","[18.02276,59.34486]"
